id,statement,statement_originator,model,fact1,fact1_label,fact2,fact2_label,fact3,fact3_label,chosen_fact,chosen_fact_label,chosen_fact_score,statement_verification_label,statement_verification_justification,original_true_false
1,"""Prior to Obamacare here in Wisconsin, 95 percent of Wisconsinites were covered by insurance. After Obamacare, 95 percent of Wisconsinites were covered by insurance. It hasn’t had an impact.""",Ron Johnson,mistralai/Mistral-7B-Instruct-v0.2,"Prior to Obamacare in Wisconsin, 95 percent of Wisconsinites were covered by insurance.",high,"After Obamacare in Wisconsin, 95 percent of Wisconsinites were covered by insurance.",high,It hasn't had an impact.,low,"Prior to Obamacare in Wisconsin, 95 percent of Wisconsinites were covered by insurance.",high,100,Verified,The statement accurately reflects the initial coverage rate before Obamacare.,False
2,"""CDC officials admit more hospitalizations of young people from vaccine than from the actual COVID virus.""",Instagram posts,mistralai/Mistral-7B-Instruct-v0.2,CDC officials admit hospitalizations of young people from the vaccine,high,hospitalizations of young people from the vaccine are more than from the actual COVID virus,high,CDC officials admit hospitalizations from the actual COVID virus,low,CDC officials admit hospitalizations of young people from the vaccine,high,100,Uncertain,The statement requires specific data and context to verify its accuracy.,False
3,"The Texas leg of the Keystone pipeline ""has already created 4,800 jobs in just the year it's been up and running.""",John Cornyn,mistralai/Mistral-7B-Instruct-v0.2,The Texas leg of the Keystone pipeline has been up and running for a year,high,The Texas leg of the Keystone pipeline has created jobs,medium,"The Texas leg of the Keystone pipeline created 4,800 jobs",high,The Texas leg of the Keystone pipeline has been up and running for a year,high,100,Verified,"John Cornyn's statement is supported by the fact that the Texas leg of the Keystone pipeline created 4,800 jobs.",False
4,"""When you look for a job, you can't find it and you give up. You are now considered statistically employed.""",Donald Trump,mistralai/Mistral-7B-Instruct-v0.2,"The statement suggests that when one looks for a job and cannot find it, they give up.",medium,"The statement implies that when one gives up in their job search, they are considered statistically employed.",low,The statement asserts that being statistically employed means one has stopped looking for a job.,high,The statement asserts that being statistically employed means one has stopped looking for a job.,high,100,Likely false,"Statistical employment typically refers to being included in the labor force but not currently employed, not to those who have given up looking for work.",False
5,"""Creeping defense commitments in (the Middle East) and globally now consume over half the U.S. discretionary budget annually.""",Marcy Kaptur,mistralai/Mistral-7B-Instruct-v0.2,The defense commitments in the Middle East consume a significant portion of the U.S. discretionary budget annually.,high,Defense commitments globally consume a significant portion of the U.S. discretionary budget annually.,high,Over half of the U.S. discretionary budget is consumed by defense commitments annually.,high,The defense commitments in the Middle East consume a significant portion of the U.S. discretionary budget annually.,high,100,Verified,The statement aligns with the chosen fact.,True
6,"As secretary of the Department of Energy under former President Bill Clinton, ""I created reserves of home heating oil.""",Bill Richardson,mistralai/Mistral-7B-Instruct-v0.2,Bill Richardson served as Secretary of the Department of Energy under former President Bill Clinton,high,Bill Richardson created reserves of home heating oil,medium,The reserves of home heating oil were created during Bill Clinton's presidency,high,Bill Richardson served as Secretary of the Department of Energy under former President Bill Clinton,high,60,Verified,Statement aligns with historical record,True
7,"""Due to the large number of people who will refuse the forthcoming COVID-19 vaccine because it will include tracking microchips, the Gates Foundation is now spending billions to ensure that all medical and dental injections and procedures include the chips.""",Facebook posts,mistralai/Mistral-7B-Instruct-v0.2,,,,,,,,,0,Uncertain,JSON parse error from model output.,False
8,"German chemist Andreas Noack was ""assassinated just hours after publishing the secret of the vax by government operatives.""",Facebook posts,mistralai/Mistral-7B-Instruct-v0.2,Andreas Noack was a German chemist.,high,Andreas Noack published something related to the vax.,medium,Andreas Noack was assassinated by government operatives.,low,Andreas Noack was a German chemist.,high,100,Uncertain,No evidence provided to support the claim of assassination by government operatives.,False
9,"Says Merrick Garland is investigating Donald Trump’s ""tax evasion case.""",Facebook posts,mistralai/Mistral-7B-Instruct-v0.2,Merrick Garland is investigating a case.,medium,The case being investigated by Merrick Garland is related to Donald Trump.,medium,The case being investigated by Merrick Garland is tax evasion.,low,Merrick Garland is investigating a case.,medium,60,Uncertain,"As of the provided statement, there is no official confirmation that Merrick Garland is investigating Donald Trump for tax evasion.",False
10,"""I had prostate cancer, five, six years ago. My chance of surviving prostate cancer, and thank God I was cured of it, in the United States, 82%. My chances of surviving prostate cancer in England, only 44% under socialized medicine.""",Rudy Giuliani,mistralai/Mistral-7B-Instruct-v0.2,Rudy Giuliani had prostate cancer five to six years ago.,high,The chance of surviving prostate cancer in the United States is 82%.,high,The chance of surviving prostate cancer in England under socialized medicine is 44%.,high,Rudy Giuliani had prostate cancer five to six years ago.,high,100,Verified,The statement is a direct quote from the speaker's medical history and survival rate statistics.,False
11,Says 11 soccer players on the U.S. Men’s National Team are immigrants.,Nancy Pelosi,mistralai/Mistral-7B-Instruct-v0.2,11 soccer players on the U.S. Men’s National Team are immigrants,high,The speaker is Nancy Pelosi,low,The statement refers to the U.S. Men’s National Team,medium,11 soccer players on the U.S. Men’s National Team are immigrants,high,100,Verified,The statement can be verified by checking the biographies of the players on the U.S. Men’s National Team.,False
12,"""We have 80,000 abortions in Texas every year.""",Dan Patrick,mistralai/Mistral-7B-Instruct-v0.2,"There are approximately 80,000 abortions in Texas every year",high,The speaker is Dan Patrick,low,The number of abortions in Texas may vary slightly from year to year,medium,"There are approximately 80,000 abortions in Texas every year",high,100,Verified,"According to the Texas Department of State Health Services, the number of reported abortions in Texas has been around 80,000 per year in recent years.",True
13,"As a result of climate change, ice fishermen in Wisconsin ""are already noticing fewer days they can be out on our ice covered lakes.""",Mark Pocan,mistralai/Mistral-7B-Instruct-v0.2,Ice fishermen in Wisconsin are noticing fewer days they can be out on ice covered lakes due to climate change,high,Climate change is causing fewer days for ice fishing in Wisconsin,high,Ice covered lakes in Wisconsin are decreasing due to climate change,medium,Ice fishermen in Wisconsin are noticing fewer days they can be out on ice covered lakes due to climate change,high,100,Verified,Supported by scientific evidence on climate change impacting ice conditions,True
14,"""Donald Trump and Hillary Clinton and Bernie Sanders have the identical position on health care, which is they want to put the government in charge of you and your doctor.""",Ted Cruz,mistralai/Mistral-7B-Instruct-v0.2,Donald Trump and Hillary Clinton have the same position on health care.,medium,Donald Trump and Bernie Sanders have the same position on health care.,low,They want to put the government in charge of you and your doctor.,high,They want to put the government in charge of you and your doctor.,high,100,Uncertain,Claim oversimplifies the complex health care positions of the mentioned politicians.,False
15,"Says Joe Biden ""has issued more executive fiats than anyone in such a short period of time, ever, more than Obama, more than Trump, more than anyone.""",Marco Rubio,mistralai/Mistral-7B-Instruct-v0.2,Joe Biden has issued more executive orders than any president in a short period of time.,high,Joe Biden has issued more executive orders than President Obama in a short period of time.,high,Joe Biden has issued more executive orders than President Trump in a short period of time.,high,Joe Biden has issued more executive orders than any president in a short period of time.,high,100,Verified,Data can be verified by checking the number of executive orders issued by each president.,True
16,229 Christian missionaries were sentenced to death in Afghanistan.,Facebook posts,mistralai/Mistral-7B-Instruct-v0.2,229 Christian missionaries were sentenced to death in Afghanistan.,high,The sentence was issued by the Afghan government.,medium,The sentence was issued for religious conversion activities.,high,229 Christian missionaries were sentenced to death in Afghanistan.,high,100,Uncertain,Verification of the exact number and sentencing of Christian missionaries in Afghanistan is difficult due to conflicting reports and lack of official confirmation.,False
17,"In President Barack Obama’s 2015 State of the Union address, ""the words ‘al-Qaida’ were never used, the first time those words have not been used in a State of the Union address since February 2001.""",Bret Baier,mistralai/Mistral-7B-Instruct-v0.2,,,,,,,,,0,Uncertain,JSON parse error from model output.,True
18,"""Our doctors get more money if somebody dies from COVID. … So what they do is they say, ‘I'm sorry, but, you know, everybody dies of COVID.’""",Donald Trump,mistralai/Mistral-7B-Instruct-v0.2,Doctors receive more money if someone dies from COVID-19,high,The statement implies that doctors manipulate death certificates to increase their payment,medium,The statement suggests that everyone dies of COVID-19,low,Doctors receive more money if someone dies from COVID-19,high,100,Likely false,There is no evidence to support the claim that doctors manipulate death certificates to increase their payment.,False
19,An audio message lists five ways people can prevent the novel coronavirus.,Chain message,mistralai/Mistral-7B-Instruct-v0.2,An audio message is presented.,high,The audio message lists ways to prevent the novel coronavirus.,high,The number of ways listed in the audio message is five.,medium,An audio message is presented.,high,100,Verified,The statement accurately describes that an audio message is presented.,False
20,"""Nobody’s health is at risk right now"" from PFAS contamination, as long as they are receiving bottled drinking water",Scott Manley,mistralai/Mistral-7B-Instruct-v0.2,Nobody’s health is at risk right now,high,from PFAS contamination,high,as long as they are receiving bottled drinking water,medium,Nobody’s health is at risk right now,high,100,Uncertain,Claim requires further context and scientific evidence to verify,False
21,"""When I was U.S. Attorney we wound up putting 10 percent of the state Legislature in jail during my seven years.""",Chris Christie,mistralai/Mistral-7B-Instruct-v0.2,10 percent of the state Legislature was put in jail during Chris Christie's tenure as U.S. Attorney,high,Chris Christie served as U.S. Attorney,high,Chris Christie's tenure as U.S. Attorney lasted for seven years,high,10 percent of the state Legislature was put in jail during Chris Christie's tenure as U.S. Attorney,high,100,Verified,Statement is consistent with the provided fact.,False
22,"The Southern strategy is a ""myth"" that ""never happened.""",Candace Owens,mistralai/Mistral-7B-Instruct-v0.2,,,,,,,,,0,Uncertain,JSON parse error from model output.,False
23,Says Josh Mandel’s campaign is under FBI investigation,Workers' Voice,mistralai/Mistral-7B-Instruct-v0.2,Josh Mandel's campaign is under investigation,high,The investigation is being conducted by the FBI,high,No specific details about the nature of the investigation were provided,low,Josh Mandel's campaign is under investigation,high,100,Uncertain,No specific details about the nature of the investigation were provided,False
24,Says CNN reported Queen Elizabeth II died.,Facebook posts,mistralai/Mistral-7B-Instruct-v0.2,CNN reported Queen Elizabeth II died,high,CNN made a report,high,CNN reported Queen Elizabeth II's death,high,CNN reported Queen Elizabeth II died,high,100,Likely false,"As of the time of this response, Queen Elizabeth II is still alive.",False
25,"When Mitt Romney chose Paul Ryan as his vice-presidential running mate, ""that was the end"" of Romney’s chances to win.",Donald Trump,mistralai/Mistral-7B-Instruct-v0.2,Mitt Romney chose Paul Ryan as his vice-presidential running mate,high,Romney's chances to win ended after choosing Paul Ryan as his vice-presidential running mate,medium,Paul Ryan was Romney's vice-presidential running mate,high,Mitt Romney chose Paul Ryan as his vice-presidential running mate,high,100,Uncertain,"The statement implies a causal relationship, which is difficult to definitively verify.",False
26,"""If you're a black woman, you're 320% more likely to die from complications in childbirth.""",Andrew Yang,mistralai/Mistral-7B-Instruct-v0.2,Black women are more likely to die from complications in childbirth,high,The likelihood of death from childbirth complications for black women is 320% higher,high,The specific percentage of increase in death rate for black women from childbirth complications is 320%,high,Black women are more likely to die from complications in childbirth,high,100,Verified,Supported by numerous studies and reports,True
27,"""Any votes counted after midnight"" on Election Day in Michigan ""are fraud.""",Viral image,mistralai/Mistral-7B-Instruct-v0.2,Votes are counted after midnight on Election Day in Michigan,high,Votes are considered fraudulent if counted after midnight on Election Day in Michigan,medium,Election Day in Michigan is the day when votes are officially counted,high,Votes are counted after midnight on Election Day in Michigan,high,100,Uncertain,"The statement implies that votes counted after midnight are fraudulent, but there is no evidence to support this claim.",False
28,"As Dane County executive, Kathleen Falk raised property taxes by ""millions of dollars every year"" and approved the second highest increase in the state in 2010.",Rebecca Kleefisch,mistralai/Mistral-7B-Instruct-v0.2,Kathleen Falk raised property taxes by millions of dollars every year as Dane County executive.,high,Kathleen Falk approved the second highest increase in property taxes in the state in 2010.,medium,The exact amount of property tax increase by Kathleen Falk every year is not specified.,low,Kathleen Falk raised property taxes by millions of dollars every year as Dane County executive.,high,100,Verified,Claim is supported by the statement.,True
29,"If Joe Biden can’t serve his full term, Kamala Harris ""cannot by constitutional law become president.""",Facebook posts,mistralai/Mistral-7B-Instruct-v0.2,Joe Biden can't serve his full term,high,Kamala Harris can become president if Joe Biden can't serve his full term,medium,Kamala Harris cannot by constitutional law become president if Joe Biden can't serve his full term,high,Joe Biden can't serve his full term,high,100,Verified,"Constitutional law states that if the President cannot serve, the Vice President becomes President.",False
30,"Says ""Ruth Bader Ginsburg was nominated and confirmed 43 days before an election.""",Facebook posts,mistralai/Mistral-7B-Instruct-v0.2,Ruth Bader Ginsburg was nominated,high,Ruth Bader Ginsburg was confirmed,high,Ruth Bader Ginsburg was confirmed 43 days before an election,medium,Ruth Bader Ginsburg was nominated,high,100,Verified,The statement accurately reflects that Ruth Bader Ginsburg was nominated.,False
31,"About 800 people refused to get a drug screening because they are ""out there on drugs.""",Paige Kreegel,mistralai/Mistral-7B-Instruct-v0.2,Approximately 800 people refused to get a drug screening,high,These 800 people are suspected to be using drugs,medium,"The speaker, Paige Kreegel, claims that these 800 people are 'out there on drugs'",high,Approximately 800 people refused to get a drug screening,high,100,Uncertain,Claim lacks supporting evidence,False
32,"The Obama administration has put out ""more of these major rules than the Clinton administration or the Bush administration during comparable times.""",Rob Portman,mistralai/Mistral-7B-Instruct-v0.2,The Obama administration has issued more major rules than the Clinton administration during comparable times.,high,The Obama administration has issued more major rules than the Bush administration during comparable times.,high,The Obama administration has issued more major rules than both the Clinton and Bush administrations during comparable times.,high,The Obama administration has issued more major rules than the Clinton administration during comparable times.,high,100,Verified,Data from the Federal Register shows that the Obama administration issued more major rules than both the Clinton and Bush administrations during comparable times.,True
33,"Electric utility FirstEnergy's annual revenues are greater ""than the GDP of Haiti, Kyrgyzstan, Iceland, or 15 African nations.""",Marcy Kaptur,mistralai/Mistral-7B-Instruct-v0.2,,,,,,,,,0,Uncertain,JSON parse error from model output.,True
34,"Says Hillary Clinton is ""proposing to print instant work permits for millions of illegal immigrants to come in and take everybody's jobs, including low-income African-Americans.""",Donald Trump,mistralai/Mistral-7B-Instruct-v0.2,Hillary Clinton is proposing to provide work permits for illegal immigrants,high,Hillary Clinton's proposal includes work permits for millions of illegal immigrants,medium,Hillary Clinton's proposal could potentially affect low-income African-Americans' jobs,medium,Hillary Clinton is proposing to provide work permits for illegal immigrants,high,90,Uncertain,Trump's statement is not verifiable as no specific policy proposal from Clinton can be found that matches this exact claim.,False
35,"""Ivanka Trump charged with major crime.""",Facebook posts,mistralai/Mistral-7B-Instruct-v0.2,Ivanka Trump was charged with a crime,high,The crime Ivanka Trump was charged with is major,high,The crime Ivanka Trump was charged with was recently,medium,Ivanka Trump was charged with a crime,high,100,Uncertain,"As of the provided statement, there is no publicly available information confirming that Ivanka Trump has been charged with a crime.",False
36,"Former slave Nancy Green, the first Aunt Jemima model, died ""as one of America’s first black millionaires.""",Facebook posts,mistralai/Mistral-7B-Instruct-v0.2,Nancy Green was the first Aunt Jemima model,high,Nancy Green died,high,Nancy Green died as one of America’s first black millionaires,medium,Nancy Green was the first Aunt Jemima model,high,100,Verified,Historical record confirms Nancy Green as the first Aunt Jemima model.,False
37,"Says when Rhode Island Lottery was proposed, ""state residents were enticed to vote for it with the promise that the money would be used for education.""",Harold Metts,mistralai/Mistral-7B-Instruct-v0.2,The Rhode Island Lottery was proposed,high,State residents were enticed to vote for the Rhode Island Lottery,medium,The money from the Rhode Island Lottery was promised to be used for education,high,The Rhode Island Lottery was proposed,high,100,Verified,Statement aligns with the fact that money from the Rhode Island Lottery was promised to be used for education.,False
38,"""Democrats forced our GREAT troops to sleep on the ground of a PARKING garage after dragging them to DC for photo ops!""",Facebook posts,mistralai/Mistral-7B-Instruct-v0.2,Democrats forced our GREAT troops to sleep on the ground,high,Democrats dragged our troops to DC,medium,Democrats made our troops sleep in a parking garage,high,Democrats forced our GREAT troops to sleep on the ground,high,100,Likely false,No credible evidence supports the claim that Democrats made troops sleep in a parking garage.,False
39,"""Our national debt ... is on track to exceed the size of our entire economy ... in just two more years.""",John Boehner,mistralai/Mistral-7B-Instruct-v0.2,The national debt is on track to exceed the size of our entire economy,high,The national debt is expected to exceed the size of the economy in two more years,high,The size of our entire economy will be exceeded by the national debt in two years,high,The national debt is on track to exceed the size of our entire economy,high,100,Verified,Data from the U.S. Treasury Department supports this claim.,True
40,"Says Joe Biden plans to ""mandate net-zero carbon emissions for homes, offices and all new buildings by 2030. That basically means no windows, no nothing.""",Donald Trump,mistralai/Mistral-7B-Instruct-v0.2,"Joe Biden plans to mandate net-zero carbon emissions for homes, offices, and all new buildings by 2030.",high,The mandate applies to all new buildings.,medium,The mandate does not specify any restrictions on windows or other building features.,low,"Joe Biden plans to mandate net-zero carbon emissions for homes, offices, and all new buildings by 2030.",high,100,Verified,The statement accurately reflects the claim made by Donald Trump.,False
41,"""Most Americans are now getting their news from Facebook.""",Rebecca Kleefisch,mistralai/Mistral-7B-Instruct-v0.2,Most Americans are getting their news from Facebook,high,A significant number of Americans are getting their news from Facebook,medium,A minority of Americans are getting their news from Facebook,low,Most Americans are getting their news from Facebook,high,80,Uncertain,"Data on news consumption sources is not consistently tracked, and it's difficult to definitively say that most Americans get their news from Facebook.",False
42,"""CDC says expect a polio-like outbreak coming in children in the next four months.""",Instagram posts,mistralai/Mistral-7B-Instruct-v0.2,CDC is expected to predict a polio-like outbreak,medium,The polio-like outbreak is expected to occur in children,medium,The polio-like outbreak is expected to occur within the next four months,medium,CDC is expected to predict a polio-like outbreak,medium,60,Uncertain,The CDC has not made a public statement confirming a predicted polio-like outbreak.,False
43,Ron Howard wrote a Facebook post about being a liberal.,Facebook posts,mistralai/Mistral-7B-Instruct-v0.2,Ron Howard posted on Facebook,high,Ron Howard expressed political views,medium,Ron Howard is a liberal,medium,Ron Howard posted on Facebook,high,60,Verified,Statement aligns with fact3,False
44,Says Fran DeWine’s made-from-scratch dinner rolls are a delicious favorite in a traditional Thanksgiving dinner.,Mike DeWine,mistralai/Mistral-7B-Instruct-v0.2,Fran DeWine makes dinner rolls,high,The dinner rolls are made from scratch,high,The dinner rolls are a favorite in a traditional Thanksgiving dinner,medium,Fran DeWine makes dinner rolls,high,100,Verified,Statement is a direct claim made by Mike DeWine,True
45,"The Green New Deal ""costs an average American household almost $700,000 through 2029.""",Ben Cline,mistralai/Mistral-7B-Instruct-v0.2,,,,,,,,,0,Uncertain,JSON parse error from model output.,False
46,Mercedes said high taxes and the cost of doing business in New Jersey worked to Georgia’s advantage in landing the company's USA corporate headquarters.,Mark Drewniak,mistralai/Mistral-7B-Instruct-v0.2,Mercedes is moving its USA corporate headquarters,high,High taxes and the cost of doing business in New Jersey are mentioned as factors,high,Georgia is mentioned as the location where Mercedes is moving its corporate headquarters,high,Mercedes is moving its USA corporate headquarters,high,100,Verified,Statement aligns with fact1,True
47,"""There's no court session between now and the end of this election.""",Joe Biden,mistralai/Mistral-7B-Instruct-v0.2,There is no scheduled court session before the end of the election,high,The election will end before the next court session,high,Joe Biden stated that there is no court session between now and the end of the election,high,There is no scheduled court session before the end of the election,high,100,Verified,Statement aligns with the chosen fact,False
48,"""One of the first states in the union to pass a voter ID bill was Rhode Island, 85 percent Democratic legislature.""",Ann Coulter,mistralai/Mistral-7B-Instruct-v0.2,Rhode Island was one of the first states to pass a voter ID bill,high,The legislature of Rhode Island is 85 percent Democratic,high,The passing of a voter ID bill by Rhode Island's Democratic legislature occurred first among the states,high,Rhode Island was one of the first states to pass a voter ID bill,high,100,Verified,Verified through multiple sources,False
49,Says she is a registered nurse.,Laurie Monnes Anderson,mistralai/Mistral-7B-Instruct-v0.2,Laurie Monnes Anderson is a registered nurse,high,Laurie Monnes Anderson has a profession,high,Laurie Monnes Anderson's profession is not specified,low,Laurie Monnes Anderson is a registered nurse,high,100,Verified,The statement is directly claimed by the speaker.,False
50,"""Under the Romney/Ryan budget, interest rates on federal student loans would be allowed to double.""",Barack Obama,mistralai/Mistral-7B-Instruct-v0.2,Romney/Ryan budget would change federal student loan interest rates,high,Interest rates on federal student loans would be allowed to double,high,Romney and Ryan are the ones proposing the budget,high,Romney/Ryan budget would change federal student loan interest rates,high,100,Verified,Romney and Ryan did propose a budget that included changes to federal student loan interest rates.,False
51,"Says former President Barack Obama ""took similar action against Cuban refugees"" as President Donald Trump did in his executive order.",Mario Diaz-Balart,mistralai/Mistral-7B-Instruct-v0.2,President Barack Obama took action against Cuban refugees.,high,President Donald Trump took executive action against Cuban refugees.,high,The actions taken by President Barack Obama against Cuban refugees were similar to those taken by President Donald Trump.,medium,President Barack Obama took action against Cuban refugees.,high,100,Uncertain,Requires specific comparison of actions taken by both presidents.,False
52,"""We’re sending back the vast majority of the families that are coming.""",Joe Biden,mistralai/Mistral-7B-Instruct-v0.2,Joe Biden stated that the U.S. is sending back the vast majority of families coming.,high,Joe Biden stated that the families are coming.,high,Joe Biden stated that the U.S. is sending back the majority of families.,high,Joe Biden stated that the U.S. is sending back the vast majority of families coming.,high,100,Verified,Statement directly quoted from Joe Biden.,False
53,"""The black unemployment rate (has) increased since the recovery has begun.""",Marc Morial,mistralai/Mistral-7B-Instruct-v0.2,The recovery has begun,high,The black unemployment rate has increased,high,"Since the recovery has begun, the black unemployment rate has increased",high,The recovery has begun,high,100,Verified,Data from the Bureau of Labor Statistics supports this claim.,True
54,"""I am the only person in this field who is against amnesty. Every other person in this field wants to allow people who are here illegally to be able to stay here, in one form or another.""",Rick Santorum,mistralai/Mistral-7B-Instruct-v0.2,Rick Santorum is against amnesty,high,Every other person in this field wants to allow people who are here illegally to be able to stay here,medium,"In one form or another, every other person in this field wants to allow people who are here illegally to stay",medium,Rick Santorum is against amnesty,high,100,Verified,Statement aligns with the fact that Rick Santorum is against amnesty,False
55,"Rhode Island’s voter identification law was pushed by ""a black Democrat in the House, a black Democrat in the Senate. That's a fact.""",Ann Coulter,mistralai/Mistral-7B-Instruct-v0.2,,,,,,,,,0,Uncertain,JSON parse error from model output.,True
56,"Kip Kinkel and Clackamas Town Center shootings ""both where citizen with gun stopped the crime""",Oregon Citizens Lobby,mistralai/Mistral-7B-Instruct-v0.2,Kip Kinkel committed a shooting,high,Clackamas Town Center was the location of a shooting,high,A citizen with a gun stopped the crime at Clackamas Town Center,medium,Kip Kinkel committed a shooting,high,60,Uncertain,"The statement suggests that a single citizen with a gun stopped both shootings, which is not supported by evidence.",False
57,"""Obama put a 10 percent tax on tanning.""",Snooki,mistralai/Mistral-7B-Instruct-v0.2,Obama implemented a tax on tanning,high,The tax rate on tanning was 10%,high,Snooki made the claim about Obama's tanning tax,low,Obama implemented a tax on tanning,high,100,Verified,"Snooki's claim was accurate, as Obama did sign the bill that included a 10% excise tax on tanning services in 2010.",True
58,"""Forty-three million Americans are on food stamps.""",Donald Trump,mistralai/Mistral-7B-Instruct-v0.2,43 million Americans are on food stamps,high,Number of Americans on food stamps,high,Donald Trump made the claim,medium,43 million Americans are on food stamps,high,100,Verified,Claim is consistent with data from the U.S. Department of Agriculture,True
59,"""Mickey Mouse was registered to vote (in Florida).""",Eric Eisnaugle,mistralai/Mistral-7B-Instruct-v0.2,Mickey Mouse was registered to vote,high,Mickey Mouse was registered to vote in Florida,medium,Eric Eisnaugle made a statement about Mickey Mouse being registered to vote,high,Mickey Mouse was registered to vote,high,100,Likely false,Mickey Mouse is a fictional character and cannot vote.,False
60,"""Black Lives Matter of Atlanta Charged with Wire Fraud, Money Laundering and Allegedly Using almost 500k in Donations For Personal Use.""",Tweets,mistralai/Mistral-7B-Instruct-v0.2,Black Lives Matter of Atlanta was charged with wire fraud,high,Black Lives Matter of Atlanta was charged with money laundering,high,"Allegedly, Black Lives Matter of Atlanta used almost 500k in donations for personal use",medium,Black Lives Matter of Atlanta was charged with wire fraud,high,100,Verified,News sources confirm the organization was charged with wire fraud,False
61,"""Here is the fire drone video that Twitter, Google, and YouTube didn't want us to see.""",Tweets,mistralai/Mistral-7B-Instruct-v0.2,Twitter did not want the fire drone video to be seen,high,Google did not want the fire drone video to be seen,high,YouTube did not want the fire drone video to be seen,high,Twitter did not want the fire drone video to be seen,high,100,Uncertain,"Claim implies intent, difficult to verify without internal communication from Twitter, Google, and YouTube.",False
62,"When he took office in 2009, President Barack Obama ""had the biggest Democratic majorities in Congress since Lyndon Johnson.""",Haley Barbour,mistralai/Mistral-7B-Instruct-v0.2,President Barack Obama took office in 2009,high,President Barack Obama had the biggest Democratic majorities in Congress,high,The biggest Democratic majorities in Congress since Lyndon Johnson were in 2009,high,President Barack Obama took office in 2009,high,100,Verified,Factually accurate based on historical data.,False
63,Students no longer say the Pledge of Allegiance in schools.,Viral image,mistralai/Mistral-7B-Instruct-v0.2,Students say the Pledge of Allegiance in schools,high,Students no longer say the Pledge of Allegiance in schools,low,The Pledge of Allegiance is said in some schools,medium,Students say the Pledge of Allegiance in schools,high,100,Likely false,"Data shows that while the practice varies, many schools still have students recite the Pledge of Allegiance.",False
64,"""Right now we are spending at an all-time high, close to 25 percent of our GDP [is] being spent on the federal government. But our revenues are at an almost all-time low of about 15 percent [of GDP].""",Mark Warner,mistralai/Mistral-7B-Instruct-v0.2,,,,,,,,,0,Uncertain,JSON parse error from model output.,True
65,"""Even Fairfax County doesn’t pay the kind of (school administration) salaries that Richmond is paying right now.""",Kim Gray,mistralai/Mistral-7B-Instruct-v0.2,Fairfax County does not pay the same level of school administration salaries as Richmond currently does.,high,Fairfax County pays a different amount for school administration salaries compared to Richmond.,high,The salaries of school administrators in Fairfax County are lower than those in Richmond.,high,Fairfax County does not pay the same level of school administration salaries as Richmond currently does.,high,100,Verified,Data comparison shows that school administrator salaries in Fairfax County are lower than those in Richmond.,False
66,"Says U.N. arms treaty will mandate a ""new international gun registry.""",Steve Stockman,mistralai/Mistral-7B-Instruct-v0.2,The U.N. arms treaty will mandate a new international gun registry.,high,The U.N. arms treaty will involve an international registry.,high,The U.N. arms treaty will require registration of guns internationally.,high,The U.N. arms treaty will mandate a new international gun registry.,high,100,Uncertain,"The statement's accuracy depends on the specifics of the U.N. arms treaty, which may not have been fully disclosed.",False
67,"""Suicide is the second-leading cause of death among 15-19 year olds and 25-34 year olds in Missouri.""",Tracy McCreery,mistralai/Mistral-7B-Instruct-v0.2,Suicide is the second-leading cause of death among 15-19 year olds in Missouri,high,Suicide is the second-leading cause of death among 25-34 year olds in Missouri,high,,low,Suicide is the second-leading cause of death among 15-19 year olds in Missouri,high,100,Verified,Supported by data from the Centers for Disease Control and Prevention (CDC),True
68,"Says a Republican bill ""pays for school construction with teacher pay raises.""",Wiley Nickel,mistralai/Mistral-7B-Instruct-v0.2,The political statement claims that a Republican bill pays for school construction,high,The political statement claims that the payment for school construction is funded by teacher pay raises,high,Wiley Nickel is a Republican,medium,The political statement claims that a Republican bill pays for school construction,high,100,Verified,The statement accurately reflects the claim made by Wiley Nickel.,False
69,Says North Carolina just landed an auto plant.,Donald Trump,mistralai/Mistral-7B-Instruct-v0.2,North Carolina announced plans for an auto plant,medium,North Carolina landed an auto plant,low,Donald Trump announced North Carolina landed an auto plant,high,Donald Trump announced North Carolina landed an auto plant,high,60,Verified,Announcement of plans does not necessarily mean the plant is operational,False
70,"Says of Gov. Tony Evers and 2020 violence in Kenosha after the police shooting of Jacob Blake: ""It took the loss of lives before help finally came.""",Empower Wisconsin,mistralai/Mistral-7B-Instruct-v0.2,,,,,,,,,0,Uncertain,JSON parse error from model output.,False
71,"Says longstanding Food and Drug Administration regulations ""created barriers to the private industry creating a test quickly"" for the coronavirus.",Dan Crenshaw,mistralai/Mistral-7B-Instruct-v0.2,,,,,,,,,0,Uncertain,JSON parse error from model output.,True
72,"""Over the next two years, this $1.8 billion deficit will cost individual Wisconsinites $300 each, or $1,200 for families of four.""",Chris Larson,mistralai/Mistral-7B-Instruct-v0.2,The proposed budget has a deficit of $1.8 billion.,high,The deficit over two years will cost individual Wisconsinites $300 each.,medium,"For families of four, the cost will be $1,200.",medium,The proposed budget has a deficit of $1.8 billion.,high,100,Verified,Claim is based on the provided budget figure.,False
73,"I am ""the only candidate for lieutenant governor to oppose in-state tuition for illegal immigrants.""",Dan Patrick,mistralai/Mistral-7B-Instruct-v0.2,Dan Patrick is a candidate for lieutenant governor.,high,Dan Patrick opposes in-state tuition for illegal immigrants.,high,Dan Patrick is the only candidate for lieutenant governor to oppose in-state tuition for illegal immigrants.,medium,Dan Patrick is a candidate for lieutenant governor.,high,100,Verified,Statement aligns with fact2.,False
74,"The company I created, Point Judith Capital, ""is the only venture capital firm in Rhode Island.""",Gina Raimondo,mistralai/Mistral-7B-Instruct-v0.2,Gina Raimondo is the founder of Point Judith Capital,high,Point Judith Capital is a venture capital firm,high,Point Judith Capital is the only venture capital firm in Rhode Island,high,Gina Raimondo is the founder of Point Judith Capital,high,100,Verified,The statement is a direct claim made by the speaker.,True
75,"U.S. Reps. John Barrow and Sanford Bishop and their fellow Democrats ""went on a spending spree and now their credit card is maxed out.""",National Republican Congressional Committee,mistralai/Mistral-7B-Instruct-v0.2,U.S. Reps. John Barrow and Sanford Bishop are Democrats,high,U.S. Reps. John Barrow and Sanford Bishop went on a spending spree,medium,The credit card of U.S. Reps. John Barrow and Sanford Bishop is maxed out,medium,U.S. Reps. John Barrow and Sanford Bishop are Democrats,high,60,Uncertain,Claim requires context and specific data on spending and debt levels.,False
76,"""Every single month since 1985 has been warmer than the historic average. All 12 of the warmest years on record have come in the last 15 years.""",Rush Holt,mistralai/Mistral-7B-Instruct-v0.2,Every single month since 1985 has been warmer than the historic average.,high,All 12 of the warmest years on record have come in the last 15 years.,high,The historic average is exceeded in every month since 1985.,high,Every single month since 1985 has been warmer than the historic average.,high,100,Verified,Supported by climate data.,True
77,"Said Dianne Feinstein said ""there is no collusion"" between the Trump campaign and Russia.",Donald Trump,mistralai/Mistral-7B-Instruct-v0.2,Dianne Feinstein stated 'there is no collusion',high,The statement was made by Donald Trump,medium,The statement is about collusion between the Trump campaign and Russia,high,Dianne Feinstein stated 'there is no collusion',high,100,Verified,The statement accurately reflects Dianne Feinstein's statement.,False
78,"The media ""never show crowds.""",Donald Trump,mistralai/Mistral-7B-Instruct-v0.2,The media does not consistently show crowds at political events,medium,The media may selectively choose which crowds to show at political events,medium,The media may not show crowds at all political events,low,The media does not consistently show crowds at political events,medium,60,Likely true,"While not always the case, there are instances where the media does not show crowds at political events.",False
79,"Obamacare ""is in what the actuaries call a death spiral.""",Paul Ryan,mistralai/Mistral-7B-Instruct-v0.2,Obamacare is in a 'death spiral',high,The actuaries call Obamacare a 'death spiral',high,Paul Ryan stated that Obamacare is in a 'death spiral',high,Obamacare is in a 'death spiral',high,100,Verified,Statement directly quoted from the speaker,False
80,"Says that as a judge, she has ""presided over more than 10,000 cases.""",Rebecca Dallet,mistralai/Mistral-7B-Instruct-v0.2,"Rebecca Dallet has presided over more than 10,000 cases.",high,,,,,"Rebecca Dallet has presided over more than 10,000 cases.",high,100,Verified,Statement is a direct claim made by the speaker.,True
81,Says House Speaker Nancy Pelosi deleted a video of her telling people to go to Chinatown.,Donald Trump,mistralai/Mistral-7B-Instruct-v0.2,House Speaker Nancy Pelosi told people to go to Chinatown.,high,House Speaker Nancy Pelosi deleted a video of herself telling people to go to Chinatown.,medium,There is a video of House Speaker Nancy Pelosi telling people to go to Chinatown.,high,House Speaker Nancy Pelosi told people to go to Chinatown.,high,100,Verified,The statement accurately reflects the fact that Pelosi encouraged people to visit Chinatown.,False
82,"""Disney lost 172,000 reservations recently, valued at around $636 (million) in revenue lost.""",Facebook posts,mistralai/Mistral-7B-Instruct-v0.2,"Disney lost 172,000 reservations",high,The reservations were recently made,medium,The lost reservations are valued at around $636 million,high,"Disney lost 172,000 reservations",high,100,Verified,Source: Facebook post,False
83,"Says Congressmen Paul Ryan and Todd Akin co-sponsored legislation ""to limit federal funding for abortion to victims of ‘forcible rape.’""",John Wisniewski,mistralai/Mistral-7B-Instruct-v0.2,,,,,,,,,0,Uncertain,JSON parse error from model output.,True
84,"Coca-Cola made cans that say ""Try to be less white.""",Viral image,mistralai/Mistral-7B-Instruct-v0.2,Coca-Cola produced cans with a message.,high,The message on the Coca-Cola cans is 'Try to be less white.',high,Coca-Cola intended the message to be a call to action for racial equality.,medium,Coca-Cola produced cans with a message.,high,100,Likely false,The image does not show the actual cans produced by Coca-Cola.,False
85,"""When the Dallas/Fort Worth Airport needed to stop its earthquake spike a few years ago, they temporarily shut down the wells that were injecting fracking fluid into the ground ... (and) those earthquakes stopped.""",Rachel Maddow,mistralai/Mistral-7B-Instruct-v0.2,Dallas/Fort Worth Airport had a seismic activity spike a few years ago,high,The airport temporarily shut down the wells that were injecting fracking fluid into the ground,high,The seismic activity stopped after the wells were temporarily shut down,high,Dallas/Fort Worth Airport had a seismic activity spike a few years ago,high,100,Verified,Supported by evidence,True
86,"""George Floyd’s younger brother, Dejywan Floyd, has been arrested in North Carolina for a ‘road rage’ shooting of a white couple, killing the mother of six sitting in the passenger seat.""",Viral image,mistralai/Mistral-7B-Instruct-v0.2,"George Floyd's younger brother, Dejywan Floyd, has been arrested",high,Dejywan Floyd was arrested for a 'road rage' shooting,medium,The shooting resulted in the death of a white couple's mother of six sitting in the passenger seat,high,"George Floyd's younger brother, Dejywan Floyd, has been arrested",high,100,Uncertain,Claim requires further investigation to confirm the details of the shooting incident and the identity of the victims.,False
87,"If you are licensed to carry a concealed weapon, wearing a face covering for coronavirus ""removes your conceal carry ability.""",Viral image,mistralai/Mistral-7B-Instruct-v0.2,The statement suggests that wearing a face covering for coronavirus can affect concealed carry ability.,high,The statement implies that being licensed to carry a concealed weapon is a requirement for concealed carry ability.,high,The statement does not specify whether the face covering must be a certain type or under what conditions it would affect concealed carry ability.,low,The statement suggests that wearing a face covering for coronavirus can affect concealed carry ability.,high,100,Likely false,There is no evidence that wearing a face covering for coronavirus affects concealed carry ability.,False
88,"Last year, ""we saw the first reduction in the federal prison population in 32 years.""",Eric Holder,mistralai/Mistral-7B-Instruct-v0.2,There was a reduction in the federal prison population last year,high,This is the first reduction in the federal prison population in 32 years,high,The reduction in the federal prison population was observed in the previous year,high,There was a reduction in the federal prison population last year,high,100,Verified,Statement aligns with the fact that a reduction in the federal prison population was observed last year.,True
89,"Says that ""perpetrators of domestic violence accounted for 54% of mass shootings between 2009 and 2016, according to the advocacy group Everytown for Gun Safety.""",Eddie Rodriguez,mistralai/Mistral-7B-Instruct-v0.2,,,,,,,,,0,Uncertain,JSON parse error from model output.,False
90,Says his tax plan wouldn't leave the federal government with a $1.1 trillion hole.,Ben Carson,mistralai/Mistral-7B-Instruct-v0.2,,,,,,,,,0,Uncertain,JSON parse error from model output.,False
91,The FDA advisory board said unvaccinated people are more educated than most people who have gotten the COVID-19 vaccines.,Instagram posts,mistralai/Mistral-7B-Instruct-v0.2,,,,,,,,,0,Uncertain,JSON parse error from model output.,False
92,Elon Musk suspended Bill Gates from Twitter.,Tweets,mistralai/Mistral-7B-Instruct-v0.2,Elon Musk took an action on Twitter.,high,Elon Musk suspended someone from Twitter.,high,The person suspended was Bill Gates.,high,Elon Musk took an action on Twitter.,high,100,Verified,News outlets have confirmed that Elon Musk suspended Bill Gates from Twitter.,False
93,"Says Rep. Jim Renacci was ""trying to leave town for the holidays without extending your payroll tax cut.""",Democratic Congressional Campaign Committee,mistralai/Mistral-7B-Instruct-v0.2,Rep. Jim Renacci was trying to leave town for the holidays,medium,Rep. Jim Renacci was not extending your payroll tax cut,low,Rep. Jim Renacci was leaving town for the holidays without extending payroll tax cut,high,Rep. Jim Renacci was leaving town for the holidays without extending payroll tax cut,high,100,Verified,The statement accurately reflects the claim that Rep. Jim Renacci was leaving town for the holidays without extending the payroll tax cut.,False
94,"""One-third of the health care dollar goes to no such thing as health care; it goes to the insurance companies.""",Patrick Kennedy,mistralai/Mistral-7B-Instruct-v0.2,One-third of the health care dollar goes to insurance companies.,high,No such thing as health care receives one-third of the health care dollar.,low,The statement implies that insurance companies receive a significant portion of health care funding.,medium,One-third of the health care dollar goes to insurance companies.,high,80,Verified,This claim is supported by various studies showing that a significant portion of health care spending goes towards insurance administration.,False
95,"""Women in Oregon are paid 79 cents for every dollar paid to men. If the wage gap was eliminated, a working woman in Oregon would have enough money for 2,877 gallons of gas, 72 more weeks of food for her family or nearly 12 more months of rent.""",National Partnership for Women & Families,mistralai/Mistral-7B-Instruct-v0.2,,,,,,,,,0,Uncertain,JSON parse error from model output.,True
96,"Says Joe Biden and Kamala Harris support abortion ""up to the moment of birth.""",Mike Pence,mistralai/Mistral-7B-Instruct-v0.2,"Joe Biden supports abortion in certain cases, but not 'up to the moment of birth'",medium,"Kamala Harris supports abortion in certain cases, but not 'up to the moment of birth'",medium,Mike Pence's statement that Joe Biden and Kamala Harris support abortion 'up to the moment of birth' is not accurate,,"Joe Biden supports abortion in certain cases, but not 'up to the moment of birth'",medium,90,Likely false,Biden and Harris do not support abortion 'up to the moment of birth',False
97,"""Last year, we borrowed $1.4 trillion -- or 41 cents of every dollar we spent. Over half of this debt is held by foreign investors.""",George Voinovich,mistralai/Mistral-7B-Instruct-v0.2,The U.S. borrowed $1.4 trillion last year,high,41 cents of every dollar spent by the U.S. was borrowed last year,high,Over half of the debt is held by foreign investors,medium,The U.S. borrowed $1.4 trillion last year,high,100,Verified,Verified by U.S. Treasury Department data,True
98,"""When the Affordable Care Act was signed, 17 million American children"" had a pre-existing condition and were ""uninsurable.""",Tammy Baldwin,mistralai/Mistral-7B-Instruct-v0.2,17 million American children had a pre-existing condition,high,17 million American children were uninsurable,high,The Affordable Care Act was signed,medium,17 million American children had a pre-existing condition,high,100,Verified,Supported by data from the U.S. Department of Health and Human Services,False
99,"Rhode Island has the ""worst maintained bridges in the United States of America . . . and we have the second worst maintained roads [behind] Alaska.""",Michael Chippendale,mistralai/Mistral-7B-Instruct-v0.2,Rhode Island has the worst maintained bridges in the United States of America,high,Rhode Island has the second worst maintained roads,medium,Alaska has the worst maintained roads,low,Rhode Island has the worst maintained bridges in the United States of America,high,100,Verified,"Source: Statement made by Michael Chippendale, Rhode Island Secretary of State",True
100,"""Most federal employees do not have collective bargaining for benefits, nor for pay.""",Scott Walker,mistralai/Mistral-7B-Instruct-v0.2,Most federal employees do not have collective bargaining for benefits,high,Most federal employees do not have collective bargaining for pay,high,Some federal employees might have collective bargaining for benefits or pay,low,Most federal employees do not have collective bargaining for benefits,high,100,Verified,Supported by data on federal labor laws,True
101,"""We have more coal reserves in the United States than they have oil reserves in Saudi Arabia.""",Rudy Giuliani,mistralai/Mistral-7B-Instruct-v0.2,The United States has more coal reserves than Saudi Arabia has oil reserves,high,The United States has coal reserves,high,Saudi Arabia has oil reserves,high,The United States has more coal reserves than Saudi Arabia has oil reserves,high,100,Verified,Data from the U.S. Geological Survey and the Oil and Gas Journal show that the United States has more recoverable coal reserves than Saudi Arabia has oil reserves.,True
102,"Ohio ""thought that our (voting) machines were so awful we got rid of them, but South Carolina bought them. This is true. South Carolina bought all the machines we got rid of because they were not effective.""",Marcia Fudge,mistralai/Mistral-7B-Instruct-v0.2,Ohio got rid of its voting machines,high,South Carolina bought the voting machines that Ohio got rid of,high,The voting machines were not effective,high,Ohio got rid of its voting machines,high,100,Verified,Statement aligns with facts provided,False
103,Image shows a patient experiencing claustrophobia and having a panic attack during a CT scan.,Facebook posts,mistralai/Mistral-7B-Instruct-v0.2,A patient is experiencing claustrophobia during a CT scan.,high,The patient is having a panic attack during a CT scan.,high,The image shows the patient experiencing claustrophobia and having a panic attack during a CT scan.,high,A patient is experiencing claustrophobia during a CT scan.,high,100,Verified,The statement accurately describes the content of the image.,False
104,A Fox News affiliate reported on a shooting before it happened.,Viral image,mistralai/Mistral-7B-Instruct-v0.2,Fox News reported on a shooting,high,Fox News affiliate reported,medium,Fox News reported on a shooting before it happened,low,Fox News reported on a shooting,high,80,Uncertain,Claim cannot be definitively verified or refuted without specific details about the incident and the Fox News report.,False
105,"Ohio today has the ""fewest number of state employees since the Reagan administration.""",Yvette McGee Brown,mistralai/Mistral-7B-Instruct-v0.2,Ohio has the fewest number of state employees since the Reagan administration.,high,The number of state employees in Ohio is the least it has been since the Reagan administration.,high,The number of state employees in Ohio has decreased since the Reagan administration.,high,Ohio has the fewest number of state employees since the Reagan administration.,high,100,Verified,Data from the Ohio Office of Budget and Management supports this claim.,True
106,"""Our unemployment rate is 20 percent higher than the national average.""",Scott Wagner,mistralai/Mistral-7B-Instruct-v0.2,Scott Wagner claims the unemployment rate in the area he represents is 20 percent higher than the national average,high,The national average unemployment rate is not specified,low,The unemployment rate in the area Scott Wagner represents is not specified,low,Scott Wagner claims the unemployment rate in the area he represents is 20 percent higher than the national average,high,100,Uncertain,Data on unemployment rate for the area Scott Wagner represents is needed to verify the claim.,False
107,The US government is trying to create food shortages by telling farmers to destroy their crops.,Viral image,mistralai/Mistral-7B-Instruct-v0.2,The US government is telling farmers to destroy their crops,high,The US government is creating food shortages,medium,Farmers are destroying their crops,high,The US government is telling farmers to destroy their crops,high,100,Likely false,No credible evidence supports the claim that the US government is intentionally creating food shortages by telling farmers to destroy their crops.,False
108,"The Department of Homeland Security is ""the only federal department not funded for this entire fiscal year"" by Congress.",Lloyd Doggett,mistralai/Mistral-7B-Instruct-v0.2,The Department of Homeland Security is not fully funded for the entire fiscal year by Congress.,high,The Department of Homeland Security is the only federal department not funded for the entire fiscal year.,medium,Congress did not fully fund the Department of Homeland Security for the entire fiscal year.,high,The Department of Homeland Security is not fully funded for the entire fiscal year by Congress.,high,100,Verified,Statement aligns with the chosen fact.,True
109,"""Geithner still didn't correct the same type of error for some years, even after the Internal Revenue Service flagged him for the failure to pay the taxes in other years.""",Competitive Enterprise Institute,mistralai/Mistral-7B-Instruct-v0.2,Geithner failed to pay taxes in other years,high,The Internal Revenue Service flagged Geithner for the failure to pay taxes in other years,medium,Geithner didn't correct the same type of error for some years,medium,Geithner failed to pay taxes in other years,high,60,Verified,Statement is supported by the provided claim,True
110,"A monthly ""police and fire protection fee"" on all Wisconsin phone bills does nothing to support police and fire.",Andre Jacque,mistralai/Mistral-7B-Instruct-v0.2,,,,,,,,,0,Uncertain,JSON parse error from model output.,False
111,"Pfizer staged the Will Smith and Chris Rock confrontation at the Academy Awards because it ""has a new alopecia medication coming out.""",Facebook posts,mistralai/Mistral-7B-Instruct-v0.2,Pfizer has a new alopecia medication coming out,high,Pfizer staged the Will Smith and Chris Rock confrontation at the Academy Awards,low,The Academy Awards was held,medium,Pfizer has a new alopecia medication coming out,high,100,Likely false,No evidence supports the claim that Pfizer staged the Will Smith and Chris Rock confrontation at the Academy Awards.,False
112,"""In the first round of repayments""  from financial institutions that received TARP money, ""the government has actually turned a profit.""",Barack Obama,mistralai/Mistral-7B-Instruct-v0.2,Financial institutions that received TARP money made repayments in the first round.,high,The government received profits from the first round of repayments.,high,The statement refers to the first round of repayments.,medium,Financial institutions that received TARP money made repayments in the first round.,high,100,Verified,The statement is supported by facts and data.,True
113,"Says Al Jazeera tweeted, ""#BreakingNews Taliban started abducting minor girls from their home. The parents who are refusing to give their daughters to Taliban are being killed by Taliban fighters.""",Viral image,mistralai/Mistral-7B-Instruct-v0.2,Taliban started abducting minor girls from their home.,high,The parents who are refusing to give their daughters to Taliban are being killed by Taliban fighters.,high,Al Jazeera tweeted the news.,medium,Taliban started abducting minor girls from their home.,high,100,Verified,Supported by multiple news sources,False
114,High-speed rail would have cost Florida taxpayers $1 billion to build.,Rick Scott,mistralai/Mistral-7B-Instruct-v0.2,The proposed high-speed rail project would have cost $1 billion to build.,high,The high-speed rail project was intended for Florida.,high,Florida taxpayers would have been responsible for the cost of the high-speed rail project.,high,The proposed high-speed rail project would have cost $1 billion to build.,high,100,Verified,Claim aligns with the fact that the high-speed rail project was estimated to cost $1 billion.,False
115,"The tax cut deal is giving ""$700 billion to millionaires and billionaires.""",Sherrod Brown,mistralai/Mistral-7B-Instruct-v0.2,,,,,,,,,0,Uncertain,JSON parse error from model output.,False
116,"Photo shows Laurel Hubbard ""winning the women's weight lifting competition"" at the Olympics.",Viral image,mistralai/Mistral-7B-Instruct-v0.2,Laurel Hubbard participated in the Olympics,high,Laurel Hubbard competed in the women's weight lifting competition,high,Laurel Hubbard won the women's weight lifting competition,medium,Laurel Hubbard participated in the Olympics,high,90,Uncertain,"The statement claims that Laurel Hubbard won the competition, but the provided image does not confirm this.",False
117,"""There has never been a death caused by a [commercial nuclear] reactor in the United States, even when Three Mile Island failed in the 1970s.""",Johnny Isakson,mistralai/Mistral-7B-Instruct-v0.2,There has never been a death caused by a commercial nuclear reactor in the United States,high,Three Mile Island failed in the 1970s,high,The failure at Three Mile Island did not result in any deaths,high,There has never been a death caused by a commercial nuclear reactor in the United States,high,100,Verified,Historical records confirm no deaths directly attributed to the Three Mile Island accident.,True
118,"""All money donated to Black Lives Matter goes directly to Act Blue, a Democrat Super PAC that then feeds the money to Democrat candidates.""",Ryan Fournier,mistralai/Mistral-7B-Instruct-v0.2,Ryan Fournier claims that all money donated to Black Lives Matter goes to Act Blue.,high,Act Blue is a Democrat Super PAC.,high,Act Blue then feeds the money to Democrat candidates.,high,Ryan Fournier claims that all money donated to Black Lives Matter goes to Act Blue.,high,100,Likely false,Black Lives Matter does not state that all donations go to Act Blue.,False
119,"Says ""109 people out of hundreds of thousands of travelers"" were affected by the immigration executive order.",Donald Trump,mistralai/Mistral-7B-Instruct-v0.2,109 people were affected by the immigration executive order,high,The number of people affected was hundreds of thousands,medium,The affected people were travelers,high,109 people were affected by the immigration executive order,high,100,Verified,Statement matches the provided fact,False
120,"Says Tom Nelson ""backed higher taxes on Social Security, costing Wisconsin seniors $95 million.""",Mike Gallagher,mistralai/Mistral-7B-Instruct-v0.2,Tom Nelson backed higher taxes on Social Security,high,The higher taxes on Social Security would cost Wisconsin seniors,medium,The cost to Wisconsin seniors would be $95 million,high,Tom Nelson backed higher taxes on Social Security,high,100,Verified,Statement directly quotes Mike Gallagher,False
121,"""The city of Portland has won more national Constitution contests than any city in America.""",Earl Blumenauer,mistralai/Mistral-7B-Instruct-v0.2,The city of Portland has won national Constitution contests,high,Portland is the city that has won the most national Constitution contests in America,high,Portland is the city with the highest number of national Constitution contest wins in America,high,The city of Portland has won national Constitution contests,high,100,Uncertain,Claim requires verification of specific contest wins by Portland,True
122,"Says Barack Obama ""signed the law authorizing federal agents to snatch protesters off the streets"" in Portland, Ore.",Viral image,mistralai/Mistral-7B-Instruct-v0.2,Barack Obama signed a law,high,The law authorizes federal agents,high,The law allows federal agents to snatch protesters off the streets,medium,Barack Obama signed a law,high,100,Uncertain,"The statement implies a specific law was signed that authorizes federal agents to snatch protesters off the streets, but the claim does not specify which law was signed by Obama.",False
123,"""I released the most extensive financial review of anybody in the history of politics. … You don't learn much in a tax return.""",Donald Trump,mistralai/Mistral-7B-Instruct-v0.2,Donald Trump released the most extensive financial review in the history of politics.,high,The financial review released by Donald Trump was extensive.,high,You don't learn much from a tax return.,low,Donald Trump released the most extensive financial review in the history of politics.,high,100,Verified,This claim can be verified as Donald Trump did release financial documents during his presidential campaign.,False
124,"""They found 60 votes in the Senate in 2006 and 2013"" for immigration legislation, and ""each time the House Republican majority refused to take it up.""",Ronald Brownstein,mistralai/Mistral-7B-Instruct-v0.2,60 votes were found in the Senate in 2006 for immigration legislation,high,60 votes were found in the Senate in 2013 for immigration legislation,high,Each time the House Republican majority refused to take up immigration legislation,medium,60 votes were found in the Senate in 2006 for immigration legislation,high,100,Verified,Evidence supports the claim of Senate votes for immigration legislation in 2006.,True
125,"""DEA agent Mark Ibrahim was forced from his job and later indicted simply because he was near the Capitol protest on Jan. 6.""",Tucker Carlson,mistralai/Mistral-7B-Instruct-v0.2,DEA agent Mark Ibrahim was forced from his job,high,DEA agent Mark Ibrahim was near the Capitol protest on Jan. 6,medium,DEA agent Mark Ibrahim was later indicted,medium,DEA agent Mark Ibrahim was forced from his job,high,100,Uncertain,Investigation required for full verification,False
126,"Says John Bolton supported the Iraq War and said last year that ""I still think the decision to overthrow Saddam was correct.""",Rand Paul,mistralai/Mistral-7B-Instruct-v0.2,John Bolton supported the Iraq War,high,John Bolton said the decision to overthrow Saddam was correct,high,John Bolton made this statement last year,medium,John Bolton supported the Iraq War,high,100,Verified,Statement aligns with John Bolton's public statement,True
127,"""In the state of Rhode Island 25 percent of our current physicians are graduates of for-profit medical schools.""",Joseph McNamara,mistralai/Mistral-7B-Instruct-v0.2,25 percent of current physicians in Rhode Island are graduates of for-profit medical schools,high,The speaker is a resident of Rhode Island,medium,The speaker is a physician,low,25 percent of current physicians in Rhode Island are graduates of for-profit medical schools,high,100,Verified,Claim can be verified by checking data from Rhode Island's medical board or relevant educational institutions.,False
128,"""CBS stole a photo from Latinos for Trump in Phoenix and tagged it as a Biden event.""",Facebook posts,mistralai/Mistral-7B-Instruct-v0.2,CBS used a photo from Latinos for Trump,high,CBS tagged the photo as a Biden event,high,The event in the photo was in Phoenix,medium,CBS used a photo from Latinos for Trump,high,100,Verified,Claim matches the provided statement,False
129,Photos show the U.S. service members killed in a 2021 suicide bombing in Kabul.,Viral image,mistralai/Mistral-7B-Instruct-v0.2,U.S. service members were killed in a 2021 suicide bombing in Kabul.,high,The photos show the U.S. service members killed in the suicide bombing.,medium,The suicide bombing occurred in Kabul in 2021.,high,U.S. service members were killed in a 2021 suicide bombing in Kabul.,high,100,Verified,Supported by numerous news reports and official statements.,False
130,"Says Target ended its ""Heroes & Helpers"" program that pairs children with police officers for holiday shopping trips.",Facebook posts,mistralai/Mistral-7B-Instruct-v0.2,Target ended its 'Heroes & Helpers' program,high,The program pairs children with police officers,medium,The program is for holiday shopping trips,medium,Target ended its 'Heroes & Helpers' program,high,100,Verified,Statement aligns with the fact that Target ended its 'Heroes & Helpers' program.,False
131,"""Ukraine was the No. 1 donor to Hillary Clinton when she was running for president.""",Marjorie Taylor Greene,mistralai/Mistral-7B-Instruct-v0.2,Ukraine was a donor to Hillary Clinton's presidential campaign,high,Ukraine was the No. 1 donor to Hillary Clinton's presidential campaign,high,The amount donated by Ukraine to Hillary Clinton's presidential campaign,medium,Ukraine was a donor to Hillary Clinton's presidential campaign,high,100,Verified,Multiple sources confirm that Ukraine made donations to Hillary Clinton's presidential campaign.,False
132,"""The Z-visa that was offered in that Senate bill let everybody who's here illegally, other than criminals, stay here for the rest of their lives.""",Mitt Romney,mistralai/Mistral-7B-Instruct-v0.2,The Senate bill offered a Z-visa,high,The Z-visa allows those who are here illegally to stay,high,The Z-visa allows those who are here illegally to stay for the rest of their lives,high,The Senate bill offered a Z-visa,high,100,Verified,Mitt Romney's statement aligns with the fact that the Z-visa allows those who are here illegally to stay.,False
133,A video shows people in Romania protesting COVID-19 vaccines.,Viral image,mistralai/Mistral-7B-Instruct-v0.2,People in Romania are protesting,high,The protest is about COVID-19 vaccines,high,The protest is a video,medium,People in Romania are protesting,high,100,Verified,Video evidence supports the claim,False
134,"""A white family is likely to have about six times as much wealth than a black or Hispanic family coming out of the recession.""",Alicia Menendez,mistralai/Mistral-7B-Instruct-v0.2,,,,,,,,,0,Uncertain,JSON parse error from model output.,True
135,Says Obama Foundation posted picture of George Floyd before he died.,Facebook posts,mistralai/Mistral-7B-Instruct-v0.2,Obama Foundation posted a picture,medium,The picture was of George Floyd,low,George Floyd died before the picture was posted,high,George Floyd died before the picture was posted,high,100,Likely false,"George Floyd died on May 25, 2020, and the Obama Foundation was not active until 2014.",False
136,Said Republicans made historic gains in state legislatures during last month’s election,National Review,mistralai/Mistral-7B-Instruct-v0.2,Republicans made gains in state legislatures,high,The gains were historic,medium,The gains occurred during last month's election,high,Republicans made gains in state legislatures,high,100,Verified,Supported by election results data,True
137,"Heroin comes in the United States ""from the southern border.""",Donald Trump,mistralai/Mistral-7B-Instruct-v0.2,Heroin is present in the United States,high,Heroin comes into the United States,high,Heroin primarily comes from the southern border,medium,Heroin is present in the United States,high,90,Verified,Statement aligns with the fact that heroin comes into the United States.,True
138,"The WHO coronavirus test ""was a bad test.""",Donald Trump,mistralai/Mistral-7B-Instruct-v0.2,The WHO provided a coronavirus test,high,The WHO provided a test for the coronavirus,high,The test provided by the WHO for the coronavirus was bad,high,The WHO provided a coronavirus test,high,100,Likely false,"Trump's statement implies that the test was flawed, but the WHO test was not the only test available and other tests have been widely recognized as effective.",False
139,"""Nearly half of (Missouri) counties have not reported positive (COVID-19) cases.""",Louis Riggs,mistralai/Mistral-7B-Instruct-v0.2,Nearly half of Missouri counties have not reported positive COVID-19 cases,high,Missouri counties have reported positive COVID-19 cases,medium,Some Missouri counties have not reported positive COVID-19 cases,high,Nearly half of Missouri counties have not reported positive COVID-19 cases,high,100,Verified,Data from the Missouri Department of Health and Senior Services confirms this statement.,False
140,"Says a photograph of Harriet Tubman shows she was a ""gun-toting, Democrat-shooting, 2nd Amendment-supporting Republican.""",Facebook posts,mistralai/Mistral-7B-Instruct-v0.2,Harriet Tubman was a Republican,high,Harriet Tubman was a 2nd Amendment supporter,low,Harriet Tubman was a Democrat,low,Harriet Tubman was a Republican,high,100,Uncertain,"Historical records show Harriet Tubman was a Republican, but there's no evidence she supported the Democratic or Republican party on the 2nd Amendment.",False
141,"""The world food demand is going to double sometime between now and 2070.""",Roy Blunt,mistralai/Mistral-7B-Instruct-v0.2,The world food demand is projected to double,high,The timeframe for the food demand to double is between now and 2070,medium,Roy Blunt stated that the world food demand is going to double,high,The world food demand is projected to double,high,100,Verified,Roy Blunt's statement aligns with projections by the United Nations Food and Agriculture Organization.,True
142,"Says proposed teacher contract ""would layer on more restrictive rules.""",Portland Public Schools,mistralai/Mistral-7B-Instruct-v0.2,The proposed teacher contract includes new rules.,high,The new rules in the proposed teacher contract are more restrictive.,high,The proposed teacher contract has layers of rules.,medium,The proposed teacher contract includes new rules.,high,100,Verified,The statement aligns with the fact that the new rules in the proposed contract are more restrictive.,True
143,"""I am the only candidate that has endorsed Bernie Sanders for President. In PA, I've got Bernie's back.""",John Fetterman,mistralai/Mistral-7B-Instruct-v0.2,John Fetterman has endorsed Bernie Sanders for President.,high,"In Pennsylvania, John Fetterman has endorsed Bernie Sanders for President.",medium,John Fetterman has stated that he has Bernie Sanders' back.,medium,John Fetterman has endorsed Bernie Sanders for President.,high,100,Verified,Statement aligns with the provided fact.,True
144,"""This is the California model spreading across the country. When you need to flip things blue there’s always some mysterious mail-in ballots lying around that’ll do the trick. Shameful!""",Facebook posts,mistralai/Mistral-7B-Instruct-v0.2,,,,,,,,,0,Uncertain,JSON parse error from model output.,False
145,"Under President Barack Obama, ""8.3 (million) fewer Americans are working today than there were four years ago.""",Sean Hannity,mistralai/Mistral-7B-Instruct-v0.2,The number of Americans working decreased under President Barack Obama,high,The decrease in the number of Americans working was 8.3 million,high,The decrease in the number of Americans working occurred over a period of four years,medium,The number of Americans working decreased under President Barack Obama,high,100,Verified,Data from the Bureau of Labor Statistics shows a decrease in employment during Obama's presidency.,False
146,"""We won (Wisconsin in 2016) not so late in the evening — a little bit early in the evening, actually, which is even better.""",Donald Trump,mistralai/Mistral-7B-Instruct-v0.2,Donald Trump won Wisconsin in 2016,high,The win in Wisconsin was not so late in the evening,medium,The win in Wisconsin was a little bit early in the evening,medium,Donald Trump won Wisconsin in 2016,high,100,Verified,Trump's statement is consistent with historical election results.,False
147,"There is ""substantial evidence of voter fraud.""",Donald Trump,mistralai/Mistral-7B-Instruct-v0.2,Claim of 'substantial evidence' of voter fraud,high,The claim is made by Donald Trump,high,No specific type of voter fraud is mentioned,low,Claim of 'substantial evidence' of voter fraud,high,100,Uncertain,Evidence provided by Trump has been disputed and not universally accepted.,False
148,"Says people convicted of felonies or under restraining orders ""can buy a firearm without going through a background check.""",Josh Kaul,mistralai/Mistral-7B-Instruct-v0.2,People convicted of felonies can buy a firearm without going through a background check.,high,People under restraining orders can buy a firearm without going through a background check.,high,Buying a firearm without going through a background check is possible.,medium,People convicted of felonies can buy a firearm without going through a background check.,high,100,Likely false,Federal law prohibits people convicted of a felony from buying or possessing a firearm.,True
149,"In Japan, ""they take a bowling ball from 20 feet up in the air and they drop it on the hood of the car. And if the hood dents, then the car doesn't qualify...It's horrible, the way we're treated.""",Donald Trump,mistralai/Mistral-7B-Instruct-v0.2,,,,,,,,,0,Uncertain,JSON parse error from model output.,False
150,"""We spend almost twice as much per capita on health care as do the people of any other country.""",Bernie Sanders,mistralai/Mistral-7B-Instruct-v0.2,The U.S. spends more per capita on healthcare than any other country,high,The U.S. spends almost twice as much per capita on healthcare,high,The people of other countries spend less per capita on healthcare,high,The U.S. spends more per capita on healthcare than any other country,high,100,Verified,Data from the World Health Organization and other sources consistently show that the U.S. has the highest per capita healthcare expenditure among developed countries.,False
151,"""We spend more per student than almost any other major country in the world.""",Donald Trump,mistralai/Mistral-7B-Instruct-v0.2,,,,,,,,,0,Uncertain,JSON parse error from model output.,True
152,"Walmart, Amazon, Kroger, Target and Costco ""have not had any reported (coronavirus) cases in the news.""",Viral image,mistralai/Mistral-7B-Instruct-v0.2,Walmart has not had any reported coronavirus cases in the news.,medium,Amazon has not had any reported coronavirus cases in the news.,medium,"Kroger, Target, and Costco have not had any reported coronavirus cases in the news.",low,Walmart has not had any reported coronavirus cases in the news.,medium,60,Uncertain,"Claim is based on news reporting, which may not capture all cases.",False
153,"Gov. Nathan Deal ""has taken at least $15,600 from the (Koch brothers), their businesses, and their employees.""",Patriot Majority USA,mistralai/Mistral-7B-Instruct-v0.2,Gov. Nathan Deal received money from the Koch brothers,high,Gov. Nathan Deal received money from the Koch brothers' businesses,high,Gov. Nathan Deal received money from the Koch brothers' employees,medium,Gov. Nathan Deal received money from the Koch brothers,high,100,Verified,Evidence available shows campaign contributions from the Koch brothers to Gov. Nathan Deal.,False
154,"""Almost 37 percent of the total income from Planned Parenthood is from abortions.""",Ronald Renuart,mistralai/Mistral-7B-Instruct-v0.2,Planned Parenthood receives income,high,Income to Planned Parenthood is not entirely from abortions,high,Approximately 37 percent of Planned Parenthood's income is from abortions,medium,Planned Parenthood receives income,high,60,Likely false,Inaccurate percentage of income from abortions,False
155,"Obamacare ""is in a death spiral.""",Hugh Hewitt,mistralai/Mistral-7B-Instruct-v0.2,Obamacare is experiencing a decline in enrollment or stability,medium,Obamacare is experiencing financial difficulties,medium,Obamacare is on the verge of collapse or failure,high,Obamacare is on the verge of collapse or failure,high,60,Uncertain,"Claim is an opinion and interpretation of the data, not a verifiable fact",False
156,"After attacking Emma Gonzalez, U.S. Rep. Steve King is ""facing arrest.""",Political Thinkers,mistralai/Mistral-7B-Instruct-v0.2,Emma Gonzalez was attacked,medium,U.S. Rep. Steve King is facing arrest,high,The attack on Emma Gonzalez caused the arrest of U.S. Rep. Steve King,low,U.S. Rep. Steve King is facing arrest,high,100,Uncertain,No information provided to verify the arrest of U.S. Rep. Steve King.,False
157,"""I don't think the argument can be credibly made that the United States of America is undertaxed compared to our competitors.""",Tim Pawlenty,mistralai/Mistral-7B-Instruct-v0.2,The United States is compared to its competitors in terms of taxation.,high,Tim Pawlenty believes that the argument cannot be made that the United States is undertaxed.,high,The United States is compared to its competitors in terms of being overtaxed or undertaxed.,high,The United States is compared to its competitors in terms of taxation.,high,100,Verified,The statement is a direct quote from the speaker.,False
158,"Says ""some [states] with the largest reductions in crime have also lowered their prison population.""",Newt Gingrich,mistralai/Mistral-7B-Instruct-v0.2,Some states have reduced their crime rates,medium,Some states have lowered their prison population,medium,States with the largest reductions in crime have also lowered their prison population,high,States with the largest reductions in crime have also lowered their prison population,high,80,Verified,Evidence supports the claim,True
159,"""Did U know? Block Island Wind Farm would mean 40% est. drop in BI electric rates.""",Deepwater Wind,mistralai/Mistral-7B-Instruct-v0.2,Block Island Wind Farm would mean a decrease in electric rates on Block Island,high,The estimated decrease in electric rates on Block Island is 40%,high,Block Island Wind Farm is the name of the wind farm,medium,Block Island Wind Farm would mean a decrease in electric rates on Block Island,high,100,Verified,The statement aligns with the provided fact,True
160,"""The CDC director just said that 75% of ‘Covid deaths’ occurred in people with at least four comorbidities.""",Facebook posts,mistralai/Mistral-7B-Instruct-v0.2,CDC director made a statement,high,75% of Covid deaths occurred in people with at least four comorbidities,high,The term 'Covid deaths' refers to deaths caused by Covid-19,medium,CDC director made a statement,high,100,Verified,CDC data supports this claim,False
161,"Says Hillary Clinton campaign chairman John Podesta’s email password was ""password.""",Reince Priebus,mistralai/Mistral-7B-Instruct-v0.2,John Podesta used the email password 'password',high,Reince Priebus claimed that John Podesta's email password was 'password',high,The accuracy of Reince Priebus's claim about John Podesta's email password has not been independently verified,low,John Podesta used the email password 'password',high,100,Verified,"This fact has been confirmed by various sources, including WikiLeaks, which published Podesta's emails.",False
162,"""Harry Reid’s plan is basically giving the president a blank check.""",Eric Cantor,mistralai/Mistral-7B-Instruct-v0.2,Harry Reid has a plan,high,Harry Reid's plan is being given to the president,high,Harry Reid's plan is a blank check,medium,Harry Reid has a plan,high,100,Uncertain,Claim about the plan being a blank check requires context and specific details.,False
163,"""Hillary Clinton invented ISIS with her stupid policies. She is responsible for ISIS.""",Donald Trump,mistralai/Mistral-7B-Instruct-v0.2,Hillary Clinton is responsible for ISIS,high,Hillary Clinton invented ISIS,medium,Hillary Clinton's policies led to the creation of ISIS,medium,Hillary Clinton is responsible for ISIS,high,80,Likely false,No evidence supports the claim that Hillary Clinton is responsible for the creation or existence of ISIS.,False
164,"Wisconsin’s middle class is the ""most diminished"" in the United States.",Peter Barca,mistralai/Mistral-7B-Instruct-v0.2,,,,,,,,,0,Uncertain,JSON parse error from model output.,False
165,"Says a question about his financial skills at the CNBC debate included ""discredited attacks from Democrats and my political opponents.""",Marco Rubio,mistralai/Mistral-7B-Instruct-v0.2,Marco Rubio was asked a question about his financial skills at a CNBC debate.,high,The question was considered a discredited attack by Marco Rubio.,medium,The source of the question was Democrats and political opponents.,high,Marco Rubio was asked a question about his financial skills at a CNBC debate.,high,100,Uncertain,The statement does not provide enough information to verify whether the question was indeed discredited.,False
166,"""More college graduates are living at home than in decades.""",Andrew Cuomo,mistralai/Mistral-7B-Instruct-v0.2,More college graduates are living at home,medium,College graduates are living at home than in decades,high,Number of college graduates living at home is higher than in previous decades,high,College graduates are living at home than in decades,high,60,Verified,Supported by data from Pew Research Center,True
167,"""The people of Tiverton have historically supported [gambling measures] at a rate higher than the rest of the state.""",John Taylor,mistralai/Mistral-7B-Instruct-v0.2,The people of Tiverton have historically supported gambling measures,high,The rate of support for gambling measures in Tiverton is higher than the rest of the state,high,The historical support for gambling measures in Tiverton is compared to the rest of the state,medium,The people of Tiverton have historically supported gambling measures,high,100,Verified,Statement aligns with the provided fact,True
168,"""We’re. . . keeping and creating jobs in our state. From American Greetings, to Wendy’s, to Diebold, we’ve gone to their doorsteps to keep jobs right here in Ohio.""",John Kasich,mistralai/Mistral-7B-Instruct-v0.2,,,,,,,,,0,Uncertain,JSON parse error from model output.,True
169,Electric vehicles would not have fared well in the Virginia snowstorm traffic jam.,Facebook posts,mistralai/Mistral-7B-Instruct-v0.2,Electric vehicles were present during the Virginia snowstorm.,high,There was a traffic jam in Virginia during the snowstorm.,high,Electric vehicles did not fare well in the Virginia snowstorm traffic jam.,medium,Electric vehicles were present during the Virginia snowstorm.,high,100,Uncertain,No specific evidence provided to verify the claim about the performance of electric vehicles in the traffic jam.,False
170,"""Any legislative action that is taken now could very well be rendered completely null and void by the decision of the Supreme Court expected this June.""",Bishop Thomas Tobin,mistralai/Mistral-7B-Instruct-v0.2,Legislative action could be rendered null and void by the Supreme Court decision,high,Legislative action is being taken now,medium,The Supreme Court is expected to make a decision this June,high,Legislative action could be rendered null and void by the Supreme Court decision,high,100,Uncertain,The outcome of the Supreme Court decision is not yet known.,False
171,"""The United States death rate is two-and-a-half times higher for those who do not have a high school education.""",Regina Benjamin,mistralai/Mistral-7B-Instruct-v0.2,The death rate in the United States is higher for those without a high school education,high,The death rate in the United States is two times higher for those without a high school education,medium,The death rate in the United States is 2.5 times higher for those without a high school education,high,The death rate in the United States is higher for those without a high school education,high,100,Verified,Supported by numerous studies,True
172,"""[O]ver 200,000 ordinary citizens were given the opportunity to identify projects they preferred.""",Metro Atlanta Voter Education Network,mistralai/Mistral-7B-Instruct-v0.2,"Over 200,000 ordinary citizens were given the opportunity",high,to identify projects,medium,they preferred,medium,"Over 200,000 ordinary citizens were given the opportunity",high,100,Verified,Statement aligns with the provided claim,True
173,"Says Hillary Clinton spent 30 days in the hospital in 2012 and appeared ""wearing glasses that are only for people who have traumatic brain injury.""",Karl Rove,mistralai/Mistral-7B-Instruct-v0.2,Hillary Clinton spent 30 days in the hospital in 2012,high,Hillary Clinton appeared wearing glasses,medium,The glasses were for people who have traumatic brain injury,low,Hillary Clinton spent 30 days in the hospital in 2012,high,100,Uncertain,Claim about specific type of glasses requires additional evidence.,False
174,Georgia has had ʺmore bank failures than any other state.ʺ,Lynn Westmoreland,mistralai/Mistral-7B-Instruct-v0.2,Georgia has had the most bank failures among all states,high,Number of bank failures in Georgia is higher than in other states,high,Georgia has a significant number of bank failures,medium,Georgia has had the most bank failures among all states,high,100,Uncertain,Data verification required to confirm the claim.,True
175,Five JetBlue pilots died from the COVID-19 vaccine.,Facebook posts,mistralai/Mistral-7B-Instruct-v0.2,Five JetBlue pilots died from the COVID-19 vaccine.,high,JetBlue pilots died.,medium,JetBlue pilots died from the COVID-19 vaccine.,high,Five JetBlue pilots died from the COVID-19 vaccine.,high,100,Likely false,No credible evidence supports the claim that JetBlue pilots died from the COVID-19 vaccine.,False
176,"The health care bill will subsidize families of four that make more than $80,000 a year.",Orrin Hatch,mistralai/Mistral-7B-Instruct-v0.2,The health care bill will provide subsidies,high,The subsidies will be provided to families,high,"The families eligible for subsidies make more than $80,000 a year",medium,The health care bill will provide subsidies,high,60,Uncertain,Requires context-specific analysis of the specific health care bill in question.,True
177,"""The leader of ISIS was imprisoned by American troops and ordered released to Iraq by Obama administration in 2009.""",James Woods,mistralai/Mistral-7B-Instruct-v0.2,American troops imprisoned the leader of ISIS,high,The leader of ISIS was ordered released by Obama administration in 2009,high,The release of the leader of ISIS occurred in 2009,medium,American troops imprisoned the leader of ISIS,high,90,Verified,Documented by multiple sources,False
178,"Says New Hampshire’s second congressional district includes two counties where ""almost 5 percent if not more"" of residents are enrolled in the state’s expanded Medicaid program.",Jack Falanagan,mistralai/Mistral-7B-Instruct-v0.2,,,,,,,,,0,Uncertain,JSON parse error from model output.,True
179,"""In fact 7 out of 10 new jobs in America are created by small businesses.""",Jason Smith,mistralai/Mistral-7B-Instruct-v0.2,7 out of 10 new jobs in America are created by small businesses,high,10 is the number of new jobs created in America,medium,Small businesses create the jobs,high,7 out of 10 new jobs in America are created by small businesses,high,100,Uncertain,Data varies on the exact percentage of jobs created by small businesses,True
180,Says Donald Trump said the government is going to pay for everybody to have health care.,Keep the Promise 1 PAC,mistralai/Mistral-7B-Instruct-v0.2,Donald Trump said the government is going to pay for everybody to have health care.,high,The statement does not specify what 'everybody' refers to.,medium,The statement does not specify what 'health care' refers to.,medium,Donald Trump said the government is going to pay for everybody to have health care.,high,100,Uncertain,The statement does not provide specific details or context about the health care plan or who 'everybody' refers to.,False
181,A photo of a homeless camp on old railroad tracks is present-day Los Angeles.,Viral image,mistralai/Mistral-7B-Instruct-v0.2,The image shows a homeless camp,high,The location is on old railroad tracks,medium,The location is present-day Los Angeles,high,The image shows a homeless camp,high,100,Verified,Image metadata or other sources can confirm the location.,False
182,"""The state’s tax burden has, according to census figures released today, cost our state another 190,000 residents in 2009.""",Tom Kean Jr.,mistralai/Mistral-7B-Instruct-v0.2,,,,,,,,,0,Uncertain,JSON parse error from model output.,False
183,"""A witness will testify against Hillary Clinton.""",Bloggers,mistralai/Mistral-7B-Instruct-v0.2,A witness will testify,high,against Hillary Clinton,high,in a court of law,medium,A witness will testify,high,100,Uncertain,No specific court or case details provided.,False
184,"""Kavanaugh accuser’s husband breaks his silence, exposes ‘sick issue’ his wife has.""",Bloggers,mistralai/Mistral-7B-Instruct-v0.2,Kavanaugh accuser's husband breaks his silence,high,Kavanaugh accuser's husband exposes 'sick issue',medium,The specific 'sick issue' is not specified in the statement,low,Kavanaugh accuser's husband breaks his silence,high,100,Uncertain,The statement does not provide enough information to verify the existence or nature of the 'sick issue'.,False
185,"H.R. 1 ""would allow the Boston bomber to have a right to vote.""",Charlie Kirk,mistralai/Mistral-7B-Instruct-v0.2,,,,,,,,,0,Uncertain,JSON parse error from model output.,False
186,"Says President Donald Trump ""has given more financial disclosure than anybody else.""",Steve Mnuchin,mistralai/Mistral-7B-Instruct-v0.2,President Donald Trump has given financial disclosure,medium,President Donald Trump has given more financial disclosure than others,high,The specific number of financial disclosures given by President Donald Trump is not specified,low,President Donald Trump has given more financial disclosure than others,high,60,Uncertain,"The statement does not specify the number of financial disclosures given by President Trump, making it uncertain if he has given more than others.",False
187,"""President Trump just announced that the ‘biological’ lab in Wuhan where the COVID-19 virus was created was ‘funded’ by President Barak (sp) Hussein Obama in 2015 to the tune of $3,800,000 American dollars!""",Bloggers,mistralai/Mistral-7B-Instruct-v0.2,President Trump announced something,medium,There is a 'biological' lab in Wuhan,high,The lab in Wuhan was funded by President Obama in 2015,medium,There is a 'biological' lab in Wuhan,high,50,Uncertain,Claim about funding of Wuhan lab by Obama in 2015 is disputed and lacks clear evidence.,False
188,"""Collectively states are spending more on Medicaid than they do on K-12 education.""",Eric Cantor,mistralai/Mistral-7B-Instruct-v0.2,,,,,,,,,0,Uncertain,JSON parse error from model output.,True
189,"""Richard Nixon was the last president to be impeached.""",Jimmy Kimmel,mistralai/Mistral-7B-Instruct-v0.2,Richard Nixon was a president,high,Richard Nixon was impeached,high,No president since Richard Nixon has been impeached,high,Richard Nixon was a president,high,100,Verified,Historical fact,False
190,"""The fact is it's not amnesty.""",John McCain,mistralai/Mistral-7B-Instruct-v0.2,John McCain stated that it's not amnesty,high,John McCain referred to something as 'it',medium,John McCain used the term 'amnesty',high,John McCain stated that it's not amnesty,high,100,Verified,"John McCain's statement directly contradicts the common definition of amnesty, which is the act of granting pardon and immunity from punishment to a large group of people, especially for political crimes.",True
191,"""You people hate on Trump but he put on a child protective force that found over 300 missing kids in less than 30 days.""",Facebook posts,mistralai/Mistral-7B-Instruct-v0.2,Trump put on a child protective force,high,The child protective force found over 300 missing kids,high,This happened in less than 30 days,medium,Trump put on a child protective force,high,100,Verified,Trump did establish a task force to address missing children cases in 2017.,False
192,"Under a proposal by Rep. Paul Ryan, people on Medicare will only have $15,000 from the federal government to spend on their health care.",Bill Maher,mistralai/Mistral-7B-Instruct-v0.2,Rep. Paul Ryan proposed a change to Medicare,high,The proposed change involves reducing the amount of money provided by the federal government for health care,high,"The amount proposed for health care spending is $15,000",high,Rep. Paul Ryan proposed a change to Medicare,high,100,Verified,Bill Maher's statement aligns with the proposed changes to Medicare by Rep. Paul Ryan.,False
193,"A serial killer is targeting women in Hot Springs, Ark.",Facebook posts,mistralai/Mistral-7B-Instruct-v0.2,"A person is targeting women in Hot Springs, Ark.",high,The person is a serial killer,medium,"The location is Hot Springs, Ark.",high,"A person is targeting women in Hot Springs, Ark.",high,100,Uncertain,Insufficient evidence provided to verify the claim.,False
194,"""Over the last six years, the state of Illinois spent about $320 million on illegal immigrants.""",Bill Mitchell,mistralai/Mistral-7B-Instruct-v0.2,The state of Illinois spent about $320 million over the last six years,high,The spending was on illegal immigrants,medium,The spending occurred over the last six years,high,The state of Illinois spent about $320 million over the last six years,high,100,Verified,Fact-checked by multiple sources,True
195,"An email from Dr. Anthony Fauci shows ""everyone was lied to"" about wearing masks to prevent the spread of COVID-19.",Instagram posts,mistralai/Mistral-7B-Instruct-v0.2,Dr. Anthony Fauci sent an email,high,The email discussed wearing masks to prevent the spread of COVID-19,medium,The email allegedly shows that everyone was lied to about wearing masks,low,Dr. Anthony Fauci sent an email,high,50,Uncertain,"The statement implies a specific intent in the email, which is not verifiable without access to the actual content.",False
196,"State employees in Wisconsin earn ""about 8 percent less"" than if they worked in the private sector.",Bryan Kennedy,mistralai/Mistral-7B-Instruct-v0.2,State employees in Wisconsin earn less than private sector employees,high,The difference in earnings is approximately 8 percent,high,The comparison is made between state employees in Wisconsin and private sector employees,high,State employees in Wisconsin earn less than private sector employees,high,100,Verified,Data from the Bureau of Labor Statistics supports this claim.,False
197,Sen. Marsha Blackburn made a white power symbol at Ketanji Brown Jackson.,Tweets,mistralai/Mistral-7B-Instruct-v0.2,Sen. Marsha Blackburn made a gesture,medium,Sen. Marsha Blackburn made a symbol,high,The symbol was a white power symbol,high,Sen. Marsha Blackburn made a symbol,high,100,Likely false,No evidence supports the claim that the symbol was a white power symbol.,False
198,"The Medicare proposal by Rep. Paul Ryan, R-Wis., would ""allow insurance companies to deny you coverage and drop you for pre-existing conditions.""",Debbie Wasserman Schultz,mistralai/Mistral-7B-Instruct-v0.2,"The Medicare proposal is by Rep. Paul Ryan, R-Wis.",high,The proposal would allow insurance companies to deny you coverage.,medium,The proposal would allow insurance companies to drop you for pre-existing conditions.,medium,"The Medicare proposal is by Rep. Paul Ryan, R-Wis.",high,60,Verified,Statement aligns with the fact that the proposal would allow insurance companies to deny coverage and drop individuals for pre-existing conditions.,False
199,"""Were you aware the $3.5 Trillion Human Infrastructure package includes an animal agriculture tax of $2,600‼️ per head of cattle? $500 for swine!!!""",Facebook posts,mistralai/Mistral-7B-Instruct-v0.2,The $3.5 Trillion Human Infrastructure package includes an animal agriculture tax,high,"The animal agriculture tax for cattle is $2,600 per head",high,The animal agriculture tax for swine is $500,medium,The $3.5 Trillion Human Infrastructure package includes an animal agriculture tax,high,100,Uncertain,The claim requires further investigation as the specifics of the tax proposal are subject to change and may not have been finalized.,False
200,"Says you can determine a bell pepper’s gender by its ""bumps.""",Viral image,mistralai/Mistral-7B-Instruct-v0.2,,,,,,,,,0,Uncertain,JSON parse error from model output.,False
201,"Says Chris Christie told Donald Trump to interrupt Joe Biden during the debate because ""people who overcome stuttering have a harder time maintaining their train of thought when interrupted. Keep interrupting him and he’ll stumble when he tries to speak. This will enforce the ‘senile’ narrative.""",Facebook posts,mistralai/Mistral-7B-Instruct-v0.2,Chris Christie told Donald Trump to interrupt Joe Biden during the debate,high,People who overcome stuttering have a harder time maintaining their train of thought when interrupted,medium,Interrupting Biden will enforce the ‘senile’ narrative,medium,Chris Christie told Donald Trump to interrupt Joe Biden during the debate,high,100,Verified,Statement is consistent with the provided claim,False
202,"""Elijah Cummings’ house was broken into after Trump publicly attacked him on Twitter.""",Chelsea Handler,mistralai/Mistral-7B-Instruct-v0.2,Elijah Cummings was publicly attacked on Twitter by Trump,high,Elijah Cummings' house was broken into,medium,The breaking into Elijah Cummings' house happened after Trump publicly attacked him on Twitter,high,Elijah Cummings was publicly attacked on Twitter by Trump,high,100,Verified,Trump's tweet attacking Cummings is a matter of public record.,False
203,"The Justice Department’s Fast and Furious gun-walking program ""started in the Bush administration.""",Jane Harman,mistralai/Mistral-7B-Instruct-v0.2,The Fast and Furious gun-walking program started,high,The Fast and Furious gun-walking program existed in the Bush administration,low,The Fast and Furious gun-walking program started in the Bush administration,high,The Fast and Furious gun-walking program started,high,100,Likely false,"Fast and Furious program started in 2009 under the Obama administration, not the Bush administration.",False
204,"Sherrod Brown ""voted six times to raise his own pay.""",Josh Mandel,mistralai/Mistral-7B-Instruct-v0.2,Sherrod Brown voted six times,high,Sherrod Brown voted,high,Sherrod Brown's pay was raised,medium,Sherrod Brown voted six times,high,100,Verified,Statement is a direct quote from the speaker.,False
205,"The White House ""branded"" the memorial service for the Tucson shootings with a ""Together We Thrive"" logo and slogan.",Michelle Malkin,mistralai/Mistral-7B-Instruct-v0.2,The White House held a memorial service for the Tucson shootings,high,The memorial service was branded with a logo,high,The logo used was 'Together We Thrive',high,The White House held a memorial service for the Tucson shootings,high,100,Verified,Multiple sources confirm the White House branded the memorial service with a logo.,False
206,"Under the ""Cash for Clunkers"" program, ""all we've got to do is ... go to a local junkyard, all you've got to do is tow it to your house. And you're going to get $4,500.""",Sean Hannity,mistralai/Mistral-7B-Instruct-v0.2,,,,,,,,,0,Uncertain,JSON parse error from model output.,False
207,"""I have never voted for a tax increase.""",Marco Rubio,mistralai/Mistral-7B-Instruct-v0.2,Marco Rubio has never voted for a tax increase,high,Marco Rubio's voting history includes a tax increase vote,low,Marco Rubio has a history of voting on tax-related matters,medium,Marco Rubio has never voted for a tax increase,high,100,Verified,Statement aligns with the claim.,False
208,"""Airline CEO gets pied for forcing vaccinations""",TikTok posts,mistralai/Mistral-7B-Instruct-v0.2,Airline CEO was forced to be pied,medium,Airline CEO was vaccinated,medium,Airline forced vaccinations,high,Airline forced vaccinations,high,100,Uncertain,Claim does not provide evidence of CEO being pied,False
209,"""The 12 hottest years on record have come in the last 15 years.""",Barack Obama,mistralai/Mistral-7B-Instruct-v0.2,The number of the hottest years on record is 12,high,These 12 hottest years have occurred in the last 15 years,high,Barack Obama stated that the 12 hottest years on record have come in the last 15 years,high,The number of the hottest years on record is 12,high,100,Verified,Statement aligns with NASA's data,True
210,"Gov. Rick Scott ""tried to kick 180,000 people off the voter rolls.""",MoveOn.org,mistralai/Mistral-7B-Instruct-v0.2,"Gov. Rick Scott attempted to remove 180,000 people from the voter rolls",high,"The number of people affected was 180,000",high,The speaker is MoveOn.org,low,"Gov. Rick Scott attempted to remove 180,000 people from the voter rolls",high,100,Verified,This claim is supported by multiple news sources.,False
211,Says the vaccine to prevent HPV can cause mental retardation.,Michele Bachmann,mistralai/Mistral-7B-Instruct-v0.2,The vaccine to prevent HPV can cause mental retardation,high,Michele Bachmann stated that the vaccine to prevent HPV can cause mental retardation,high,There is no scientific evidence that the HPV vaccine causes mental retardation,high,The vaccine to prevent HPV can cause mental retardation,high,100,Likely false,No scientific evidence supports the claim that the HPV vaccine causes mental retardation.,False
212,"""Close to hundreds"" of people died at Astroworld.",Viral image,mistralai/Mistral-7B-Instruct-v0.2,Approximately hundreds of people attended Astroworld,medium,People died at Astroworld,high,Close to hundreds of people died at Astroworld,high,People died at Astroworld,high,100,Verified,Multiple sources reported deaths at Astroworld.,False
213,"""One of the first nurses to receive the vaccine in AL is now dead.""",Facebook posts,mistralai/Mistral-7B-Instruct-v0.2,A nurse in Alabama received the vaccine,high,The nurse was one of the first to receive the vaccine in Alabama,high,The nurse who received the vaccine is now dead,high,A nurse in Alabama received the vaccine,high,100,Verified,News outlets have reported the death of a nurse who received the vaccine in Alabama,False
214,"""Over 50% of the people now in the House and state Senate have not been born in Virginia.""",Denver Riggleman,mistralai/Mistral-7B-Instruct-v0.2,,,,,,,,,0,Uncertain,JSON parse error from model output.,True
215,"""Now there is a new threat that we’re seeing up close: the risk of exposure to powerful drugs that can kill in even tiny amounts.""",Matthew Birmingham,mistralai/Mistral-7B-Instruct-v0.2,There is a new threat,medium,The risk of exposure to powerful drugs,high,The risk of exposure to powerful drugs that can kill in even tiny amounts,high,The risk of exposure to powerful drugs,high,100,Verified,The statement is consistent with the provided fact.,False
216,"Milwaukee County has ""a parks capital budget that’s bigger than it’s been in the last 10 years.""",Chris Abele,mistralai/Mistral-7B-Instruct-v0.2,Milwaukee County has a parks capital budget,high,Milwaukee County's parks capital budget is bigger,medium,Milwaukee County's parks capital budget has not been this big in the last 10 years,high,Milwaukee County has a parks capital budget,high,100,Verified,Claim is supported by the provided fact,False
217,"Charlie Crist ""worked with Acorn"" to give felons voting rights.",Marco Rubio,mistralai/Mistral-7B-Instruct-v0.2,Charlie Crist worked with Acorn,medium,Charlie Crist gave felons voting rights,medium,Acorn is associated with giving felons voting rights,low,Charlie Crist worked with Acorn,medium,60,Uncertain,Requires further investigation to confirm the specific details of the claim,False
218,"San Antonio has seen ""67% growth"" in water customers ""in the last 25 years, 0% more water used.""",Robert Puente,mistralai/Mistral-7B-Instruct-v0.2,San Antonio has seen a 67% growth in water customers in the last 25 years,high,0% more water used,low,The growth in water customers occurred in the last 25 years,medium,San Antonio has seen a 67% growth in water customers in the last 25 years,high,100,Verified,Claim is supported by the provided statement,False
219,"""President Trump didn't say he'd go after a cultural site.""",Mike Pompeo,mistralai/Mistral-7B-Instruct-v0.2,President Trump made a statement,high,President Trump's statement was about going after a cultural site,medium,President Trump didn't say he'd go after a cultural site,high,President Trump made a statement,high,100,Verified,Statement aligns with the fact that President Trump didn't say he'd go after a cultural site.,False
220,"""For decades, the state’s gas tax has been among the highest in the nation.""",Scott Walker,mistralai/Mistral-7B-Instruct-v0.2,The state's gas tax has been among the highest in the nation for decades,high,The gas tax has been high for decades,high,The state's gas tax is high,medium,The state's gas tax has been among the highest in the nation for decades,high,100,Verified,Data from the U.S. Energy Information Administration supports this claim.,True
221,"""I was among the earliest to criticize the rush to war (in Iraq), and yes, even before the war ever started.""",Donald Trump,mistralai/Mistral-7B-Instruct-v0.2,Donald Trump criticized the rush to war in Iraq,high,Donald Trump criticized the rush to war before the war started,high,Donald Trump was among the earliest to criticize the rush to war in Iraq,medium,Donald Trump criticized the rush to war in Iraq,high,90,Verified,Trump's statement is consistent with public record of his criticism of the Iraq war before it started.,False
222,Says Texas is the only state that exempts jet fuel from its state motor fuels tax.,Eddie Rodriguez,mistralai/Mistral-7B-Instruct-v0.2,Texas exempts jet fuel from its state motor fuels tax.,high,Jet fuel is exempt from state motor fuels tax in a specific state.,high,The state mentioned is Texas.,high,Texas exempts jet fuel from its state motor fuels tax.,high,100,Verified,Factually accurate.,False
223,"CBS News reported that two more suspects were arrested in the Buffalo shooting, and that one more victim was identified.",Viral image,mistralai/Mistral-7B-Instruct-v0.2,Two more suspects were arrested in the Buffalo shooting,high,CBS News reported the arrests,medium,One more victim was identified,medium,Two more suspects were arrested in the Buffalo shooting,high,100,Verified,CBS News reported the arrests,False
224,"Photo shows people protesting against ""vaccine tyranny"" in France.",Viral image,mistralai/Mistral-7B-Instruct-v0.2,People are protesting in France,high,People are protesting against something,high,The topic of the protest is 'vaccine tyranny',medium,People are protesting in France,high,100,Verified,Image shows people protesting in France,False
225,"""With this reform, every insured American gets valuable consumer protections, and every uninsured American can become insured.""",Lloyd Doggett,mistralai/Mistral-7B-Instruct-v0.2,Every insured American gets valuable consumer protections,high,Every uninsured American can become insured,high,,low,Every insured American gets valuable consumer protections,high,100,Verified,"The statement is consistent with the Affordable Care Act, which mandates consumer protections for insured Americans.",True
226,"""As of the last 24 hours this is the protocol regarding masks: Masks should only be used by healthcare workers, caretakers or by people who are sick with symptoms like fever and cough.""",Facebook posts,mistralai/Mistral-7B-Instruct-v0.2,Masks should only be used by healthcare workers,high,Masks should only be used by caretakers,high,Masks should only be used by people who are sick with symptoms like fever and cough,medium,Masks should only be used by healthcare workers,high,100,Verified,Supports CDC guidelines as of March 2020,False
227,"The stories from women saying he groped or forced himself on them ""largely have been debunked.""",Donald Trump,mistralai/Mistral-7B-Instruct-v0.2,Women have made claims of being groped by Donald Trump,high,Some of the stories made by women about being groped by Donald Trump have been debunked,medium,Most of the stories made by women about being groped by Donald Trump have been debunked,low,Women have made claims of being groped by Donald Trump,high,100,Uncertain,"The statement implies that most stories have been debunked, but the provided evidence does not support this claim.",False
228,"""Today’s marijuana is 300 percent to 800 percent more potent than the pot of yesteryear.""",Heidi Heilman,mistralai/Mistral-7B-Instruct-v0.2,Today's marijuana is more potent than marijuana of yesteryear.,high,The potency of today's marijuana is between 300% and 800%.,high,The exact potency of today's marijuana is not specified.,low,Today's marijuana is more potent than marijuana of yesteryear.,high,100,Verified,The statement aligns with the consensus in scientific literature that marijuana potency has increased over time.,True
229,"""Black Lives Matter is a terrorist organization.""",Facebook posts,mistralai/Mistral-7B-Instruct-v0.2,Black Lives Matter is labeled as a terrorist organization by some,medium,Black Lives Matter is a social movement advocating for justice and equality for Black people,high,The U.S. government does not officially label Black Lives Matter as a terrorist organization,high,Black Lives Matter is a social movement advocating for justice and equality for Black people,high,100,Uncertain,Claim is misleading as the U.S. government does not officially label Black Lives Matter as a terrorist organization,False
230,"""You can’t put a gun rack in a [Chevrolet] Volt.""",Newt Gingrich,mistralai/Mistral-7B-Instruct-v0.2,The Chevrolet Volt does not have a gun rack.,high,Newt Gingrich stated that a gun rack cannot be put in a Chevrolet Volt.,high,The Chevrolet Volt is not designed to accommodate a gun rack.,high,The Chevrolet Volt does not have a gun rack.,high,100,Verified,Newt Gingrich's statement aligns with the fact that the Chevrolet Volt does not have a gun rack.,False
231,"""Democrats mistakenly tweet 2014 pictures from Obama’s term showing children from the Border in steel cages.""",Donald Trump,mistralai/Mistral-7B-Instruct-v0.2,Democrats tweeted pictures,high,Democrats tweeted pictures from Obama’s term,medium,Pictures showed children from the Border in steel cages,high,Democrats tweeted pictures,high,100,Verified,Independent fact-checking organizations have confirmed that the tweeted pictures were from the Obama era and showed children in cages at the border.,True
232,"""There will be several thousand dollars in payments going to families with six-figure incomes who’ve had no income interruption whatsoever.""",Pat Toomey,mistralai/Mistral-7B-Instruct-v0.2,Payments will be made to families with six-figure incomes,high,The payments are several thousand dollars,medium,These families had no income interruption,low,Payments will be made to families with six-figure incomes,high,100,Verified,Statement aligns with the claim made by Pat Toomey,True
233,"Says HR 1 would ""legalize"" the kind of fraud found in North Carolina",Dan Crenshaw,mistralai/Mistral-7B-Instruct-v0.2,HR 1 would allow for voter fraud,high,HR 1 would legalize the specific type of voter fraud found in North Carolina,medium,There was voter fraud found in North Carolina,high,HR 1 would allow for voter fraud,high,100,Uncertain,Claim about HR 1's specific impact on North Carolina voter fraud is not verifiable without further context and details about the bill.,False
234,"""Whether you like to admit it or not, half our general revenue goes to education.""",Mike Haridopolos,mistralai/Mistral-7B-Instruct-v0.2,Half of Florida's general revenue goes to education,high,"The speaker, Mike Haridopolos, is making a claim about Florida's general revenue",medium,The speaker implies that there is disagreement about the allocation of general revenue to education,low,Half of Florida's general revenue goes to education,high,100,Uncertain,The statement requires specific data and context to verify its accuracy.,True
235,"Sheldon Whitehouse and 18 other senators ""voted to censor the internet.""",Bloggers,mistralai/Mistral-7B-Instruct-v0.2,Sheldon Whitehouse voted to censor the internet.,high,18 other senators also voted to censor the internet.,medium,The statement does not specify which internet censorship bill they voted on.,low,Sheldon Whitehouse voted to censor the internet.,high,100,Verified,The statement accurately reports that Sheldon Whitehouse voted on a bill related to internet censorship.,False
236,"The Moderna vaccine contains an ingredient that is ""for research use only, not meant for human or veterinary use.""",Instagram posts,mistralai/Mistral-7B-Instruct-v0.2,The Moderna vaccine contains an ingredient labeled 'for research use only.',high,The ingredient in the Moderna vaccine is not meant for human use.,high,The ingredient in the Moderna vaccine is not meant for veterinary use.,medium,The Moderna vaccine contains an ingredient labeled 'for research use only.',high,100,Likely false,"The FDA has confirmed that all ingredients in authorized COVID-19 vaccines, including Moderna, are safe and effective for human use.",False
237,"""There have been multiple media reports about (Donald Trump's) business dealings with the mob, with the mafia.""",Ted Cruz,mistralai/Mistral-7B-Instruct-v0.2,Donald Trump has been reported to have business dealings with the mob.,high,There have been multiple media reports about Trump's business dealings.,high,Trump's business dealings are with the mafia.,medium,Donald Trump has been reported to have business dealings with the mob.,high,100,Verified,Multiple media reports have confirmed Trump's business dealings with organized crime figures.,True
238,"Even among ""second and third generation"" Muslims in the United States, ""there's no real assimilation.""",Donald Trump,mistralai/Mistral-7B-Instruct-v0.2,,,,,,,,,0,Uncertain,JSON parse error from model output.,False
239,"""Our jobless rate, our unemployment rate, is the lowest of all of the big cities in New Jersey.""",Chris Bollwage,mistralai/Mistral-7B-Instruct-v0.2,Chris Bollwage claims that the jobless rate is the lowest,high,The jobless rate is compared to other big cities in New Jersey,medium,Chris Bollwage is one of the speakers,low,Chris Bollwage claims that the jobless rate is the lowest,high,100,Verified,The statement is a direct claim made by the speaker.,False
240,"""Ohio's (payday lending) laws are now the worst in the nation. Things have gotten so bad that it is legal to charge 594 percent interest on loans.""",Richard Cordray,mistralai/Mistral-7B-Instruct-v0.2,Ohio's payday lending laws are now the worst in the nation.,high,It is legal to charge 594 percent interest on loans in Ohio.,high,Things have gotten so bad in Ohio's payday lending industry.,medium,Ohio's payday lending laws are now the worst in the nation.,high,100,Verified,Legal interest rates in Ohio are publicly available.,True
241,"""Not even (House Intelligence Chairman Adam) Schiff’s Republican colleagues were allowed into the SCIF"" during the House impeachment investigation.",Pat Cipollone,mistralai/Mistral-7B-Instruct-v0.2,House Intelligence Chairman Adam Schiff was involved in the House impeachment investigation.,high,Republican colleagues of House Intelligence Chairman Adam Schiff were present during the House impeachment investigation.,low,The House impeachment investigation took place in a SCIF (Sensitive Compartmented Information Facility).,high,House Intelligence Chairman Adam Schiff was involved in the House impeachment investigation.,high,100,Verified,The statement accurately describes that the impeachment investigation took place in a SCIF.,False
242,"""Our tax code is . . . 80,000 pages.""",Barry Hinckley,mistralai/Mistral-7B-Instruct-v0.2,The tax code is a written set of laws and regulations governing taxation.,high,The tax code is lengthy.,high,"The tax code is approximately 80,000 pages long.",high,The tax code is a written set of laws and regulations governing taxation.,high,100,Verified,Barry Hinckley's statement is consistent with the length of the tax code as reported by various sources.,False
243,"Says Nabisco is closing plants in Georgia and New Jersey and ""moving to Mexico"" because of Biden’s election.",Facebook posts,mistralai/Mistral-7B-Instruct-v0.2,Nabisco is closing plants in Georgia,high,Nabisco is closing plants in New Jersey,high,Nabisco is moving to Mexico,medium,Nabisco is closing plants in Georgia,high,100,Uncertain,Claim requires further investigation as it involves multiple factors and potential motivations.,False
244,"""I would do press events in May, I would never be asked about coronavirus.''",Ron DeSantis,mistralai/Mistral-7B-Instruct-v0.2,Ron DeSantis stated he would do press events in May,high,Ron DeSantis stated he would never be asked about coronavirus during press events in May,medium,The statement implies that press events in May would not focus on coronavirus,medium,Ron DeSantis stated he would do press events in May,high,100,Verified,The statement is a direct quote from the speaker.,False
245,"""CO2 is not a pollutant.""",Suburban Virginia Republican Coalition,mistralai/Mistral-7B-Instruct-v0.2,CO2 is a gas released by various natural and human activities.,medium,CO2 is a greenhouse gas that traps heat in the Earth's atmosphere.,high,CO2 is not classified as a pollutant by the Environmental Protection Agency (EPA).,high,CO2 is a greenhouse gas that traps heat in the Earth's atmosphere.,high,100,Verified,EPA classification,False
246,"""Revealed: UN plan to flood America with 600 million migrants.""",Infowars,mistralai/Mistral-7B-Instruct-v0.2,UN has a plan to flood America with migrants,high,The number of migrants is 600 million,high,Infowars made the claim,low,UN has a plan to flood America with migrants,high,100,Uncertain,Infowars has a history of spreading misinformation,False
247,"Build Back Better ""would be a huge payday for Chinese manufacturing"" and ""would fill our streets with cars made with Chinese parts.""",Stand Up To China,mistralai/Mistral-7B-Instruct-v0.2,The political claim suggests that 'Build Back Better' would be a huge payday for Chinese manufacturing.,high,The political claim suggests that 'Build Back Better' would fill our streets with cars made with Chinese parts.,medium,,,The political claim suggests that 'Build Back Better' would be a huge payday for Chinese manufacturing.,high,80,Uncertain,"The claim is based on assumptions and predictions, and the actual impact of 'Build Back Better' on Chinese manufacturing is uncertain.",False
248,"""150,000 (oil spill) claims have been filed by Floridians, but only 40 percent of them have been paid.""",Alex Sink,mistralai/Mistral-7B-Instruct-v0.2,"150,000 oil spill claims have been filed by Floridians",high,Only 40 percent of the claims have been paid,medium,The claims are related to the oil spill,high,"150,000 oil spill claims have been filed by Floridians",high,100,Verified,Claim is based on provided data,True
249,"Says in 2012 ""Obama won in every state that did not require a photo ID and lost in every state that did require a photo ID in order to vote.""",Viral image,mistralai/Mistral-7B-Instruct-v0.2,Obama won in states that did not require a photo ID,medium,Obama lost in states that required a photo ID,medium,The statement implies a direct correlation between requiring a photo ID and the outcome of the election,low,Obama won in states that did not require a photo ID,medium,50,Uncertain,The statement oversimplifies the complexities of elections and does not account for other factors influencing the outcome.,False
250,"Budget analysts say the looming tax hikes and spending cuts would  ""take us into a recession and kill jobs.""",Rob Portman,mistralai/Mistral-7B-Instruct-v0.2,,,,,,,,,0,Uncertain,JSON parse error from model output.,True
251,Says Fox News gave Republican senators twice the air time as Democrats during a hearing about the Islamic State.,Media Matters,mistralai/Mistral-7B-Instruct-v0.2,Fox News gave air time to Republican senators during a hearing about the Islamic State.,high,Fox News gave twice the air time to Republican senators compared to Democrats during the hearing.,high,The hearing was about the Islamic State.,medium,Fox News gave air time to Republican senators during a hearing about the Islamic State.,high,100,Verified,Claim is supported by the provided statement.,True
252,"Says an amendment specifying when military members may use deadly force ""does nothing to change existing rules of engagement for American service members.""",David Cicilline,mistralai/Mistral-7B-Instruct-v0.2,The amendment specifies when military members may use deadly force.,high,The amendment does not change the existing rules of engagement for American service members.,high,,low,The amendment specifies when military members may use deadly force.,high,100,Verified,The statement aligns with the chosen fact.,True
253,"Blinken, Austin trip to Kyiv may have been staged",Michael Savage,mistralai/Mistral-7B-Instruct-v0.2,Michael Savage stated a trip by Blinken and Austin to Kyiv may have been staged,high,Blinken and Austin visited Kyiv,medium,The visit of Blinken and Austin to Kyiv may have been orchestrated or planned in advance,medium,Michael Savage stated a trip by Blinken and Austin to Kyiv may have been staged,high,60,Uncertain,Claim requires investigation into the planning and coordination of the visit,False
254,"""Our small staff of 51 is still fewer than we had a decade ago, yet our caseload -- like that of other courts -- has grown.""",Carol Hunstein,mistralai/Mistral-7B-Instruct-v0.2,The speaker's small staff of 51 is fewer than they had a decade ago.,high,The speaker's caseload has grown.,medium,"Like the speaker's court, other courts also have a growing caseload.",medium,The speaker's small staff of 51 is fewer than they had a decade ago.,high,100,Verified,The statement is supported by the provided fact.,True
255,"""All private healthcare plans must conform to government rules to participate in a Healthcare Exchange.""",Chain email,mistralai/Mistral-7B-Instruct-v0.2,Private healthcare plans must conform to government rules,high,Private healthcare plans must participate in a Healthcare Exchange,medium,Government sets the rules for Healthcare Exchanges,high,Private healthcare plans must conform to government rules,high,100,Verified,This is a common requirement for participating in government-regulated healthcare exchanges.,True
256,"Giving a committee chair’s stipend in the New York State Senate to another member of that committee ""has been, in fact, a legislative practice for decades.""",Diane Savino,mistralai/Mistral-7B-Instruct-v0.2,Giving a committee chair's stipend in the New York State Senate to another member of that committee is a legislative practice,high,This legislative practice has been in place for decades,high,The practice applies only to the New York State Senate,medium,Giving a committee chair's stipend in the New York State Senate to another member of that committee is a legislative practice,high,100,Verified,The statement aligns with the chosen fact.,False
257,"""The labor force participation rate -- the share of the potential workforce that is actually working or looking for work-- currently stands below 63%, the lowest level since the 1970s.""",Dave Brat,mistralai/Mistral-7B-Instruct-v0.2,The labor force participation rate is currently below 63%,high,The labor force participation rate is at its lowest level since the 1970s,high,The share of the potential workforce that is actually working or looking for work is the labor force participation rate,low,The labor force participation rate is currently below 63%,high,100,Verified,Data from the U.S. Bureau of Labor Statistics supports this claim.,True
258,"Says Virginia economic development officials ""decided they didn’t want to bid on"" his company's electric automobile plant.",Terry McAuliffe,mistralai/Mistral-7B-Instruct-v0.2,,,,,,,,,0,Uncertain,JSON parse error from model output.,False
259,"Says ""Joe Biden wants to ban 9mm pistols.""",National Rifle Association,mistralai/Mistral-7B-Instruct-v0.2,Joe Biden wants to ban 9mm pistols,high,No specific details provided about the proposed ban,medium,The statement is made by the National Rifle Association,low,Joe Biden wants to ban 9mm pistols,high,100,Uncertain,No official policy statement from Joe Biden supports this claim.,False
260,"""Half the kids coming out of college this year … can't find a job, or a job that's consistent with a college degree.""",Mitt Romney,mistralai/Mistral-7B-Instruct-v0.2,Half of the kids coming out of college this year can't find a job.,medium,Half of the kids coming out of college this year can't find a job that's consistent with a college degree.,medium,The statement does not specify the time frame or the source of the data.,low,Half of the kids coming out of college this year can't find a job.,medium,50,Uncertain,No specific data source or time frame provided.,True
261,"""The House of Representatives just voted 300-131 to remove ‘country-of-origin labeling’ on chicken, pork, and beef sold in the U.S.""",Facebook posts,mistralai/Mistral-7B-Instruct-v0.2,The House of Representatives voted on a bill,high,"The bill was about removing 'country-of-origin labeling' on chicken, pork, and beef sold in the U.S.",high,The vote resulted in 300-131,high,The House of Representatives voted on a bill,high,100,Verified,The statement accurately reflects the content of the bill as voted on by the House of Representatives.,True
262,The World Economic Forum has its own police force.,Charlie Kirk,mistralai/Mistral-7B-Instruct-v0.2,The World Economic Forum has its own police force.,high,The World Economic Forum has a security force.,high,The World Economic Forum employs law enforcement officers.,high,The World Economic Forum has its own police force.,high,100,Likely false,The World Economic Forum does not have its own police force. It collaborates with local law enforcement during its events.,False
263,"Says Gov. Tony Evers has declared Wisconsin ""permanently closed"" for business.",Rebecca Kleefisch,mistralai/Mistral-7B-Instruct-v0.2,Gov. Tony Evers has declared Wisconsin 'permanently closed' for business.,high,Gov. Tony Evers has declared a specific time period for Wisconsin to be closed for business.,low,Gov. Tony Evers has declared Wisconsin to be closed for an indefinite period.,medium,Gov. Tony Evers has declared Wisconsin 'permanently closed' for business.,high,100,Likely false,Gov. Evers has not made a permanent closure declaration for Wisconsin.,False
264,"""It costs nearly five times as much in California to build and maintain a mile of road as it does in the rest of the nation.""",John Cox,mistralai/Mistral-7B-Instruct-v0.2,The cost of building and maintaining a mile of road in California is higher than the national average.,high,The cost of building and maintaining a mile of road in California is nearly five times the cost in the rest of the nation.,high,The cost of building and maintaining a mile of road in the rest of the nation is lower than in California.,high,The cost of building and maintaining a mile of road in California is higher than the national average.,high,100,Verified,Data from the Federal Highway Administration supports this claim.,False
265,"Says NBC News reported that Hillary Clinton ""covered up elite pedophile ring at state department.""",Bloggers,mistralai/Mistral-7B-Instruct-v0.2,NBC News reported that Hillary Clinton covered up an elite pedophile ring at the State Department.,high,Hillary Clinton was reported to have covered up something at the State Department.,medium,NBC News reported on an elite pedophile ring.,medium,NBC News reported that Hillary Clinton covered up an elite pedophile ring at the State Department.,high,100,Likely false,No credible evidence supports this claim.,False
266,"""The health care price tag for childhood obesity in Georgia is $2.4 billion annually and rising.""",Nathan Deal,mistralai/Mistral-7B-Instruct-v0.2,The health care price tag for childhood obesity in Georgia is $2.4 billion annually,high,The health care price tag for childhood obesity in Georgia is rising,medium,The health care price tag for childhood obesity is not specified for any other state,low,The health care price tag for childhood obesity in Georgia is $2.4 billion annually,high,100,Verified,Supported by the provided statement,False
267,"Sanders’ ""Medicare for All"" plan ""would cost more than the entire federal budget that we spend now.""",Joe Biden,mistralai/Mistral-7B-Instruct-v0.2,Sanders' Medicare for All plan would cost more than the entire federal budget,high,The cost of Sanders' Medicare for All plan is more than the federal budget,high,The cost of Sanders' Medicare for All plan exceeds the federal budget we spend now,high,Sanders' Medicare for All plan would cost more than the entire federal budget,high,100,Likely false,Cost estimates for Medicare for All vary significantly and do not exceed the entire federal budget.,False
268,"""Two-thirds of the people who use Medicaid are poor children, but two-thirds of the money is for long-term care for seniors, whether in a facility or at home.""",Nancy Pelosi,mistralai/Mistral-7B-Instruct-v0.2,Two-thirds of the people who use Medicaid are poor children,low,Two-thirds of the money is for long-term care for seniors,medium,Long-term care for seniors can be provided in a facility or at home,low,Two-thirds of the money is for long-term care for seniors,medium,60,Verified,Data from the Centers for Medicare & Medicaid Services supports this claim.,False
269,"""Texas legislators have filed voucher proposals in every legislative session since 1995, but all of them have failed to become law.""",The Coalition for Public Schools,mistralai/Mistral-7B-Instruct-v0.2,Texas legislators have filed voucher proposals in every legislative session since 1995,high,All of the filed voucher proposals have failed to become law,high,There have been legislative sessions since 1995,medium,Texas legislators have filed voucher proposals in every legislative session since 1995,high,100,Verified,Claim is supported by the provided statement,True
270,"Says Scott Walker's ""listening sessions"" are ""invite-only and excluding the press.""",Dana Wachs,mistralai/Mistral-7B-Instruct-v0.2,Scott Walker is holding listening sessions,high,The listening sessions are invite-only,high,The press is excluded from the listening sessions,high,Scott Walker is holding listening sessions,high,100,Verified,The statement is consistent with the fact that the listening sessions are invite-only.,True
271,Says a photo shows Donald Trump kissing Ivanka Trump on the lips.,Viral image,mistralai/Mistral-7B-Instruct-v0.2,Photo shows Donald Trump and Ivanka Trump together,medium,Photo shows Donald Trump and Ivanka Trump in a close proximity,medium,Photo shows Donald Trump kissing Ivanka Trump on the lips,high,Photo shows Donald Trump kissing Ivanka Trump on the lips,high,100,Verified,Image shows the depicted action,False
272,"""In the 1990s, the Biden Crime Bill added 100,000 cops to America's streets. As a result, murder and violent crime rates went down eight years in a row.""",Joe Biden,mistralai/Mistral-7B-Instruct-v0.2,,,,,,,,,0,Uncertain,JSON parse error from model output.,False
273,"""The death rate for fully vaccinated people is significantly higher than non-vaccinated [people].""",Instagram posts,mistralai/Mistral-7B-Instruct-v0.2,The death rate for fully vaccinated people is higher than non-vaccinated people,high,The statement implies that the death rate for fully vaccinated people is significantly higher,high,The statement does not specify the time frame or the population being compared,low,The death rate for fully vaccinated people is higher than non-vaccinated people,high,100,Likely false,Multiple studies have shown that vaccination significantly reduces the risk of death from COVID-19.,False
274,"""NATO hasn't provided enough troops (in Afghanistan) because they are still angry about us going into Iraq.""",Barack Obama,mistralai/Mistral-7B-Instruct-v0.2,NATO has not provided enough troops in Afghanistan,high,NATO is still angry about the U.S. going into Iraq,medium,The lack of troops provided by NATO in Afghanistan is due to their anger about the U.S. going into Iraq,high,NATO has not provided enough troops in Afghanistan,high,100,Verified,Statement aligns with fact1,True
275,"""The last major oil spill from a drilling accident in America happened over 40 years ago in 1969.""",Eric Johnson,mistralai/Mistral-7B-Instruct-v0.2,The last major oil spill from a drilling accident in America,high,The oil spill happened over 40 years ago,high,The oil spill occurred in 1969,high,The last major oil spill from a drilling accident in America,high,100,Verified,Historical record confirms the 1969 Santa Barbara oil spill as the last major oil spill from a drilling accident in America.,False
276,"""Most research shows that (UW salaries) are a little behind, and (in) some areas we're behind more than others.""",Ray Cross,mistralai/Mistral-7B-Instruct-v0.2,UW salaries are a little behind,medium,"In some areas, UW salaries are behind more than others",medium,The research shows this,high,The research shows this,high,60,Verified,Ray Cross's statement aligns with the research he refers to.,True
277,"""Adolf Hitler confiscated all the weapons — took all the weapons, had a registry of everybody — and then on the night of June 30, 1934, sent out his secret police and murdered all of his political opponents.""",David Simmons,mistralai/Mistral-7B-Instruct-v0.2,Adolf Hitler confiscated all the weapons,high,had a registry of everybody,medium,"sent out his secret police and murdered all of his political opponents on the night of June 30, 1934",high,Adolf Hitler confiscated all the weapons,high,100,Verified,Historically documented,False
278,"Algeria ""wanted to be taken off of the terror list"" at the time it made an unreported donation to the Clinton Foundation.",Joe Scarborough,mistralai/Mistral-7B-Instruct-v0.2,Algeria made an unreported donation to the Clinton Foundation.,high,Algeria wanted to be taken off of the terror list.,medium,The timing of the donation and the request to be taken off the terror list is unclear.,low,Algeria made an unreported donation to the Clinton Foundation.,high,100,Uncertain,"The statement implies a causal relationship between the donation and the request to be taken off the terror list, which is not directly supported by the provided information.",False
279,Georgia has saved $20 million through changes in criminal sentencing.,Nathan Deal,mistralai/Mistral-7B-Instruct-v0.2,Georgia has made changes in criminal sentencing,high,Georgia has saved $20 million,high,The savings are due to changes in criminal sentencing,medium,Georgia has made changes in criminal sentencing,high,100,Verified,Statement aligns with provided fact,True
280,"A facial recognition firm ""confirmed antifa infiltrated the Trump rally in D.C.""",Facebook posts,mistralai/Mistral-7B-Instruct-v0.2,A facial recognition firm made a claim about antifa infiltrating a Trump rally in D.C.,high,The claim was made about antifa infiltrating a Trump rally in D.C.,high,The location of the alleged infiltration was D.C.,medium,A facial recognition firm made a claim about antifa infiltrating a Trump rally in D.C.,high,100,Uncertain,No evidence provided to support the claim.,False
281,"""Semi-automatic weapons, whether pistol or rifle, were designed for use by the military on the battlefield.""",Providence City Council,mistralai/Mistral-7B-Instruct-v0.2,Semi-automatic weapons were designed for use by the military on the battlefield.,high,Semi-automatic weapons can be pistols or rifles.,medium,The Providence City Council made a statement about semi-automatic weapons.,low,Semi-automatic weapons were designed for use by the military on the battlefield.,high,100,Verified,The statement accurately reflects the intended use of semi-automatic weapons.,False
282,"Obama has admitted a cap and trade plan would cause electricity bills to ""skyrocket.""",Sarah Palin,mistralai/Mistral-7B-Instruct-v0.2,Obama has proposed a cap and trade plan,high,Obama's cap and trade plan would affect electricity bills,medium,Electricity bills would skyrocket under Obama's cap and trade plan,medium,Obama has proposed a cap and trade plan,high,60,Verified,Sarah Palin's statement aligns with the proposed impact of cap and trade on electricity prices.,True
283,"""We know that every 85 visitors create one Florida job.""",Rick Scott,mistralai/Mistral-7B-Instruct-v0.2,Every 85 visitors create one Florida job,high,Number of visitors required to create one Florida job,high,The statement was made by Rick Scott,low,Every 85 visitors create one Florida job,high,100,Uncertain,The claim lacks supporting evidence and may not accurately represent the economic impact of tourism on job creation.,True
284,"Wisconsin’s ""effective"" unemployment rate is 20 percent.",Donald Trump,mistralai/Mistral-7B-Instruct-v0.2,The speaker claims Wisconsin's unemployment rate is 20 percent,high,The speaker refers to Wisconsin's unemployment rate as 'effective',medium,The speaker is Donald Trump,low,The speaker claims Wisconsin's unemployment rate is 20 percent,high,100,Uncertain,"As of the time of this response, the Bureau of Labor Statistics does not provide an 'effective' unemployment rate for Wisconsin. The commonly reported rate is 4.9% as of October 2021.",False
285,A $15-per-hour minimum wage would raise the price of a Taco Bell burrito to $38.,Jordan Rachel,mistralai/Mistral-7B-Instruct-v0.2,A $15-per-hour minimum wage is being proposed,high,A Taco Bell burrito's price could potentially increase,medium,The exact price increase of a Taco Bell burrito with a $15 minimum wage is $38,high,A $15-per-hour minimum wage is being proposed,high,100,Likely false,Exaggerated price increase,False
286,"""@BernieSanders receives strong support from the conservative & most rural part of Vermont.""",Jane O’Meara Sanders,mistralai/Mistral-7B-Instruct-v0.2,Jane O’Meara Sanders made a statement about Bernie Sanders' support,high,The statement refers to Bernie Sanders receiving support,high,The support for Bernie Sanders is from the conservative and most rural part of Vermont,medium,Jane O’Meara Sanders made a statement about Bernie Sanders' support,high,60,Uncertain,Insufficient data to verify the specific geographical distribution of Bernie Sanders' support.,True
287,"Says former Clinton budget director Alice Rivlin said the stimulus bill ""won't actually stimulate the economy.""",Mark Sanford,mistralai/Mistral-7B-Instruct-v0.2,Alice Rivlin said the stimulus bill won't actually stimulate the economy.,high,Alice Rivlin is a former Clinton budget director.,medium,The speaker is Mark Sanford.,low,Alice Rivlin said the stimulus bill won't actually stimulate the economy.,high,100,Verified,Statement is a direct quote from Alice Rivlin.,False
288,"Says Sen. John McCain was ""caught making highly illegal phone call to foreign country.""",Bloggers,mistralai/Mistral-7B-Instruct-v0.2,Sen. John McCain made a phone call,medium,The phone call was to a foreign country,medium,The phone call was 'highly illegal',low,Sen. John McCain made a phone call,medium,50,Uncertain,No evidence provided to support the claim of illegality.,False
289,Three naked women in photo are campaigning for the Democrats.,Bloggers,mistralai/Mistral-7B-Instruct-v0.2,Three individuals are in a photo,high,The individuals in the photo are campaigning,medium,The individuals in the photo are Democrats,medium,Three individuals are in a photo,high,60,Uncertain,No evidence provided to confirm the political affiliation of the individuals.,False
290,"Wisconsin’s 2019-21 budget produced the first positive general fund balance since 2000, and the governor’s proposed 2021-23 budget would return it to a deficit.",Wisconsin Republican Legislative leaders,mistralai/Mistral-7B-Instruct-v0.2,,,,,,,,,0,Uncertain,JSON parse error from model output.,True
291,"Says Barack Obama ""is the only president to ever cut $500 billion from Medicare.""",Mitt Romney,mistralai/Mistral-7B-Instruct-v0.2,Barack Obama cut $500 billion from Medicare,high,Barack Obama is the only president to ever cut $500 billion from Medicare,medium,The amount cut from Medicare by Barack Obama was $500 billion,high,Barack Obama cut $500 billion from Medicare,high,100,Verified,Factually accurate according to the Centers for Medicare and Medicaid Services,False
292,Video shows missile attack in Beirut explosion.,Bloggers,mistralai/Mistral-7B-Instruct-v0.2,There was an explosion in Beirut,high,The explosion was a missile attack,medium,A video shows the explosion,high,There was an explosion in Beirut,high,100,Uncertain,"The statement implies the explosion was a missile attack, but the video does not necessarily confirm this.",False
293,"Says, ""Since 1994 when VAWA was first passed, incidents of domestic violence have dropped more than 50 percent.""",Jeff Merkley,mistralai/Mistral-7B-Instruct-v0.2,,,,,,,,,0,Uncertain,JSON parse error from model output.,True
294,"""CDC admits old ‘science’ was wrong"" on COVID-19 quarantine guidance.",Duey Stroebel,mistralai/Mistral-7B-Instruct-v0.2,,,,,,,,,0,Uncertain,JSON parse error from model output.,False
295,"""Politicians and their corporate lobbyists are trying to take away my right to spend my paycheck how I want.""",Florida Education Association,mistralai/Mistral-7B-Instruct-v0.2,Politicians are trying to take away the right to spend paycheck how wanted.,high,Corporate lobbyists are involved in the attempt.,medium,The statement refers to a paycheck.,high,Politicians are trying to take away the right to spend paycheck how wanted.,high,100,Uncertain,Insufficient evidence provided to verify the claim.,False
296,"""Each day our nation pays communist China $73.9 million in interest on our debt.""",Randy Forbes,mistralai/Mistral-7B-Instruct-v0.2,The United States pays interest on its debt to China each day,high,The amount of interest paid to China each day is $73.9 million,high,The nation referred to in the statement is the United States,high,The United States pays interest on its debt to China each day,high,100,Verified,The statement is consistent with the U.S. Treasury Department's daily debt service reports.,True
297,"Says the USMCA is the ""biggest trade deal ever made.""",Donald Trump,mistralai/Mistral-7B-Instruct-v0.2,The USMCA is a trade deal,high,The USMCA is a trade deal made by the US,high,The USMCA is the biggest trade deal ever made,medium,The USMCA is a trade deal,high,100,Verified,Statement aligns with fact1 and fact2,False
298,"""If you are going to kill the families of terrorists, realize that there's something called the Geneva Convention we're going to have to pull out of.""",Rand Paul,mistralai/Mistral-7B-Instruct-v0.2,Rand Paul suggests killing the families of terrorists,high,Rand Paul suggests that there is a Geneva Convention,high,Rand Paul suggests that the U.S. may have to pull out of the Geneva Convention,medium,Rand Paul suggests killing the families of terrorists,high,100,Likely false,"The Geneva Conventions prohibit attacks against civilians, including family members of combatants.",True
299,"""The claim ... that we plan to set up panels of bureaucrats with the power to  kill off senior citizens ... is a lie, plain and simple.""",Barack Obama,mistralai/Mistral-7B-Instruct-v0.2,Barack Obama plans to set up panels of bureaucrats,high,Barack Obama plans to give panels of bureaucrats the power to kill off senior citizens,low,Barack Obama plans to kill off senior citizens,low,Barack Obama plans to set up panels of bureaucrats,high,100,Verified,"The statement is a denial, and the speaker, Barack Obama, is denying the claim that he plans to kill off senior citizens.",True
300,"Obama plans ""a tax increase for everyone earning more than $42,000 a year.""",John McCain,mistralai/Mistral-7B-Instruct-v0.2,Obama plans a tax increase,high,"The tax increase applies to everyone earning more than $42,000 a year",high,"The specific tax increase amount is $42,000 a year",low,Obama plans a tax increase,high,100,Verified,John McCain's statement aligns with Obama's tax plan proposals during that time.,False
301,"This photo shows ""headache treatments in 1890s known as vibration therapy.""",Facebook posts,mistralai/Mistral-7B-Instruct-v0.2,The photo shows a treatment for headaches,high,The treatment shown in the photo is known as vibration therapy,high,The treatment shown in the photo was used in the 1890s,medium,The photo shows a treatment for headaches,high,100,Verified,The statement matches the fact that the treatment shown in the photo is known as vibration therapy.,False
302,"Speaking of immigration cases, says, ""We have thousands of judges.""",Donald Trump,mistralai/Mistral-7B-Instruct-v0.2,There are immigration cases,high,There are thousands of immigration cases,medium,There are thousands of judges for immigration cases,high,There are immigration cases,high,100,Verified,Statement aligns with the fact that Donald Trump claimed there are thousands of judges.,False
303,The state’s overall revenues only returned this year to 2007 levels.,Nathan Deal,mistralai/Mistral-7B-Instruct-v0.2,The state's overall revenues have returned to 2007 levels,high,The state's overall revenues were at 2007 levels this year,high,The state's overall revenues were the same as in 2007 this year,high,The state's overall revenues have returned to 2007 levels,high,100,Verified,Claim matches the provided fact,True
304,Says Milwaukee police were protecting a sex offender's house and snuck children out of it after a mother tracked her missing daughter to that address.,Facebook posts,mistralai/Mistral-7B-Instruct-v0.2,Milwaukee police were protecting a sex offender's house,high,The police snuck children out of the sex offender's house,medium,A mother tracked her missing daughter to the address of a sex offender,high,Milwaukee police were protecting a sex offender's house,high,100,Uncertain,Claim requires further investigation and corroboration,False
305,"Tim Kaine, as governor, proposed tax increases on people earning ""as little as $17,000.""",George Allen,mistralai/Mistral-7B-Instruct-v0.2,Tim Kaine proposed tax increases,high,The tax increases were proposed by Tim Kaine as governor,high,"The tax increases were proposed on people earning as little as $17,000",high,Tim Kaine proposed tax increases,high,100,Verified,Supported by multiple sources,True
306,"Sen. Mark Kelly voted ""for benefits to illegals.""",National Republican Senatorial Committee,mistralai/Mistral-7B-Instruct-v0.2,Sen. Mark Kelly voted on a bill,high,The bill includes benefits,high,The beneficiaries of the bill are illegal immigrants,medium,Sen. Mark Kelly voted on a bill,high,100,Uncertain,Claim does not specify which bill or what specific benefits were involved.,False
307,"It's ""not true"" that since he's been the president, executions in Iran have increased by four times.",Mahmoud Ahmadinejad,mistralai/Mistral-7B-Instruct-v0.2,Executions in Iran have increased,medium,Executions in Iran have increased by four times,high,Mahmoud Ahmadinejad has been the president,low,Executions in Iran have increased by four times,high,80,Likely false,Data shows a significant increase in executions in Iran during Ahmadinejad's presidency.,False
308,"""The majority of hunters now want universal background checks, the majority of Trump voters.""",Amy Klobuchar,mistralai/Mistral-7B-Instruct-v0.2,The majority of hunters now want universal background checks,high,The majority of Trump voters want universal background checks,medium,Trump voters are hunters,low,The majority of hunters now want universal background checks,high,100,Uncertain,No specific source provided to verify the claim about the majority of hunters wanting universal background checks.,True
309,"Changes to DACA during his administration are ""because of the pandemic.""",Donald Trump,mistralai/Mistral-7B-Instruct-v0.2,"The speaker, Donald Trump, made changes to DACA during his administration.",high,The changes to DACA during Donald Trump's administration were because of the pandemic.,medium,The pandemic caused the changes to DACA.,medium,"The speaker, Donald Trump, made changes to DACA during his administration.",high,60,Uncertain,"The statement implies a causal relationship, but the specific reasons for changes to DACA during Trump's administration are not fully clear.",False
310,"""There are already more American jobs in the solar industry than in coal mining.""",Sheldon Whitehouse,mistralai/Mistral-7B-Instruct-v0.2,There are American jobs in the solar industry,high,There are more American jobs in the solar industry than in coal mining,high,There are jobs in coal mining,low,There are American jobs in the solar industry,high,100,Verified,Data from the Bureau of Labor Statistics supports this claim.,True
311,"Says Oregon’s high minimum wage is the reason why ""by 2011, Oregon's restaurants employed an average of only 13.8 workers, or 2.6 fewer employees than they did before the state's minimum wage began rising above the federal level in 1997.""",Melvin Sickler,mistralai/Mistral-7B-Instruct-v0.2,,,,,,,,,0,Uncertain,JSON parse error from model output.,False
312,"Says the Multnomah County Library system ""is the second busiest in the nation.""",Libraries Yes! Committee,mistralai/Mistral-7B-Instruct-v0.2,The Multnomah County Library system is the second busiest in the nation.,high,The Multnomah County Library system is a library system.,low,The Multnomah County Library system is a system.,low,The Multnomah County Library system is the second busiest in the nation.,high,100,Verified,Claim is supported by data from the library system or a reliable source.,True
313,"""Australian military being trained to **force vaccinate** in door-to-door attacks.""",Bloggers,mistralai/Mistral-7B-Instruct-v0.2,Australian military is being trained for door-to-door operations,medium,Australian military is being trained to force vaccinate,high,Australian military is conducting in door-to-door attacks,medium,Australian military is being trained to force vaccinate,high,100,Likely false,No credible evidence supports the claim that the Australian military is being trained to force vaccinate.,False
314,"""We have not taken away any rights that have currently existed in any city in North Carolina"" with the passage of HB2.",Pat McCrory,mistralai/Mistral-7B-Instruct-v0.2,HB2 was passed in North Carolina,high,HB2 did not take away any rights that currently exist in any city in North Carolina,high,The statement refers to the rights that currently exist in any city in North Carolina,medium,HB2 was passed in North Carolina,high,100,Verified,The statement is consistent with the chosen fact.,False
315,"""Sixty-one percent of our bridges are in trouble.""",Donald Trump,mistralai/Mistral-7B-Instruct-v0.2,Sixty-one percent of bridges are in trouble,high,The speaker is Donald Trump,medium,No specific timeframe or location is provided for the bridges,low,Sixty-one percent of bridges are in trouble,high,100,Verified,This claim is based on a report by the American Road & Transportation Builders Association,False
316,"A person’s immune system ""tanks"" after their second COVID-19 vaccine dose.",YouTube videos,mistralai/Mistral-7B-Instruct-v0.2,A person's immune system experiences a response after the second COVID-19 vaccine dose.,high,The immune system 'tanks' or weakens after the second COVID-19 vaccine dose.,low,The immune system's response after the second COVID-19 vaccine dose is different from the response after the first dose.,high,A person's immune system experiences a response after the second COVID-19 vaccine dose.,high,100,Verified,Immune response is expected after vaccination.,False
317,"George Allen voted for budgets that increased the national debt by $16,400 for every second he served in the U.S. Senate.",Jamie Radtke,mistralai/Mistral-7B-Instruct-v0.2,George Allen served in the U.S. Senate,high,Allen voted for budgets,medium,"The national debt increased by $16,400 for every second he served in the U.S. Senate",high,George Allen served in the U.S. Senate,high,100,Likely false,"Exaggerated claim, not supported by available data",True
318,"""Says authorities found 39 children in a double wide trailer in Georgia and it's not the biggest news story in America.""",Facebook posts,mistralai/Mistral-7B-Instruct-v0.2,Authorities found 39 children in a double wide trailer in Georgia.,high,It's not the biggest news story in America.,low,The location is Georgia.,medium,Authorities found 39 children in a double wide trailer in Georgia.,high,100,Verified,News reports confirm the finding of 39 children in a trailer in Georgia.,False
319,Did not vote for tax increases as a member of the West Miami City Commission.,Marco Rubio,mistralai/Mistral-7B-Instruct-v0.2,Marco Rubio did not vote for tax increases,high,as a member of the West Miami City Commission,high,Did not vote for specific tax increases,medium,Marco Rubio did not vote for tax increases,high,100,Verified,Statement aligns with Rubio's voting record as a member of the West Miami City Commission.,False
320,"Due to U.S. Senate rules, Democrats need ""more than a majority ... to codify Roe vs. Wade.""",Kelda Helen Roys,mistralai/Mistral-7B-Instruct-v0.2,,,,,,,,,0,Uncertain,JSON parse error from model output.,True
321,"Says Mike Pence ""said he won’t debate Kamala Harris.""",Facebook posts,mistralai/Mistral-7B-Instruct-v0.2,Mike Pence stated that he will not debate Kamala Harris.,high,The statement was made on Facebook.,medium,The debate has not been officially confirmed.,medium,Mike Pence stated that he will not debate Kamala Harris.,high,100,Verified,The statement is a direct quote from Mike Pence.,False
322,"""Pat Toomey advocated for eliminating all corporate taxes.""",Katie McGinty,mistralai/Mistral-7B-Instruct-v0.2,Pat Toomey advocated for eliminating some corporate taxes,medium,Pat Toomey proposed a plan to reduce corporate tax rates,medium,Pat Toomey advocated for eliminating all corporate taxes without exceptions,low,Pat Toomey advocated for eliminating some corporate taxes,medium,60,Uncertain,"Statement is not fully accurate as it implies elimination, while the fact suggests a reduction in corporate taxes.",True
323,Say a boy was 'caged' in a wire enclosure.,Tweets,mistralai/Mistral-7B-Instruct-v0.2,A person (possibly a boy) was confined in a space,medium,The confinement space was made of wire,high,The person confined was specifically identified as a boy,low,The confinement space was made of wire,high,100,Verified,The statement directly mentions a wire enclosure,False
324,"Soft-tissue cancer diagnoses have ""climbed through the roof"" in 2021 as a result of COVID-19 vaccines.",Facebook posts,mistralai/Mistral-7B-Instruct-v0.2,Soft-tissue cancer diagnoses have increased in 2021,medium,The increase in soft-tissue cancer diagnoses is a result of COVID-19 vaccines,low,The number of soft-tissue cancer diagnoses has 'climbed through the roof',medium,Soft-tissue cancer diagnoses have increased in 2021,medium,50,Uncertain,Insufficient evidence to confirm or refute the claim.,False
325,"Says unlike Tim Kaine, who ""invested"" in education, Indiana Gov. Mike Pence ""slashed education funding.""",Hillary Clinton,mistralai/Mistral-7B-Instruct-v0.2,Hillary Clinton claimed that Tim Kaine invested in education.,high,Hillary Clinton claimed that Mike Pence slashed education funding.,high,No specific information provided about the extent or nature of Tim Kaine's investment in education.,low,Hillary Clinton claimed that Tim Kaine invested in education.,high,100,Verified,The statement is a direct quote from Hillary Clinton.,False
326,"""In the United States, 50 percent of social services are provided by the Catholic church.""",Frank Keating,mistralai/Mistral-7B-Instruct-v0.2,50 percent of social services are provided by the Catholic church,high,The United States provides social services,medium,The Catholic church provides social services,high,50 percent of social services are provided by the Catholic church,high,100,Likely false,"Data from the National Council of Nonprofits shows that while the Catholic Church is one of the largest providers of social services in the U.S., it does not provide 50% of all social services.",False
327,"Before ""our last three presidents, you have to go back to the 1800s, early 1800s to find three presidents in a row being consecutively re-elected.""",Joe Scarborough,mistralai/Mistral-7B-Instruct-v0.2,Three presidents in a row have not been consecutively re-elected since the early 1800s.,high,The last three presidents were not consecutively re-elected.,high,No president has been consecutively re-elected since the early 1800s.,high,Three presidents in a row have not been consecutively re-elected since the early 1800s.,high,100,Verified,The statement accurately reflects the historical record.,True
328,"""A tax on soda and juice drinks would disproportionately increase taxes on low-income families in Philadelphia.""",Bernie Sanders,mistralai/Mistral-7B-Instruct-v0.2,A tax on soda and juice drinks is being proposed,high,The tax would increase taxes,high,The tax would disproportionately affect low-income families in Philadelphia,high,A tax on soda and juice drinks is being proposed,high,100,Verified,Statement aligns with the fact that the tax would disproportionately affect low-income families in Philadelphia.,True
329,"In New York state, ""you cannot charge an older person even one dollar more than a younger person"" for health insurance.",Chris Collins,mistralai/Mistral-7B-Instruct-v0.2,New York state has a law that regulates the pricing of health insurance based on age.,high,The law in New York state prevents charging an older person more than a younger person for health insurance.,high,The specific amount by which older people cannot be charged more than younger people for health insurance in New York state is not specified.,low,New York state has a law that regulates the pricing of health insurance based on age.,high,100,Verified,The statement accurately reflects the law in New York state.,True
330,"""The average cost for health insurance in Florida went from about $600 a month for an individual to about $150 a month.""",Charlie Crist,mistralai/Mistral-7B-Instruct-v0.2,,,,,,,,,0,Uncertain,JSON parse error from model output.,False
331,"""There's nothing in the voting instructions that we've been getting in the last several elections that lets you know"" about the limitations of the master lever.",Catherine Taylor,mistralai/Mistral-7B-Instruct-v0.2,The voting instructions provided in recent elections do not include information about the limitations of the master lever.,high,The voting instructions provided in recent elections do not specify the limitations of the master lever.,high,The voting instructions provided in recent elections do not provide details about the master lever's limitations.,high,The voting instructions provided in recent elections do not include information about the limitations of the master lever.,high,100,Verified,Statement aligns with the provided fact.,False
332,"""No Bridge to Nowhere could occur.""",Charles Schumer,mistralai/Mistral-7B-Instruct-v0.2,Charles Schumer stated that 'No Bridge to Nowhere' will not occur.,high,The statement 'No Bridge to Nowhere' refers to a controversial bridge project.,high,The controversial bridge project was not specified in the statement.,low,Charles Schumer stated that 'No Bridge to Nowhere' will not occur.,high,100,Verified,The statement is a direct quote from the speaker.,False
333,"Photos show Kamala Harris, Joe Biden, Gretchen Whitmer and Cory Booker violating COVID-19 safety precautions.",Viral image,mistralai/Mistral-7B-Instruct-v0.2,Kamala Harris is in a photo,high,Joe Biden is in a photo,high,Gretchen Whitmer and Cory Booker are in a photo,high,Kamala Harris is in a photo,high,100,Uncertain,Image does not specify violation of COVID-19 safety precautions.,False
334,"""Joe Biden and the Democrats want to prosecute Americans for going to church, but not for burning a church.""",Donald Trump,mistralai/Mistral-7B-Instruct-v0.2,Joe Biden and the Democrats want to prosecute Americans for going to church,high,but not for burning a church,medium,Joe Biden and the Democrats do not want to burn churches,high,Joe Biden and the Democrats want to prosecute Americans for going to church,high,100,Likely false,No credible evidence supports the claim that Joe Biden or the Democrats want to prosecute Americans for going to church.,False
335,"""At Texas A&M University, only 49 out of 3,000 faculty members brought in enough money to pay for their salaries and overhead over the past five years.""",Dick Armey,mistralai/Mistral-7B-Instruct-v0.2,"49 out of 3,000 faculty members brought in enough money to pay for their salaries over the past five years",high,The faculty members also covered their overhead costs over the past five years,medium,The statement refers to Texas A&M University,high,"49 out of 3,000 faculty members brought in enough money to pay for their salaries over the past five years",high,100,Verified,The statement can be verified by checking the financial records of Texas A&M University.,False
336,"Says U.S. Rep. Ilhan Omar has been ""arrested 23 times"" and is the ""daughter of (a) Somali terrorist.""",Facebook posts,mistralai/Mistral-7B-Instruct-v0.2,U.S. Rep. Ilhan Omar has been arrested 23 times,low,U.S. Rep. Ilhan Omar is the daughter of a Somali terrorist,low,Ilhan Omar is a U.S. Representative,high,Ilhan Omar is a U.S. Representative,high,100,Likely false,No credible sources support the claim that Rep. Ilhan Omar has been arrested 23 times or is the daughter of a Somali terrorist.,False
337,"Says 7,000 millionaires ""gamed the system to pay no income taxes.""",Tammy Baldwin,mistralai/Mistral-7B-Instruct-v0.2,"7,000 millionaires paid no income taxes",high,These millionaires gamed the system,medium,"The number of millionaires is 7,000",high,"7,000 millionaires paid no income taxes",high,100,Uncertain,Claim requires specific data and context to verify,False
338,"Says Gov. Scott Walker said ""no to equal pay for equal work for women.""",Tom Barrett,mistralai/Mistral-7B-Instruct-v0.2,Tom Barrett claimed that Gov. Scott Walker said 'no to equal pay for equal work for women.',high,Gov. Scott Walker said 'no' to equal pay for equal work for women.,high,There is no evidence that Gov. Scott Walker explicitly stated 'no' to equal pay for equal work for women.,low,Tom Barrett claimed that Gov. Scott Walker said 'no to equal pay for equal work for women.',high,100,Verified,The statement is a direct quote from Tom Barrett.,False
339,"Says abortion doctors are ""flying into this state, performing abortions and flying out.""",Matthew Hill,mistralai/Mistral-7B-Instruct-v0.2,Abortion procedures are being performed in the state,high,Doctors are traveling to the state to perform abortions,high,Doctors are flying to and from the state to perform abortions,medium,Abortion procedures are being performed in the state,high,100,Verified,Statement aligns with fact1 and fact2,False
340,"""Ted Cruz says owning a gun should be as hassle free as owning a car, which as I recall requires a license and registration.""",Facebook posts,mistralai/Mistral-7B-Instruct-v0.2,Ted Cruz says owning a gun should be as hassle free as owning a car,high,Owning a car requires a license,high,Owning a car requires registration,high,Ted Cruz says owning a gun should be as hassle free as owning a car,high,100,Uncertain,Ted Cruz's statement is not verifiable as it is an opinion about the ease of owning a gun compared to owning a car.,False
341,"Crist sent his ""top policy staffer to the House Committee to testify in support of the proposal,"" then vetoed the bill.",Adam Hasner,mistralai/Mistral-7B-Instruct-v0.2,Crist sent his top policy staffer to the House Committee to testify,high,Crist's top policy staffer testified in support of the proposal,medium,Crist vetoed the bill,high,Crist sent his top policy staffer to the House Committee to testify,high,100,Verified,Statement aligns with fact1 and fact3,True
342,"""Florida seniors are exempt"" from losing Medicare Advantage under the federal health care bill.",George Pataki,mistralai/Mistral-7B-Instruct-v0.2,Florida seniors are exempt from losing Medicare Advantage,high,The statement refers to a federal health care bill,medium,George Pataki is the speaker,low,Florida seniors are exempt from losing Medicare Advantage,high,100,Verified,The statement is made by a political figure and aligns with the current policy that Florida seniors are exempt from losing Medicare Advantage under the federal health care bill.,False
343,Photo shows Ice Cube and 50 Cent wearing Donald Trump hats.,Viral image,mistralai/Mistral-7B-Instruct-v0.2,Ice Cube is wearing a Donald Trump hat,high,50 Cent is wearing a Donald Trump hat,high,The photo shows both Ice Cube and 50 Cent,high,Ice Cube is wearing a Donald Trump hat,high,100,Verified,Image shows Ice Cube wearing a Trump hat,False
344,"Says Kelly Ayotte ""voted again yesterday against a proposal to expand background checks -- (buyers) can continue to simply go online or to gun shows to purchase guns without background checks.""",Maggie Hassan,mistralai/Mistral-7B-Instruct-v0.2,Kelly Ayotte voted against a proposal to expand background checks,high,The proposal aimed to expand background checks for gun purchases,high,Background checks can be bypassed for online or gun show purchases,high,Kelly Ayotte voted against a proposal to expand background checks,high,100,Verified,Statement aligns with the fact that Kelly Ayotte voted against a proposal to expand background checks.,True
345,"West Virginia has ""the nation’s lowest workforce participation rate, which hovers around 50 percent, when the national average is about 63 percent.""",E. Gordon Gee,mistralai/Mistral-7B-Instruct-v0.2,West Virginia has the nation's lowest workforce participation rate,high,The workforce participation rate in West Virginia hovers around 50 percent,high,The national average workforce participation rate is about 63 percent,medium,West Virginia has the nation's lowest workforce participation rate,high,100,Verified,Data from the U.S. Bureau of Labor Statistics supports this claim.,True
346,"""It’s coming. Nobody can stop this train.""",Raymond LaHood,mistralai/Mistral-7B-Instruct-v0.2,Raymond LaHood predicts an impending event,high,Raymond LaHood refers to a train metaphorically,medium,Nobody can stop the predicted event according to Raymond LaHood,high,Raymond LaHood predicts an impending event,high,100,Uncertain,Predictions are inherently uncertain.,False
347,"Barnes & Noble and Target have the book ""If You Give a Pig the White House"" in their children’s sections.",Viral image,mistralai/Mistral-7B-Instruct-v0.2,,,,,,,,,0,Uncertain,JSON parse error from model output.,False
348,"Rick Scott ""has said that he would do away with the Department of Community Affairs.""",Alex Sink,mistralai/Mistral-7B-Instruct-v0.2,Rick Scott has expressed a desire to eliminate the Department of Community Affairs.,high,Rick Scott has stated a position on the Department of Community Affairs.,high,The Department of Community Affairs may be affected by Rick Scott's policies.,medium,Rick Scott has expressed a desire to eliminate the Department of Community Affairs.,high,100,Verified,The statement accurately reflects Alex Sink's claim.,False
349,"""Amazon accepts Dogecoin.""",Viral image,mistralai/Mistral-7B-Instruct-v0.2,Amazon accepts Dogecoin as a form of payment,low,Amazon has a partnership or integration with Dogecoin,medium,Amazon has officially announced accepting Dogecoin,low,Amazon has a partnership or integration with Dogecoin,medium,30,Uncertain,"As of now, there is no official confirmation from Amazon regarding the acceptance of Dogecoin as a form of payment.",False
350,"""I just talked about guns. I told you what my position was, and what I did as governor, the fact that I received the endorsement of the NRA.""",Mitt Romney,mistralai/Mistral-7B-Instruct-v0.2,Mitt Romney talked about guns,high,Mitt Romney stated his position on guns,high,Mitt Romney received the endorsement of the NRA,medium,Mitt Romney talked about guns,high,100,Verified,The statement is directly stated in the quote.,False
351,"Quotes President John F. Kennedy as saying ""If the United States ever experienced [a coup to overthrow the government] it will come from the CIA and not the Pentagon.""",Facebook posts,mistralai/Mistral-7B-Instruct-v0.2,President John F. Kennedy made a statement about a potential coup.,high,The statement by President Kennedy was about a coup.,high,"The potential coup mentioned by Kennedy was said to come from the CIA, not the Pentagon.",high,President John F. Kennedy made a statement about a potential coup.,high,100,Verified,The statement is a direct quote from President John F. Kennedy.,False
352,"Carlos Gimenez ""wants a national database to track you and discriminate against you.""",America First Political Committee,mistralai/Mistral-7B-Instruct-v0.2,Carlos Gimenez wants a national database,high,Carlos Gimenez wants to track individuals,medium,Carlos Gimenez wants to discriminate against individuals,medium,Carlos Gimenez wants a national database,high,100,Uncertain,The statement implies a specific intent (discrimination) without providing clear evidence.,False
353,"The U.S. ""tax rate on successful small businesses is 44.6 percent,"" while the business tax rate in Canada is 15 percent.",Paul Ryan,mistralai/Mistral-7B-Instruct-v0.2,The U.S. tax rate on successful small businesses is 44.6 percent,high,The business tax rate in Canada is 15 percent,high,The difference between the U.S. and Canada's business tax rates,medium,The U.S. tax rate on successful small businesses is 44.6 percent,high,100,Verified,Statement is consistent with the provided fact.,True
354,"""There is a 34 percent increase in violent crime in the state of California. … And that’s just within the last year.""",Duf Sundheim,mistralai/Mistral-7B-Instruct-v0.2,There is a 34 percent increase in violent crime in the state of California.,high,The increase in violent crime occurred within the last year.,medium,The violent crime increase occurred in the state of California.,high,There is a 34 percent increase in violent crime in the state of California.,high,100,Verified,Data from California Department of Justice or FBI Uniform Crime Reporting can be used to verify this claim.,False
355,"The United States has ""one of the highest corporate tax rates in the world.""",Barack Obama,mistralai/Mistral-7B-Instruct-v0.2,The United States has a high corporate tax rate,high,The United States has one of the highest corporate tax rates in the world,high,The specific ranking of the United States' corporate tax rate in the world is not specified,low,The United States has a high corporate tax rate,high,100,Verified,Barack Obama's statement is consistent with the fact that the United States has a high corporate tax rate.,True
356,"""Thirty-four of the last 44 (debt ceiling increases) have been for less than a year. So, this notion that short-term is somehow the exception, it's actually the rule.""",Rob Portman,mistralai/Mistral-7B-Instruct-v0.2,Thirty-four of the last 44 debt ceiling increases have been for less than a year.,high,"This notion that short-term is somehow the exception, it's actually the rule.",medium,There have been 44 debt ceiling increases in total.,medium,Thirty-four of the last 44 debt ceiling increases have been for less than a year.,high,100,Verified,Rob Portman's statement is supported by the data provided.,True
357,"Says the city of Portland has one manager for every six ""front-line"" workers.",Jefferson Smith,mistralai/Mistral-7B-Instruct-v0.2,The city of Portland has a certain number of managers for every six 'front-line' workers.,high,The number of managers in the city of Portland is a certain number.,high,The city of Portland has a certain number of 'front-line' workers.,high,The city of Portland has a certain number of managers for every six 'front-line' workers.,high,100,Uncertain,The statement requires specific data to verify the exact ratio of managers to 'front-line' workers in the city of Portland.,True
358,"""Twitter caught leaking Donald Trump’s private messages in undercover sting.""",Bloggers,mistralai/Mistral-7B-Instruct-v0.2,Twitter caught leaking Donald Trump’s private messages,high,Twitter was involved in an undercover sting,medium,The leaked messages were from Donald Trump,high,Twitter caught leaking Donald Trump’s private messages,high,100,Uncertain,No evidence provided to support this claim.,False
359,"A member of the redistricting commission proposed in Issue 2 ""could accept a bribe from somebody"" and ""couldn’t be removed from this commission.""",Jon Husted,mistralai/Mistral-7B-Instruct-v0.2,A member of the redistricting commission proposed in Issue 2 could accept a bribe,high,A member of the redistricting commission proposed in Issue 2 couldn’t be removed from this commission,medium,,,A member of the redistricting commission proposed in Issue 2 could accept a bribe,high,100,Likely false,"The statement implies that a member of the commission could not be removed if they accept a bribe, which is not necessarily true as laws and regulations would apply.",False
360,"""He (Obama) has done several things well. Most of those things are places where he changed his view from where he had during the campaign. So, for instance, he's left our troops in Iraq and they're being more successful there. He boosted our effort in Afghanistan, which is the right course to take. He did not close Guantanamo, thank heavens.""",Mitt Romney,mistralai/Mistral-7B-Instruct-v0.2,Obama left our troops in Iraq,high,Obama boosted our effort in Afghanistan,high,Obama did not close Guantanamo,medium,Obama left our troops in Iraq,high,100,Verified,Mitt Romney stated that Obama left troops in Iraq.,False
361,"""I know that Hillary on occasion has said — just last year said this (NAFTA) was a boon to the economy.""",Barack Obama,mistralai/Mistral-7B-Instruct-v0.2,Hillary Clinton stated that NAFTA was a boon to the economy,high,Hillary Clinton made this statement last year,medium,Barack Obama knows that Hillary Clinton stated NAFTA was a boon to the economy,high,Hillary Clinton stated that NAFTA was a boon to the economy,high,100,Verified,Statement aligns with fact1,False
362,"""Rhode Island already gets more revenue per capita from gambling than any other state in the country.""",Eugene McKenna,mistralai/Mistral-7B-Instruct-v0.2,Rhode Island gets more revenue per capita from gambling than any other state in the country,high,Rhode Island gets revenue from gambling,high,The amount of revenue per capita from gambling in Rhode Island is the highest in the country,high,Rhode Island gets more revenue per capita from gambling than any other state in the country,high,100,Verified,Data from the National Gambling Impact Study Commission shows Rhode Island consistently ranks among the top states in per capita gambling revenue.,True
363,"A ""study showed as many as one in four people have had a package stolen from their residence.""",Rob Hutton,mistralai/Mistral-7B-Instruct-v0.2,A study was conducted,high,The study showed that one in four people have had a package stolen from their residence,high,The study was conducted by Rob Hutton,low,A study was conducted,high,100,Verified,The statement is consistent with the fact that the study showed one in four people have had a package stolen.,True
364,"""The health insurance plan that (members of Congress) have is no different than any other federal employee's in the United States government.""",Steve Southerland,mistralai/Mistral-7B-Instruct-v0.2,Members of Congress have a health insurance plan,high,The health insurance plan of members of Congress is similar to other federal employees,medium,The health insurance plan of members of Congress is the same as any other federal employee's,low,Members of Congress have a health insurance plan,high,100,Verified,Members of Congress are federal employees and typically receive health insurance benefits as part of their employment.,True
365,"Says after a car accident comedian Kevin Hart has been ""paralyzed from the neck down"" and his ""vocal cords have been paralyzed as well, leaving him with the inability to speak.""",Facebook posts,mistralai/Mistral-7B-Instruct-v0.2,Kevin Hart has been paralyzed from the neck down,high,Kevin Hart's vocal cords have been paralyzed,medium,Kevin Hart has the inability to speak,medium,Kevin Hart has been paralyzed from the neck down,high,100,Likely false,"Incorrect claim, Kevin Hart was not paralyzed from the neck down after a car accident.",False
366,"Says it shows a ""DNC Group"" teaching ""ILLEGAL VOTING in Arizona.""",YouTube videos,mistralai/Mistral-7B-Instruct-v0.2,A YouTube video claims to show a DNC group teaching illegal voting in Arizona.,high,The video does not specify what exactly the DNC group is teaching.,medium,The video does not provide evidence that the DNC group is based in Arizona.,low,A YouTube video claims to show a DNC group teaching illegal voting in Arizona.,high,100,Likely false,No credible evidence has been provided to support the claim.,False
367,"""The president is advocating a drone strike program in America.""",Rand Paul,mistralai/Mistral-7B-Instruct-v0.2,The president is advocating for a drone strike program,high,The drone strike program is in America,medium,Rand Paul is stating this,low,The president is advocating for a drone strike program,high,100,Uncertain,No specific evidence provided to verify the claim,False
368,"Says Dan Patrick ""proposed Arizona-style show-me-your-papers legislation.""",Julián Castro,mistralai/Mistral-7B-Instruct-v0.2,,,,,,,,,0,Uncertain,JSON parse error from model output.,True
369,"If Austin voters reject Proposition 1, a ""completely new City-run"" criminal background check ""process will cost millions in processing fees, additional staff, and bureaucracy"" with taxpayers getting ""the bill.""",Ridesharing Works for Austin,mistralai/Mistral-7B-Instruct-v0.2,,,,,,,,,0,Uncertain,JSON parse error from model output.,False
370,"Ketanji Brown Jackson ""gave a lecture talking about critical race theory as one of the components to consider when you are making decisions on the bench.""",Marsha Blackburn,mistralai/Mistral-7B-Instruct-v0.2,Ketanji Brown Jackson gave a lecture,high,Ketanji Brown Jackson discussed critical race theory,high,Critical race theory is a component to consider when making decisions on the bench,medium,Ketanji Brown Jackson gave a lecture,high,100,Verified,Statement aligns with the fact that Ketanji Brown Jackson discussed critical race theory.,False
371,"""Wisconsin lost more jobs over the past 12 months than any other state.""",Barbara Buono,mistralai/Mistral-7B-Instruct-v0.2,Wisconsin lost jobs over the past 12 months,high,Wisconsin lost more jobs than any other state,high,over the past 12 months,medium,Wisconsin lost jobs over the past 12 months,high,100,Verified,Data from the Bureau of Labor Statistics supports this claim.,True
372,"""A lot"" of Sen. Sherrod Brown’s policies ""reflect that interest in Marxism"" and a fondness for communism.",Mike Gibbons,mistralai/Mistral-7B-Instruct-v0.2,Sen. Sherrod Brown's policies reflect an interest in Marxism.,high,Sen. Sherrod Brown's policies have a connection to communism.,high,A significant portion of Sen. Sherrod Brown's policies are related to Marxism.,medium,Sen. Sherrod Brown's policies reflect an interest in Marxism.,high,90,Uncertain,Claim requires evidence to support the assertion that Sen. Brown's policies reflect a significant interest in Marxism.,False
373,"""In fiscal year 2011-2012, 4,191 abortions were paid for by taxpayers via the Oregon Health Plan.""",Oregon 2014,mistralai/Mistral-7B-Instruct-v0.2,,,,,,,,,0,Uncertain,JSON parse error from model output.,True
374,"""Virginia Democrat operatives"" and Terry McAuliffe campaign staffers posed as white supremacists and stood by Republican Glenn Youngkin’s bus.",Facebook posts,mistralai/Mistral-7B-Instruct-v0.2,Virginia Democrat operatives posed as white supremacists,high,Terry McAuliffe campaign staffers posed as white supremacists,high,They stood by Republican Glenn Youngkin’s bus,medium,Virginia Democrat operatives posed as white supremacists,high,100,Verified,Supported by news reports,False
375,"""Statistics show that more people of color don't have cars than not. So how do (drive-thru voting centers) help those folks?""",Dan Patrick,mistralai/Mistral-7B-Instruct-v0.2,More people of color don't have cars than not,high,There are drive-thru voting centers,high,Drive-thru voting centers help those without cars,medium,More people of color don't have cars than not,high,100,Uncertain,Claim requires further investigation and context to verify.,False
376,Says Benjamin Netanyahu gave a speech to Hamas leaders thanking them for uniting Israel.,Facebook posts,mistralai/Mistral-7B-Instruct-v0.2,Benjamin Netanyahu gave a speech,high,Benjamin Netanyahu spoke to Hamas leaders,high,Hamas leaders united Israel,low,Benjamin Netanyahu gave a speech,high,100,Likely false,"No evidence supports Netanyahu giving a speech to Hamas leaders, let alone thanking them for uniting Israel.",False
377,"""In Chicago, they've had thousands of shootings, thousands since Jan. 1. Thousands of shootings.""",Donald Trump,mistralai/Mistral-7B-Instruct-v0.2,There have been thousands of shootings in Chicago since January 1.,high,The number of shootings in Chicago is significant.,high,The number of shootings in Chicago is ongoing.,medium,There have been thousands of shootings in Chicago since January 1.,high,100,Verified,Data from the Chicago Police Department confirms a high number of shootings in the city since January 1.,True
378,"Former President George W. Bush and former Vice President Dick Cheney are ""unable to visit Europe due to outstanding warrants.""",Facebook posts,mistralai/Mistral-7B-Instruct-v0.2,Former President George W. Bush has outstanding warrants in Europe.,high,Former Vice President Dick Cheney has outstanding warrants in Europe.,high,Both former President George W. Bush and former Vice President Dick Cheney are unable to visit Europe due to outstanding warrants.,,Former President George W. Bush has outstanding warrants in Europe.,high,100,Uncertain,"The statement implies a specific travel restriction, which requires confirmation from official sources.",False
379,"""50% of Hispanic students count on Pell Grants to pay for college.""",Ruben Hinojosa,mistralai/Mistral-7B-Instruct-v0.2,50% of Hispanic students rely on Pell Grants to pay for college,high,Ruben Hinojosa stated that 50% of Hispanic students rely on Pell Grants to pay for college,high,Pell Grants are financial aid for college,high,50% of Hispanic students rely on Pell Grants to pay for college,high,100,Verified,Statement matches the fact provided by Ruben Hinojosa,True
380,"Says the Asian, Hong Kong, swine and bird flus each ""killed more people than coronavirus.""",Facebook posts,mistralai/Mistral-7B-Instruct-v0.2,Asian flu killed more people than coronavirus,high,Hong Kong flu killed more people than coronavirus,high,Swine flu killed more people than coronavirus,high,Asian flu killed more people than coronavirus,high,100,Uncertain,"Claim requires specific death toll comparisons, which are not always accurate due to differences in reporting and tracking methods over time.",False
381,Says Osama bin Laden endorsed Joe Biden,Donald Trump Jr.,mistralai/Mistral-7B-Instruct-v0.2,Osama bin Laden endorsed Joe Biden,high,Osama bin Laden is deceased,high,Joe Biden is a current political candidate,high,Osama bin Laden endorsed Joe Biden,high,0,Likely false,Osama bin Laden was killed in 2011 and cannot endorse political candidates.,False
382,"Says Michigan Gov. Gretchen Whitmer’s family spent May 20 at her second home, breaking her own stay-at-home orders.",Facebook posts,mistralai/Mistral-7B-Instruct-v0.2,,,,,,,,,0,Uncertain,JSON parse error from model output.,False
383,"""At least 7 dead and 48 wounded in terror attack and Mayor of London says there is ‘no reason to be alarmed!’ """,Donald Trump,mistralai/Mistral-7B-Instruct-v0.2,There was a terror attack,high,At least 7 people died in the terror attack,medium,At least 48 people were wounded in the terror attack,medium,There was a terror attack,high,100,Verified,Statement accurately reflects the event reported by multiple sources.,False
384,"Thomas Jefferson said, ""That government is best which governs the least, because its people discipline themselves.""",Jody Hice,mistralai/Mistral-7B-Instruct-v0.2,"Thomas Jefferson said, 'That government is best which governs the least'",high,"Thomas Jefferson said, 'its people discipline themselves'",medium,"'That government is best which governs the least, because its people discipline themselves' is a quote from Thomas Jefferson",high,"Thomas Jefferson said, 'That government is best which governs the least'",high,100,Verified,Quote is accurately attributed to Thomas Jefferson,False
385,"""The average student will be spending $1,700 to $1,800 more during the life of their loan because of this surcharge.""",Lindsey Graham,mistralai/Mistral-7B-Instruct-v0.2,The statement mentions a surcharge on student loans.,high,"The average student will be spending $1,700 to $1,800 more during the life of their loan.",high,The surcharge is the cause of the increased spending.,medium,The statement mentions a surcharge on student loans.,high,100,Verified,The statement is a direct quote from the speaker and provides a specific monetary amount.,False
386,"Wisconsin Gov. Scott Walker’s ""budget okays disposing of unclaimed pound dogs to university research facilities.""",Bloggers,mistralai/Mistral-7B-Instruct-v0.2,Wisconsin Gov. Scott Walker's budget includes a provision for disposing of unclaimed pound dogs,high,The unclaimed pound dogs are to be disposed of,high,The destination for the disposed unclaimed pound dogs is university research facilities,high,Wisconsin Gov. Scott Walker's budget includes a provision for disposing of unclaimed pound dogs,high,100,Verified,The statement aligns with the fact that the budget includes a provision for disposing of unclaimed pound dogs.,False
387,"A recent economic uptick appears to ""coincide"" with ""the expectation of a new Republican Congress.""",Mitch McConnell,mistralai/Mistral-7B-Instruct-v0.2,There has been a recent economic uptick,high,"The speaker, Mitch McConnell, claims that the economic uptick coincides with the expectation of a new Republican Congress",high,A new Republican Congress is expected,high,There has been a recent economic uptick,high,100,Verified,The statement is consistent with the fact that a recent economic uptick has occurred.,False
388,"Says if you donate blood, ""they HAVE to test you"" for coronavirus.",Viral image,mistralai/Mistral-7B-Instruct-v0.2,Blood donation centers test donors for coronavirus,high,Donating blood is mandatory,low,Blood donation centers test donors specifically for the coronavirus,high,Blood donation centers test donors for coronavirus,high,100,Verified,Blood donation centers test for coronavirus to ensure safety of the blood supply.,False
389,"Says that ""you can’t destroy the guns purchased in a (gun) buyback program as the city (of Memphis) wants to do.""",Stacey Campfield,mistralai/Mistral-7B-Instruct-v0.2,City of Memphis wants to destroy guns purchased in a buyback program,high,Guns can be purchased in a buyback program,high,It is not possible to destroy guns purchased in a buyback program,low,City of Memphis wants to destroy guns purchased in a buyback program,high,100,Uncertain,"The statement implies that the city of Memphis intends to destroy guns purchased in a buyback program, but the actual policy and its implementation are not fully known.",False
390,"Ann Kuster ""supports the government takeover of healthcare, which robs Medicare of over $700 billion.""",Charles Bass,mistralai/Mistral-7B-Instruct-v0.2,Ann Kuster supports the government takeover of healthcare,high,The government takeover of healthcare would rob Medicare of over $700 billion,high,Ann Kuster's stance on healthcare is not specified in the statement,low,Ann Kuster supports the government takeover of healthcare,high,100,Verified,The statement directly quotes Charles Bass attributing a stance on healthcare takeover to Ann Kuster.,False
391,"""Obama Makes Huge Move to BAN Social Security Recipients From Owning Guns""",Bloggers,mistralai/Mistral-7B-Instruct-v0.2,Obama made a move to ban Social Security recipients from owning guns,high,Obama made a move,medium,Social Security recipients were targeted,high,Obama made a move to ban Social Security recipients from owning guns,high,100,Likely false,No evidence supports this claim. Obama did not issue a policy to ban Social Security recipients from owning guns.,False
392,"""FEMA forcibly vaccinating Ida evacuees.""",Viral image,mistralai/Mistral-7B-Instruct-v0.2,FEMA is involved in the evacuation process of Hurricane Ida,high,FEMA is forcibly vaccinating evacuees of Hurricane Ida,low,Hurricane Ida evacuees are being vaccinated,medium,FEMA is involved in the evacuation process of Hurricane Ida,high,60,Uncertain,No evidence provided to support forced vaccination,False
393,"Says the governors of Michigan, New York and Nevada ""have issued orders banning the prescription of hydroxychloroquine to patients with COVID-19.""",Facebook posts,mistralai/Mistral-7B-Instruct-v0.2,"Governors of Michigan, New York, and Nevada have issued orders",high,regarding the prescription of hydroxychloroquine,high,to patients with COVID-19,high,"Governors of Michigan, New York, and Nevada have issued orders",high,100,Verified,Multiple news sources have reported on these orders.,False
394,Says Daniel Webster thinks wives should submit to their husbands.,Alan Grayson,mistralai/Mistral-7B-Instruct-v0.2,Daniel Webster is mentioned in the statement,high,The statement suggests a belief that wives should submit to their husbands,high,Alan Grayson is the speaker of the statement,medium,Daniel Webster is mentioned in the statement,high,100,Uncertain,The statement is a paraphrase and does not directly quote Daniel Webster's beliefs.,False
395,"Says Richard Cordray’s ""plan would allow drug dealers to remain on our streets.""",Mike DeWine,mistralai/Mistral-7B-Instruct-v0.2,Richard Cordray has a plan.,high,Richard Cordray's plan allows drug dealers to remain on the streets.,high,Drug dealers remain on the streets.,high,Richard Cordray has a plan.,high,100,Likely false,No specific evidence provided to support the claim that Richard Cordray's plan allows drug dealers to remain on the streets.,False
396,"""The average (Wisconsin) resident’s tax burden is at its lowest level in nearly 50 years while incomes continue to grow.""",Roger Roth,mistralai/Mistral-7B-Instruct-v0.2,The average Wisconsin resident's tax burden is at its lowest level in nearly 50 years,high,Incomes continue to grow,medium,The average Wisconsin resident's tax burden is lower than it was 50 years ago,high,The average Wisconsin resident's tax burden is at its lowest level in nearly 50 years,high,100,Verified,Data from the Wisconsin Department of Revenue supports this claim.,True
397,"Ezekiel Emanuel, one of President Obama's key health care advisers, ""says medical care should be reserved for the nondisabled. So watch out if you're disabled.""",Michele Bachmann,mistralai/Mistral-7B-Instruct-v0.2,Ezekiel Emanuel is one of President Obama's key health care advisers,high,Ezekiel Emanuel says medical care should be reserved for the nondisabled,medium,So watch out if you're disabled,low,Ezekiel Emanuel is one of President Obama's key health care advisers,high,50,Likely false,Emanuel's writings do not support the claim that he advocates for medical care to be reserved for the nondisabled,False
398,"Says Newt Gingrich’s contract was with ""the lobbyists at Freddie Mac.""",Mitt Romney,mistralai/Mistral-7B-Instruct-v0.2,Newt Gingrich had a contract with Freddie Mac,high,Newt Gingrich's contract was with lobbyists,medium,The lobbyists at Freddie Mac were involved in Newt Gingrich's contract,high,Newt Gingrich had a contract with Freddie Mac,high,100,Verified,Mitt Romney's statement aligns with the verified fact that Newt Gingrich had a contract with Freddie Mac.,True
399,"Says ballots in Wisconsin ""are being dumped in rivers"" or creeks.",Donald Trump,mistralai/Mistral-7B-Instruct-v0.2,Ballots are being dumped in rivers or creeks,high,Ballots are being discarded in water bodies,high,Ballots are being disposed of in a manner that could potentially damage them,medium,Ballots are being dumped in rivers or creeks,high,100,Uncertain,Insufficient evidence provided to verify claim.,False
400,"Tylenol ""ruins your ability to kill"" COVID-19.",Instagram posts,mistralai/Mistral-7B-Instruct-v0.2,Tylenol is not a treatment for COVID-19,high,Tylenol does not have the ability to kill viruses,high,Tylenol does not affect the ability to kill COVID-19,high,Tylenol is not a treatment for COVID-19,high,100,Likely false,Tylenol is not an antiviral medication,False
401,"""I've also offered a plan that can help (fix Social Security) that's supported by Robert Reich, secretary of labor previously, in a previous administration.""",Charlie Crist,mistralai/Mistral-7B-Instruct-v0.2,Charlie Crist has offered a plan to fix Social Security.,high,Charlie Crist's plan to fix Social Security is supported by Robert Reich.,medium,Robert Reich is a former secretary of labor in a previous administration.,high,Charlie Crist has offered a plan to fix Social Security.,high,100,Verified,Statement aligns with fact1.,False
402,"U.S. farmers are receiving $16 billion ""out of the tariffs that we’ve gotten from China.""",Donald Trump,mistralai/Mistral-7B-Instruct-v0.2,U.S. farmers are receiving $16 billion,high,the money is coming from tariffs,medium,the tariffs are from China,high,U.S. farmers are receiving $16 billion,high,100,Verified,Statement aligns with official government announcement,False
403,"Liberty University students ""were mandated"" to attend Sen. Ted Cruz’s presidential announcement ""or they would be fined.""",Jess McIntosh,mistralai/Mistral-7B-Instruct-v0.2,Sen. Ted Cruz held a presidential announcement,high,Liberty University students were mandated to attend Sen. Ted Cruz's presidential announcement,high,Liberty University students would be fined if they did not attend Sen. Ted Cruz's presidential announcement,high,Sen. Ted Cruz held a presidential announcement,high,100,Verified,"Statement aligns with fact1, fact2, and fact3",True
404,"Philadelphia Eagles players stayed ""in the Locker Room for the playing of our our National Anthem"" or were ""kneeling.""",Donald Trump,mistralai/Mistral-7B-Instruct-v0.2,Philadelphia Eagles players stayed in the Locker Room,high,for the playing of our National Anthem,high,or were kneeling,medium,Philadelphia Eagles players stayed in the Locker Room,high,100,Verified,Statement matches the fact that Philadelphia Eagles players stayed in the Locker Room.,False
405,Democrats say Chafee wants to tax equipment that enables amputee veterans to drive,Democratic Governors Association,mistralai/Mistral-7B-Instruct-v0.2,Democrats made a statement about Chafee,high,Democrats said something about taxing equipment,medium,The equipment in question enables amputee veterans to drive,high,Democrats made a statement about Chafee,high,60,Uncertain,No specific tax proposal by Chafee has been verified,True
406,"For 22 percent of N.H. Meals on Wheels recipients, the delivery driver is ""the only human contact in their life from week to week.""",Ann McLane Kuster,mistralai/Mistral-7B-Instruct-v0.2,,,,,,,,,0,Uncertain,JSON parse error from model output.,True
407,"Says the ""bones of children"" were found on Jeffrey Epstein’s island.",Facebook posts,mistralai/Mistral-7B-Instruct-v0.2,Jeffrey Epstein's island was mentioned,high,Bones were found,medium,The bones were found on Jeffrey Epstein's island,high,Jeffrey Epstein's island was mentioned,high,100,Uncertain,"Investigations into Jeffrey Epstein's death are ongoing, and the claim about bones found on his island has not been definitively verified.",False
408,"""Ukraine has been shooting residents of Donetsk and Lugansk just because they wanted to speak Russian.""",Facebook posts,mistralai/Mistral-7B-Instruct-v0.2,Ukraine has been shooting residents of Donetsk,high,Ukraine has been shooting residents of Lugansk,high,Residents of Donetsk and Lugansk wanted to speak Russian,medium,Ukraine has been shooting residents of Donetsk,high,100,Likely false,"The claim oversimplifies the complex conflict in Eastern Ukraine, where both Ukrainian forces and separatist groups have been accused of violence against civilians.",False
409,"Lawmakers were paid for their off-season efforts to, for the first time, take the lead in drawing borders for two would-be cities.",Mary Margaret Oliver,mistralai/Mistral-7B-Instruct-v0.2,Lawmakers were paid for their off-season efforts,medium,Lawmakers took the lead in drawing borders,high,"for the first time, take the lead in drawing borders for two would-be cities",high,Lawmakers took the lead in drawing borders,high,100,Verified,Statement aligns with the provided fact,True
410,"Says Congressman Bill Pascrell ""voted to remove the public option from the Affordable Health Care Act.""",Steve Rothman,mistralai/Mistral-7B-Instruct-v0.2,,,,,,,,,0,Uncertain,JSON parse error from model output.,False
411,"""In 1921, early suffragettes often donned a bathing suit and ate pizza in large groups to annoy men…it was a custom at the time.""",Viral image,mistralai/Mistral-7B-Instruct-v0.2,Early suffragettes often donned a bathing suit,high,Early suffragettes ate pizza in large groups,medium,This was a custom at the time,low,Early suffragettes often donned a bathing suit,high,100,Likely false,No historical evidence supports the claim that early suffragettes often donned bathing suits or ate pizza in large groups as a means to annoy men.,False
412,"Hillary Clinton ""has the only health care plan that covers every American.""",Hillary Clinton,mistralai/Mistral-7B-Instruct-v0.2,Hillary Clinton has a health care plan,high,Hillary Clinton's health care plan covers Americans,high,Hillary Clinton's health care plan covers every American,high,Hillary Clinton has a health care plan,high,100,Verified,Statement aligns with the fact that Hillary Clinton's health care plan covers every American.,True
413,"Teachers ""are working their third consecutive year -- some longer than that -- without salary increases.""",Kitty Boitnott,mistralai/Mistral-7B-Instruct-v0.2,Teachers are working their third consecutive year without salary increases.,high,Some teachers are working longer than three consecutive years without salary increases.,medium,The exact number of teachers working without salary increases is not specified.,low,Teachers are working their third consecutive year without salary increases.,high,100,Verified,Claim is supported by the statement made by Kitty Boitnott.,False
414,"Norway decided ""that (the coronavirus) should be treated like other respiratory diseases, such as the flu or cold, because… it is no more dangerous than those mentioned.""",Bloggers,mistralai/Mistral-7B-Instruct-v0.2,Norway decided to treat the coronavirus like other respiratory diseases,high,Norway compared the coronavirus to the flu or cold,high,Norway stated that the coronavirus is no more dangerous than the flu or cold,medium,Norway decided to treat the coronavirus like other respiratory diseases,high,100,Uncertain,Claim about the danger level of coronavirus compared to flu or cold is subjective and may not hold true for all individuals or regions.,False
415,"""Surveys show that many of our citizens think we devote a full quarter or even a third of our federal budget to foreign aid.""",John Kerry,mistralai/Mistral-7B-Instruct-v0.2,Many of our citizens think we devote a full quarter or even a third of our federal budget to foreign aid.,medium,We devote a full quarter of our federal budget to foreign aid.,low,We devote a third of our federal budget to foreign aid.,low,Many of our citizens think we devote a full quarter or even a third of our federal budget to foreign aid.,medium,60,Uncertain,Surveys do not necessarily reflect actual budget allocations.,True
416,"Says President Barack Obama is trying to ""pack"" the D.C. Circuit Court of Appeals.",Chuck Grassley,mistralai/Mistral-7B-Instruct-v0.2,,,,,,,,,0,Uncertain,JSON parse error from model output.,False
417,A slain Chicago police officer left behind a two-month-old baby.,Facebook posts,mistralai/Mistral-7B-Instruct-v0.2,A person was slain in Chicago,medium,The person was a police officer,high,The slain police officer left behind a two-month-old baby,high,The person was a police officer,high,100,Verified,News reports confirm the death of a police officer and the existence of a two-month-old baby left behind.,False
418,"The U.S. Department of Homeland Security warned that the SAVE ""database is not a foolproof means of verifying (citizenship on) the voter rolls.""",League of Women Voters of Florida,mistralai/Mistral-7B-Instruct-v0.2,The U.S. Department of Homeland Security (DHS) issued a warning about the SAVE database,high,The SAVE database is not a foolproof means of verifying citizenship on the voter rolls,high,The warning was issued by the League of Women Voters of Florida,low,The U.S. Department of Homeland Security (DHS) issued a warning about the SAVE database,high,100,Verified,The statement is a direct quote from the political claim,True
419,"Says ""only one other senator from either party over the last 25 years"" has ""a worse record on bipartisanship"" than Ted Cruz.",Beto O'Rourke,mistralai/Mistral-7B-Instruct-v0.2,,,,,,,,,0,Uncertain,JSON parse error from model output.,True
420,"""Ninety percent of people born in the 1940s ended up doing better financially than their parents. But those born in the 1980s, the much-maligned Millennials, have only a 50-50 chance of doing better (financially) than their parents, despite being the best-educated generation in our history.""",Delaine Eastin,mistralai/Mistral-7B-Instruct-v0.2,Ninety percent of people born in the 1940s ended up doing better financially than their parents.,high,Those born in the 1980s have only a 50-50 chance of doing better (financially) than their parents.,medium,"Despite being the best-educated generation in our history, Millennials have only a 50-50 chance of doing better financially than their parents.",,Ninety percent of people born in the 1940s ended up doing better financially than their parents.,high,50,Uncertain,Claim requires extensive data and context to verify.,True
421,"""Rauner made you pay for abortions in all nine months of pregnancy.""",Jeanne Ives,mistralai/Mistral-7B-Instruct-v0.2,Rauner made you pay for abortions,high,Rauner made you pay for abortions in all nine months of pregnancy,high,Rauner made you pay for abortions,high,Rauner made you pay for abortions,high,100,Likely false,Rauner's policy did not allow for abortions in all nine months of pregnancy.,False
422,"""Taking into account inflation, the federal minimum wage is actually worth less than what it was worth 50 years ago.""",Tina Smith,mistralai/Mistral-7B-Instruct-v0.2,"The federal minimum wage is worth less than what it was worth 50 years ago, considering inflation",high,The federal minimum wage has decreased in value over the past 50 years when adjusted for inflation,high,The purchasing power of the federal minimum wage has decreased over the past 50 years,high,"The federal minimum wage is worth less than what it was worth 50 years ago, considering inflation",high,100,Verified,Data from the Bureau of Labor Statistics supports this claim.,True
423,"The University of Wisconsin System ""will be much more affordable than just about any other campus in America"" because ""going forward we have a cap on it tied to inflation.""",Scott Walker,mistralai/Mistral-7B-Instruct-v0.2,The University of Wisconsin System will be more affordable than many other campuses in America,medium,There is a cap on tuition costs in the University of Wisconsin System,high,The cap on tuition costs in the University of Wisconsin System is tied to inflation,high,There is a cap on tuition costs in the University of Wisconsin System,high,100,Verified,Scott Walker's statement is verified as the University of Wisconsin System does have a cap on tuition costs.,False
424,"Limiting labor negotiations to only wages is ""how it is for the most part in the private sector.""",Alberta Darling,mistralai/Mistral-7B-Instruct-v0.2,Limiting labor negotiations to only wages is common in the private sector.,medium,Labor negotiations in the private sector are typically limited to wages.,medium,The most part of private sector labor negotiations is limited to wages.,medium,Limiting labor negotiations to only wages is common in the private sector.,medium,60,Uncertain,The statement is not universally true as labor negotiations can involve various topics beyond wages.,False
425,"The Associated Press called Charlie Crist's attacks ""over the top,"" ""out of context,"" and ""not true.""",Marco Rubio,mistralai/Mistral-7B-Instruct-v0.2,The Associated Press called some of Charlie Crist's attacks 'over the top',high,The Associated Press called some of Charlie Crist's attacks 'out of context',high,The Associated Press called some of Charlie Crist's attacks 'not true',high,The Associated Press called some of Charlie Crist's attacks 'over the top',high,100,Verified,The statement is a direct quote from the Associated Press.,True
426,"""With 40 billion dollars, Elon Musk could have given each of the 330M people living in America a million dollars and still had $7B left over.""",Facebook posts,mistralai/Mistral-7B-Instruct-v0.2,Elon Musk has approximately 40 billion dollars,high,There are approximately 330 million people living in America,high,Giving each person in America a million dollars would cost approximately 330 billion dollars,high,Elon Musk has approximately 40 billion dollars,high,100,Verified,Musk's net worth is publicly known,False
427,"""I’ve been on the Armed Services (Committee) for 10 years. No call or meeting w/ Russian ambassador. Ever.""",Claire McCaskill,mistralai/Mistral-7B-Instruct-v0.2,Claire McCaskill has been on the Armed Services Committee for 10 years.,high,Claire McCaskill has not had a call with the Russian ambassador.,high,Claire McCaskill has not had a meeting with the Russian ambassador.,high,Claire McCaskill has been on the Armed Services Committee for 10 years.,high,100,Verified,Statement matches the chosen fact.,False
428,"""Too many"" tattoos ""on visible body parts"" keep some applicants out of the military.",Jeb Bush,mistralai/Mistral-7B-Instruct-v0.2,Some applicants are kept out of the military due to visible tattoos,high,The number of applicants kept out is considered 'too many',medium,The specific body parts affected are not specified,low,Some applicants are kept out of the military due to visible tattoos,high,100,Verified,Jeb Bush's statement aligns with military regulations regarding visible tattoos.,True
429,"Says ""Obama paid FBI informant over $1 million to do it to Trump.""",Bloggers,mistralai/Mistral-7B-Instruct-v0.2,Obama paid an FBI informant,medium,The FBI informant was paid over $1 million,medium,The informant was paid to do something related to Trump,high,The informant was paid to do something related to Trump,high,70,Uncertain,Insufficient evidence to confirm or deny the specific claim.,False
430,"""I have never asked for nor received a single earmark or pork barrel project for my state.""",John McCain,mistralai/Mistral-7B-Instruct-v0.2,John McCain has never asked for an earmark,high,John McCain has never received a pork barrel project,high,John McCain's state has never received a project due to his request,medium,John McCain has never asked for an earmark,high,100,Verified,Statement directly affirms a claim made by the speaker,False
431,"Says Charlie ""Crist made it easier for Duke to take your money.""",Republican Party of Florida,mistralai/Mistral-7B-Instruct-v0.2,Charlie Crist made a change in policy or law that affected Duke Energy's ability to collect money from customers,medium,Charlie Crist is responsible for Duke Energy taking money from customers,low,Duke Energy took money from customers,high,Duke Energy took money from customers,high,60,Uncertain,"The statement implies a direct causal relationship between Crist's actions and Duke Energy taking money, which may not be fully supported by the provided information.",False
432,"What Republicans call the ""death tax"" is the estate tax ""on the ultra wealthy"" which, in 2016, was paid by only ""two out of every 1,000 people.""",Mark Pocan,mistralai/Mistral-7B-Instruct-v0.2,The estate tax is referred to as the 'death tax' by Republicans,high,The estate tax is on the ultra wealthy,high,"In 2016, the estate tax was paid by two out of every 1,000 people",high,The estate tax is referred to as the 'death tax' by Republicans,high,100,Verified,Source: Tax Policy Center,True
433,"Obama ""shunned the opportunity to talk to soldiers to thank them for their service.""",Chain email,mistralai/Mistral-7B-Instruct-v0.2,Obama had an opportunity to talk to soldiers,medium,Obama shunned the opportunity,medium,Obama did not thank soldiers for their service,high,Obama did not thank soldiers for their service,high,80,Likely false,No evidence provided to support claim that Obama did not thank soldiers for their service.,False
434,"""Latinos are 17 percent of our country's population but hold only 2 percent of its wealth.""",Hillary Clinton,mistralai/Mistral-7B-Instruct-v0.2,Latinos are 17 percent of our country's population,high,Latinos hold only 2 percent of its wealth,high,The total population of the country is not specified,low,Latinos are 17 percent of our country's population,high,100,Verified,Data from U.S. Census Bureau supports this claim.,True
435,"Says ""Pelosi blackmails Congress! She demands mail-in voting or no 2nd stimulus for you and your family.""",Facebook posts,mistralai/Mistral-7B-Instruct-v0.2,Pelosi demands mail-in voting,high,Pelosi does not provide a 2nd stimulus if mail-in voting is not approved,high,The speaker claims Pelosi blackmails Congress,medium,Pelosi demands mail-in voting,high,100,Uncertain,Claim about blackmail lacks evidence,False
436,"Says under federal law ""we do not have any limitation on the number of guns and bullets we can buy.""",Robert Menendez,mistralai/Mistral-7B-Instruct-v0.2,"Under federal law, there is no limitation on the number of guns one can buy.",high,"Under federal law, there is no limitation on the number of bullets one can buy.",high,There is a limitation on the number of guns or bullets one can buy under federal law.,low,"Under federal law, there is no limitation on the number of guns one can buy.",high,100,Verified,Senator Menendez's statement is accurate as per the current federal law.,True
437,"""When President, then candidate, Obama was asked to disclose some of his donors because there was suspicion of their being the foreign source of money into his campaign, they refused to do it.""",Michael Steele,mistralai/Mistral-7B-Instruct-v0.2,"President, then candidate, Obama was asked to disclose some of his donors",high,There was suspicion of foreign sources of money in his campaign,medium,They refused to disclose the donors,high,"President, then candidate, Obama was asked to disclose some of his donors",high,100,Verified,This fact can be verified by multiple news sources.,False
438,"Says Barack Obama ""supported Ted Kennedy’s ammo ban to outlaw all deer-hunting ammunition.""",National Rifle Association,mistralai/Mistral-7B-Instruct-v0.2,Barack Obama supported Ted Kennedy's ammo ban,high,Ted Kennedy's ammo ban aimed to outlaw deer-hunting ammunition,medium,Barack Obama outlawed all deer-hunting ammunition,low,Barack Obama supported Ted Kennedy's ammo ban,high,100,Uncertain,Claim requires further investigation as no specific legislation banning deer-hunting ammunition supported by Barack Obama has been found.,False
439,The Pink Pony club in DeKalb County has never been cited for any violation of an ordinance or state law.,Pink Pony,mistralai/Mistral-7B-Instruct-v0.2,The Pink Pony club exists in DeKalb County,high,The Pink Pony club has never been cited for any violation of an ordinance,medium,The Pink Pony club has never been cited for any violation of a state law,medium,The Pink Pony club exists in DeKalb County,high,60,Verified,Public records can be checked for citations.,True
440,"""Tina (Smith) profited from the opioid crisis."" ​",Karin Housley,mistralai/Mistral-7B-Instruct-v0.2,Tina Smith was involved in the opioid crisis,medium,Tina Smith profited from the opioid crisis,high,The opioid crisis occurred,high,Tina Smith profited from the opioid crisis,high,100,Likely false,No evidence provided to support the claim that Tina Smith profited from the opioid crisis.,False
441,"""McDonald’s and Coke have both announced no whites will be hired in top positions.""",Facebook posts,mistralai/Mistral-7B-Instruct-v0.2,McDonald's announced no whites will be hired in top positions,high,Coke announced no whites will be hired in top positions,high,Both McDonald's and Coke announced no whites will be hired in top positions,high,McDonald's announced no whites will be hired in top positions,high,100,Likely false,No credible sources confirm this statement.,False
442,"""There are close to 900,000 unemployed veterans in America right now.""",Sanford Bishop,mistralai/Mistral-7B-Instruct-v0.2,"There are close to 900,000 unemployed veterans in America right now.",high,There are a significant number of unemployed veterans in America.,high,"The exact number of unemployed veterans in America is close to 900,000.",high,"There are close to 900,000 unemployed veterans in America right now.",high,100,Verified,Data from the Bureau of Labor Statistics supports this claim.,True
443,"Rob Cornilles has been endorsed by 20 local mayors, including Independent, Democratic and Republican.",Oregon Republican Party,mistralai/Mistral-7B-Instruct-v0.2,Rob Cornilles has been endorsed by 20 local mayors,high,The endorsing mayors include Independents,medium,The endorsing mayors include Democrats,medium,Rob Cornilles has been endorsed by 20 local mayors,high,100,Verified,Statement matches the provided claim,False
444,"The Trump Winery near Charlottesville, Va. is the ""largest winery on the East Coast.""",Donald Trump,mistralai/Mistral-7B-Instruct-v0.2,"The Trump Winery is located near Charlottesville, Va.",medium,The Trump Winery is the largest winery on the East Coast.,high,"Charlottesville, Va. is located on the East Coast.",medium,The Trump Winery is the largest winery on the East Coast.,high,100,Verified,Trump Winery's claim of being the largest winery on the East Coast has been verified.,False
445,"""(Obama) did accept donations from lobbyists and PACs and he spent money in this campaign from that, through his political action committee.""",Bill Clinton,mistralai/Mistral-7B-Instruct-v0.2,Obama accepted donations from lobbyists,high,Obama accepted donations from PACs,high,Obama spent money in his campaign from his political action committee,medium,Obama accepted donations from lobbyists,high,100,Verified,Statement aligns with known facts about Obama's campaign funding.,True
446,"""Gingrich supported individual health insurance mandates.""","Red, White and Blue Fund",mistralai/Mistral-7B-Instruct-v0.2,Gingrich supported individual health insurance mandates,high,Gingrich supported a specific type of health insurance,medium,Gingrich supported mandates for individual health insurance,high,Gingrich supported individual health insurance mandates,high,100,Verified,"Newt Gingrich was a co-sponsor of the 1993 Individual Health Care Purchase Act, which included an individual mandate.",True
447,"Waiting periods for gun purchases may not make a difference, because ""If somebody's decided that they're gonna take their life, they're gonna take their life.""",Van Wanggaard,mistralai/Mistral-7B-Instruct-v0.2,Waiting periods for gun purchases may not make a difference,medium,"If somebody's decided that they're gonna take their life, they're gonna take their life",high,Waiting periods for gun purchases may not prevent suicide,medium,"If somebody's decided that they're gonna take their life, they're gonna take their life",high,100,Likely false,Research shows that waiting periods can reduce suicide rates.,False
448,"""FREE HORSES!!!! 52 thoroughbred horses need homes. Will go to Sugarcreek this Sat. for slaughter. Gentleman died due to COVID-19 and his son wants nothing to do with them.""",Facebook posts,mistralai/Mistral-7B-Instruct-v0.2,52 thoroughbred horses need homes,high,They will go to Sugarcreek this Sat. for slaughter,high,Gentleman died due to COVID-19 and his son wants nothing to do with them,medium,52 thoroughbred horses need homes,high,100,Verified,Statement confirms the need for homes for 52 thoroughbred horses,False
449,Says giving Motrin and Robitussin together can cause heart attacks in children.,Facebook posts,mistralai/Mistral-7B-Instruct-v0.2,Claim: Giving Motrin and Robitussin together can cause heart attacks in children.,high,Motrin is a pain reliever and fever reducer.,high,Robitussin is a cough suppressant and expectorant.,high,Claim: Giving Motrin and Robitussin together can cause heart attacks in children.,high,100,Uncertain,The claim requires further medical research to confirm.,False
450,"The President’s Daily Brief ""is like a mini novel.""",Brian Kilmeade,mistralai/Mistral-7B-Instruct-v0.2,The President's Daily Brief is described as being extensive or detailed.,high,The President's Daily Brief is compared to a novel in terms of its length or content.,high,The President's Daily Brief is described as being short or concise.,low,The President's Daily Brief is described as being extensive or detailed.,high,100,Verified,The statement is consistent with the fact that the President's Daily Brief is described as being extensive or detailed.,False
451,"Electric car sales in Georgia have dropped dramatically since a $5,000 tax credit was eliminated and a $200 annual registration fee was imposed July 1.",Don Francis,mistralai/Mistral-7B-Instruct-v0.2,Electric car sales in Georgia have dropped,medium,"a $5,000 tax credit was eliminated",high,a $200 annual registration fee was imposed July 1,medium,"a $5,000 tax credit was eliminated",high,100,Verified,Data from Georgia Department of Revenue and Georgia Environmental Finance Authority,True
452,"""The COVID-19 future vaccine will come with the ID — a mark. The ID tells everyone you are free of COVID.""",Facebook posts,mistralai/Mistral-7B-Instruct-v0.2,The COVID-19 future vaccine will come with an ID.,high,The ID is meant to indicate that someone is free of COVID.,high,The ID will be mandatory for everyone.,medium,The COVID-19 future vaccine will come with an ID.,high,100,Uncertain,Claim about mandatory ID usage is not confirmed.,False
453,"$3 trillion for federal coronavirus stimulus packages is ""being borrowed basically from China.""",Rand Paul,mistralai/Mistral-7B-Instruct-v0.2,The federal coronavirus stimulus packages total $3 trillion.,high,The stimulus packages are being borrowed.,medium,The money for the stimulus packages is being borrowed from China.,medium,The federal coronavirus stimulus packages total $3 trillion.,high,100,Uncertain,"Stimulus funds may be borrowed, but the claim that all funds are borrowed from China is not supported by available data.",False
454,"""You can look at the propaganda on a lot of the terrorists' sites and what Donald Trump says about Muslims is used to recruit fighters.""",Hillary Clinton,mistralai/Mistral-7B-Instruct-v0.2,Donald Trump's statements about Muslims are used to recruit fighters by terrorists,high,Terrorists have propaganda sites,high,Statements on terrorists' sites can be used to recruit fighters,medium,Donald Trump's statements about Muslims are used to recruit fighters by terrorists,high,100,Verified,Numerous reports and studies have shown a correlation between inflammatory political rhetoric and increased recruitment for extremist groups.,True
455,"Says Bruce Lee said, ""You will continue to suffer if you have an emotional reaction to everything that is said to you. True power is sitting back and observing everything with logic. If words control you that means everyone else can control you. Breathe and allow things to pass.""",Viral image,mistralai/Mistral-7B-Instruct-v0.2,"Bruce Lee said, 'You will continue to suffer if you have an emotional reaction to everything that is said to you.'",high,True power is sitting back and observing everything with logic.,medium,If words control you that means everyone else can control you.,medium,"Bruce Lee said, 'You will continue to suffer if you have an emotional reaction to everything that is said to you.'",high,100,Verified,The quote is attributed to Bruce Lee.,False
456,"""We reduced the government workforce by 13,000, 11 percent, during my eight years.""",Jeb Bush,mistralai/Mistral-7B-Instruct-v0.2,Jeb Bush reduced the government workforce,high,"The reduction was by 13,000",high,The reduction was during his eight years,high,Jeb Bush reduced the government workforce,high,100,Verified,Statement aligns with fact,True
457,"Says Dan Patrick has ""called immigration into Texas an invasion"" and ""said immigrants coming into Texas bring ‘third-world diseases.’""",Battleground Texas,mistralai/Mistral-7B-Instruct-v0.2,Dan Patrick has called immigration into Texas an invasion,high,Dan Patrick said immigrants coming into Texas bring ‘third-world diseases',medium,Specific details about the context or occasion where Dan Patrick made these statements,low,Dan Patrick has called immigration into Texas an invasion,high,100,Verified,The statement is a direct quote from Dan Patrick's public statements.,True
458,"Says President Donald Trump implemented ""a travel ban that just didn't work, 400,000 people got in from those countries that were subject to the restrictions.""",Chris Murphy,mistralai/Mistral-7B-Instruct-v0.2,President Donald Trump implemented a travel ban,high,The travel ban was subject to restrictions on certain countries,high,"400,000 people got in from the countries subject to the restrictions",medium,President Donald Trump implemented a travel ban,high,60,Uncertain,Data on exact number of entries during the travel ban is not readily available for verification.,False
459,"After pushing through a red flag law in the New Mexico Senate, Gov. Michelle Lujan Grisham ""has had the firearms of her guards and household seized.""",Facebook posts,mistralai/Mistral-7B-Instruct-v0.2,Gov. Michelle Lujan Grisham pushed through a red flag law in the New Mexico Senate,high,Gov. Michelle Lujan Grisham had the firearms of her guards seized,medium,Gov. Michelle Lujan Grisham had the firearms of her household seized,medium,Gov. Michelle Lujan Grisham pushed through a red flag law in the New Mexico Senate,high,60,Likely false,No official sources confirm the seizure of firearms from the governor's guards.,False
460,"Donald Trump's second impeachment ""cost $33 million.""",Facebook posts,mistralai/Mistral-7B-Instruct-v0.2,The political event referred to is Donald Trump's second impeachment,high,The cost of the second impeachment of Donald Trump is mentioned,high,The cost of Donald Trump's second impeachment is $33 million,high,The political event referred to is Donald Trump's second impeachment,high,100,Verified,The statement matches the fact,False
461,"""Pfizer CEO: New Pill Will Have a Microchip That Transmits Info Once You Swallow It!""",Bloggers,mistralai/Mistral-7B-Instruct-v0.2,Pfizer CEO announced a new pill,high,The new pill will have a microchip,high,The microchip transmits information,high,Pfizer CEO announced a new pill,high,100,Likely false,No evidence supports the claim that the new pill will have a microchip that transmits information.,False
462,"""Colorado Governor Jared Polis has just signed into law a bill legalizing abortions through all nine months, up until the moment of birth.""",Facebook posts,mistralai/Mistral-7B-Instruct-v0.2,Colorado Governor Jared Polis has signed a bill,high,The bill legalizes abortions,high,Abortions can be performed up until the moment of birth,high,Colorado Governor Jared Polis has signed a bill,high,100,Verified,Bill signing and content confirmed by news sources,False
463,"Canadian-born Ted Cruz ""has had a double passport.""",Donald Trump,mistralai/Mistral-7B-Instruct-v0.2,Ted Cruz was born in Canada,high,Ted Cruz has a double passport,medium,Ted Cruz was born to American parents,low,Ted Cruz was born in Canada,high,100,Verified,"Ted Cruz was born in Canada, making him a Canadian citizen by birth.",False
464,"David Dewhurst ""has never once cut one penny from the state budget.""",Ted Cruz,mistralai/Mistral-7B-Instruct-v0.2,David Dewhurst has never cut any funds from the state budget,high,David Dewhurst has never reduced the state budget by even a single penny,high,David Dewhurst has not made any budget cuts during his tenure,high,David Dewhurst has never cut any funds from the state budget,high,100,Uncertain,Claim requires specific budget data to verify,False
465,"Says ""Danny Tarkanian … wants to defund Planned Parenthood and would outlaw a woman's right to choose, even in cases of rape or incest.""",Jacky Rosen,mistralai/Mistral-7B-Instruct-v0.2,Danny Tarkanian wants to defund Planned Parenthood,high,Danny Tarkanian would outlaw a woman's right to choose,high,"Danny Tarkanian would outlaw a woman's right to choose, even in cases of rape or incest",high,Danny Tarkanian wants to defund Planned Parenthood,high,100,Verified,Statement aligns with the extracted fact,True
466,"""Hundreds of illegal immigrants subject to detainers were released in the last week since the new sanctuary policy was adopted by the Travis County Sheriff's Office.""",Dawn Buckingham,mistralai/Mistral-7B-Instruct-v0.2,Hundreds of illegal immigrants were released,high,The release occurred in the last week,medium,The release happened since the new sanctuary policy was adopted by the Travis County Sheriff's Office,high,Hundreds of illegal immigrants were released,high,100,Verified,Supported by news reports,False
467,"No one ""with a concealed carry permit ever committed a mass shooting.""",Greg Gutfeld,mistralai/Mistral-7B-Instruct-v0.2,No one with a concealed carry permit has directly committed a mass shooting.,high,A concealed carry permit is a legal authorization to carry a concealed handgun.,high,"Mass shootings involve multiple victims, typically four or more, not including the shooter.",high,No one with a concealed carry permit has directly committed a mass shooting.,high,100,Uncertain,Data on mass shooters' permit status is not consistently tracked.,False
468,"""Wind power is the most undependable form of renewable energy.""",James O'Neil,mistralai/Mistral-7B-Instruct-v0.2,Wind power is a form of renewable energy,high,Wind power is undependable,medium,Wind power is the most undependable form of renewable energy,high,Wind power is a form of renewable energy,high,50,Likely false,"Studies show that wind power, while not as reliable as other forms of renewable energy, is still a dependable source of power when properly integrated into the grid.",False
469,"The chairman of Virginia’s Republican Party made a ""shockingly racist post"" about Defense Secretary Lloyd Austin.",Occupy Democrats,mistralai/Mistral-7B-Instruct-v0.2,The speaker is Occupy Democrats,low,The speaker claims that the chairman of Virginia’s Republican Party made a post,medium,The speaker claims that the post made by the chairman of Virginia’s Republican Party was racist,high,The speaker claims that the post made by the chairman of Virginia’s Republican Party was racist,high,100,Uncertain,"The statement does not provide evidence or context for the claim, therefore its veracity cannot be determined.",False
470,"When President Franklin D. Roosevelt started Social Security, ""it only affected widows and orphans,"" and when Medicare began, ""it was a small program.""",Barack Obama,mistralai/Mistral-7B-Instruct-v0.2,President Franklin D. Roosevelt started Social Security,high,Social Security initially only affected widows and orphans,medium,Medicare began as a small program,medium,President Franklin D. Roosevelt started Social Security,high,100,Verified,Historical fact supported by numerous sources,False
471,Says Jeff Foxworthy wrote a ‘fence test’ for Republicans and Democrats.,Facebook posts,mistralai/Mistral-7B-Instruct-v0.2,Jeff Foxworthy wrote a 'fence test' for Republicans and Democrats.,high,Jeff Foxworthy wrote a test for political affiliation.,medium,The test is called the 'fence test'.,low,Jeff Foxworthy wrote a 'fence test' for Republicans and Democrats.,high,100,Verified,Jeff Foxworthy has publicly shared a political test called the 'fence test'.,False
472,Says close to 90 percent of the population growth in Texas over the last decade was non-Anglo.,Garnet Coleman,mistralai/Mistral-7B-Instruct-v0.2,90% of the population growth in Texas over the last decade was non-Anglo,high,The population growth in Texas over the last decade,medium,The majority of the population growth in Texas over the last decade was non-Anglo,high,90% of the population growth in Texas over the last decade was non-Anglo,high,90,Verified,Source: U.S. Census Bureau data,True
473,Say the ratio of CEO pay to average worker pay in the U.S. is 475 to 1.,Facebook posts,mistralai/Mistral-7B-Instruct-v0.2,,,,,,,,,0,Uncertain,JSON parse error from model output.,False
474,Bergen County in New Jersey gave more votes to the Democratic gubernatorial candidate after all the ballots were counted.,Viral image,mistralai/Mistral-7B-Instruct-v0.2,Bergen County in New Jersey held a gubernatorial election,high,Bergen County is in New Jersey,high,Bergen County gave more votes to the Democratic gubernatorial candidate,high,Bergen County in New Jersey held a gubernatorial election,high,100,Verified,Election results are publicly available,False
475,"Mark Warner voted for ""nearly $1 trillion in new taxes and $7 trillion in new debt.""",Ed Gillespie,mistralai/Mistral-7B-Instruct-v0.2,Mark Warner voted for $1 trillion in new taxes.,high,Mark Warner voted for $7 trillion in new debt.,high,The new taxes and debt are nearly equal.,medium,Mark Warner voted for $1 trillion in new taxes.,high,100,Verified,Statement aligns with the fact that Mark Warner voted for $1 trillion in new taxes.,True
476,"Six convictions are connected to an allegation by prosecutors ""that Gov. Scott Walker is at the center of a criminal scheme.""",Mary Burke,mistralai/Mistral-7B-Instruct-v0.2,There are six convictions,high,The convictions are connected to an allegation,medium,Gov. Scott Walker is at the center of a criminal scheme,high,There are six convictions,high,100,Likely false,"The statement implies a direct connection and guilt of Gov. Scott Walker, but it is based on an allegation and convictions of others, not a definitive verdict on the governor.",False
477,"Health insurance companies are ""making record profits, right now.""",Barack Obama,mistralai/Mistral-7B-Instruct-v0.2,Health insurance companies are making profits,high,The profits made by health insurance companies are record profits,medium,The profits are being made right now,high,Health insurance companies are making profits,high,100,Verified,Statement aligns with common understanding of profit-making in business,False
478,"Says the stimulus bill sent tax credits overseas, such as ""half a billion to an electric car company that created hundreds of jobs in Finland.""",Americans for Prosperity,mistralai/Mistral-7B-Instruct-v0.2,The stimulus bill sent tax credits to an electric car company,high,The electric car company created jobs in Finland,medium,Half a billion dollars were sent to the electric car company,high,The stimulus bill sent tax credits to an electric car company,high,100,Verified,Statement aligns with fact1,False
479,"Loranne Ausley ""voted six times to tax your savings.""",Republican Party of Florida,mistralai/Mistral-7B-Instruct-v0.2,Loranne Ausley voted on a bill,medium,The bill involved taxes,high,The taxes were on savings,high,The bill involved taxes,high,100,Verified,Statement aligns with the fact that taxes were on savings.,False
480,"""In the case of General Motors, the (Bush) administration wrote a check without asking for any conditions of change.""",Rahm Emanuel,mistralai/Mistral-7B-Instruct-v0.2,The speaker is Rahm Emanuel,low,The speaker is referring to General Motors,medium,The Bush administration wrote a check to General Motors without asking for any conditions of change,high,The Bush administration wrote a check to General Motors without asking for any conditions of change,high,100,Verified,This statement can be verified through public records of government financial aid to General Motors during the Bush administration.,False
481,"Says ""5 out of 10"" GOP candidates don’t live in North Carolina’s 9th Congressional District.",Stony Rushing,mistralai/Mistral-7B-Instruct-v0.2,5 out of 10 GOP candidates do not live in North Carolina's 9th Congressional District,high,10 GOP candidates are being referred to,high,North Carolina's 9th Congressional District is the district in question,high,5 out of 10 GOP candidates do not live in North Carolina's 9th Congressional District,high,100,Verified,Claim is based on the provided statement,True
482,"Says J.D. Vance said, ""People who voted for Trump voted for him for racist reasons.""",Club for Growth,mistralai/Mistral-7B-Instruct-v0.2,J.D. Vance made a statement,high,J.D. Vance's statement was about Trump voters,medium,J.D. Vance suggested Trump voters voted for racist reasons,medium,J.D. Vance made a statement,high,60,Uncertain,"Claim requires analysis of individual voter motivations, which is difficult to verify.",False
483,McDonald’s added xylitol to its ice cream which is toxic to dogs.,Facebook posts,mistralai/Mistral-7B-Instruct-v0.2,McDonald's added xylitol to its ice cream,high,Xylitol is toxic to dogs,high,McDonald's sells ice cream,medium,McDonald's added xylitol to its ice cream,high,100,Likely false,Xylitol is not commonly used as a sweetener in McDonald's ice cream.,False
484,"""Health care premiums up 90 percent in New Hampshire.""",Americans for Prosperity,mistralai/Mistral-7B-Instruct-v0.2,Health care premiums increased in New Hampshire,high,The specific percentage of increase in health care premiums,high,The identity of the speaker (Americans for Prosperity) is irrelevant to the factual claim,low,Health care premiums increased in New Hampshire,high,100,Verified,The statement directly corresponds to the chosen fact.,False
485,Says a series of photos show Iranian rockets being launched toward U.S. air bases in Iraq.,Facebook posts,mistralai/Mistral-7B-Instruct-v0.2,Photos show Iranian rockets,high,Photos show rockets being launched,high,Photos show rockets being launched toward U.S. air bases in Iraq,high,Photos show Iranian rockets,high,100,Verified,Photos provided show Iranian rockets being launched in the direction of U.S. air bases in Iraq.,False
486,More than one-quarter of America’s young adults are too fat to serve in the U.S. military,Michelle Obama,mistralai/Mistral-7B-Instruct-v0.2,More than one-quarter of America's young adults are too fat,high,America's young adults are too fat,high,More than one-quarter of young adults are unable to serve in the U.S. military,high,More than one-quarter of America's young adults are too fat,high,100,Uncertain,The statement is a generalization and the specific data may vary depending on the source and the definition of 'too fat'.,True
487,"The Medicaid expansion is ""going to cost Florida $1.9 billion a year.""",Rick Scott,mistralai/Mistral-7B-Instruct-v0.2,The Medicaid expansion is estimated to cost Florida $1.9 billion annually,high,The Medicaid expansion is a policy,high,The cost of the Medicaid expansion is significant,high,The Medicaid expansion is estimated to cost Florida $1.9 billion annually,high,100,Verified,Claim aligns with the provided fact,False
488,"Monkeypox is biological warfare ""against us by our governments.""",Facebook posts,mistralai/Mistral-7B-Instruct-v0.2,Claim of Monkeypox being biological warfare,high,Monkeypox is being used as a weapon,high,Governments are responsible for the spread of Monkeypox,medium,Claim of Monkeypox being biological warfare,high,100,Likely false,No scientific evidence supports the claim that Monkeypox is biological warfare.,False
489,"""The daughter of Sen. Coons (D-DE), along with 7 other underaged girls are featured on Hunter's laptop! - Breitbart News""",Facebook posts,mistralai/Mistral-7B-Instruct-v0.2,Sen. Coons (D-DE) has a daughter,high,Hunter (presumably Hunter Biden) has a laptop,medium,7 other underaged girls are featured on Hunter's laptop,low,Sen. Coons (D-DE) has a daughter,high,50,Uncertain,Claim about underaged girls on laptop is unverified,False
490,Wisconsin law says all recall petition signers must sign in the presence of another person.,Kurt Schuller,mistralai/Mistral-7B-Instruct-v0.2,Wisconsin law requires recall petition signers to sign in the presence of another person.,high,Recall petition signers in Wisconsin must sign the petition.,high,There is no requirement for recall petition signers to sign in the presence of another person in Wisconsin.,low,Wisconsin law requires recall petition signers to sign in the presence of another person.,high,100,Verified,Supports the provided claim.,False
491,"""Top Democrats refuse to stand for Gold Star widow.""",Bloggers,mistralai/Mistral-7B-Instruct-v0.2,Democrats are mentioned in the statement,high,The statement implies that Democrats are refusing to stand for someone,medium,The person being referred to is a Gold Star widow,high,Democrats are mentioned in the statement,high,100,Uncertain,The statement does not provide specific evidence or context to verify the claim.,False
492,"Says that after ""the last income tax increase in the state of Illinois, we saw the largest exodus of middle-income families.""",Bill Brady,mistralai/Mistral-7B-Instruct-v0.2,There was an income tax increase in the state of Illinois,high,"After the income tax increase in Illinois, there was a significant movement of middle-income families",medium,The movement of middle-income families after the income tax increase was the largest exodus,high,There was an income tax increase in the state of Illinois,high,100,Verified,Statement aligns with fact1,False
493,"""The Trump family was disallowed from operating any charity in the State of New York because they stole from a kids cancer charity.""",Facebook posts,mistralai/Mistral-7B-Instruct-v0.2,The Trump family was disallowed from operating any charity in the State of New York,high,They stole from a kids cancer charity,high,The charity was a kids cancer charity,medium,The Trump family was disallowed from operating any charity in the State of New York,high,100,Verified,"New York Attorney General's office revoked the Trump Foundation's charitable status in 2017 due to illegal conduct, including self-dealing and improper political contributions.",False
494,"""This is 76 year old senile Joe Biden!!! That is a 15 year old girl with whom he’s making out!!!""",Facebook posts,mistralai/Mistral-7B-Instruct-v0.2,,,,,,,,,0,Uncertain,JSON parse error from model output.,False
495,"""Bill Nelson voted for higher taxes 150 times.""",Connie Mack,mistralai/Mistral-7B-Instruct-v0.2,Connie Mack claims that Bill Nelson voted for higher taxes,high,Bill Nelson voted for higher taxes,high,Bill Nelson voted for higher taxes 150 times,high,Connie Mack claims that Bill Nelson voted for higher taxes,high,100,Verified,Public voting records show that Bill Nelson has voted in favor of tax increases.,False
496,"Says Nancy Pelosi ""wants to remove votes from soldiers overseas"" and said, ""They don’t even live here.""",Viral image,mistralai/Mistral-7B-Instruct-v0.2,Nancy Pelosi made a statement about soldiers overseas,high,Nancy Pelosi's statement was about votes,high,Nancy Pelosi stated that soldiers overseas do not live here,high,Nancy Pelosi made a statement about soldiers overseas,high,100,Likely false,"The statement misrepresents Pelosi's comments, which were about the timing of mail-in ballots, not the residency of soldiers.",False
497,Photos prove the Denver light rail system has low ridership.,No Tax For Tracks,mistralai/Mistral-7B-Instruct-v0.2,The Denver light rail system has low ridership,high,Photos are provided as evidence,medium,The speaker is advocating for no tax for tracks,low,The Denver light rail system has low ridership,high,80,Uncertain,Ridership data may not be accurately represented by photos.,False
498,"""Social Security is indeed a Ponzi scheme.""",Rick Perry,mistralai/Mistral-7B-Instruct-v0.2,,,,,,,,,0,Uncertain,JSON parse error from model output.,False
499,"As a Member of Congress, Chris Murphy ""was raking in $1 million in salary.""",Linda McMahon,mistralai/Mistral-7B-Instruct-v0.2,Chris Murphy was a Member of Congress,high,Chris Murphy received a salary,high,The amount of Chris Murphy's salary was $1 million,medium,Chris Murphy was a Member of Congress,high,100,Uncertain,No specific evidence provided to confirm the exact amount of salary received by Chris Murphy.,False
500,"Georgia Secretary of State Brad Raffensperger used ""$50 million of Zuckerberg money"" in 2020 to ""tip the scales.""",Jody Hice,mistralai/Mistral-7B-Instruct-v0.2,Brad Raffensperger used money in 2020,high,The money used was from Zuckerberg,high,The money was used to tip the scales,medium,Brad Raffensperger used money in 2020,high,100,Uncertain,Claim requires further investigation to determine if the money was used to influence election results.,False
501,Photo shows Kim Jong Un’s weight loss,Viral image,mistralai/Mistral-7B-Instruct-v0.2,Kim Jong Un's photo was shown,high,The photo depicts Kim Jong Un,high,Kim Jong Un's weight loss was depicted in the photo,medium,Kim Jong Un's photo was shown,high,100,Uncertain,"The statement implies weight loss, but the image does not provide evidence of weight loss.",False
502,"There were ""$2 billion in earmarks in fiscal year 2012.""",Karl King,mistralai/Mistral-7B-Instruct-v0.2,The amount of earmarks in fiscal year 2012 was $2 billion.,high,Fiscal year 2012 had earmarks.,high,The exact amount of earmarks in fiscal year 2012 was provided.,high,The amount of earmarks in fiscal year 2012 was $2 billion.,high,100,Verified,Statement matches the provided fact.,False
503,Says New Hampshire has the third-highest property tax in the country.,Jackie Cilley,mistralai/Mistral-7B-Instruct-v0.2,New Hampshire has a high property tax rate,high,New Hampshire has one of the highest property taxes in the country,high,New Hampshire is in the top 3 states with the highest property tax,high,New Hampshire has a high property tax rate,high,100,Verified,Data from the Tax Foundation confirms New Hampshire has one of the highest property tax rates in the U.S.,True
504,"""President Putin bans mandatory vaccinations in Russia.""",Instagram posts,mistralai/Mistral-7B-Instruct-v0.2,President Putin announced a ban on mandatory vaccinations in Russia,high,The vaccination program in Russia is now voluntary,high,The Russian government has not implemented a mandatory vaccination policy,high,President Putin announced a ban on mandatory vaccinations in Russia,high,100,Verified,Statement aligns with fact3,False
505,"""When (John) Brennan ... was asked directly … ‘Is there any geographic limitation to your drone strike program?’ Brennan responded and said, ‘no, there is no limitation.’""",Rand Paul,mistralai/Mistral-7B-Instruct-v0.2,Brennan was asked directly about the geographic limitation of the drone strike program.,high,Brennan responded that there is no geographic limitation to the drone strike program.,high,The question was about the geographic limitation of the drone strike program.,high,Brennan was asked directly about the geographic limitation of the drone strike program.,high,100,Verified,The statement accurately reflects Brennan's response.,True
506,"""[If] you apply for a job, the chances are 1 in 7 that you are going to be denied that job unfairly if everybody is forced to use E-Verify.""",Thomas Sgouros Jr.,mistralai/Mistral-7B-Instruct-v0.2,The statement suggests that applying for a job may result in being denied unfairly.,high,The statement implies that the chances of being denied a job unfairly are 1 in 7.,high,The use of E-Verify is a factor in the denial of jobs unfairly.,high,The statement suggests that applying for a job may result in being denied unfairly.,high,100,Uncertain,The statement does not provide sufficient evidence to verify the claim.,False
507,"""Obamacare ... will kill jobs across America.""",U.S. Chamber of Commerce,mistralai/Mistral-7B-Instruct-v0.2,Obamacare will be implemented,high,Obamacare will have an impact on jobs,medium,Obamacacare will kill jobs across America,medium,Obamacare will be implemented,high,60,Uncertain,Impact on jobs is uncertain and depends on various factors,False
508,"""The Katy Freeway, or Interstate 10 west of Houston, is the widest freeway in the world, with up to 26 lanes, including frontage road lanes.""",Sylvester Turner,mistralai/Mistral-7B-Instruct-v0.2,,,,,,,,,0,Uncertain,JSON parse error from model output.,False
509,"The Civics Secures Democracy Act ""would allow the Biden administration to buy off states with $6 billion"" if they adopt critical race theory.",Ron DeSantis,mistralai/Mistral-7B-Instruct-v0.2,The Civics Secures Democracy Act is mentioned,high,The Biden administration could receive $6 billion,high,"If states adopt critical race theory, the Biden administration could receive $6 billion",medium,The Civics Secures Democracy Act is mentioned,high,100,Likely false,The Civics Secures Democracy Act does not provide for direct monetary incentives to states for adopting critical race theory.,False
510,"Department of Education officials investigating Virginia Tech shootings ""have not once gotten into the car and driven down to Blacksburg to talk to the police chief or the university president or to anyone else.""",Ken Cuccinelli,mistralai/Mistral-7B-Instruct-v0.2,Department of Education officials have not once visited Blacksburg,high,Department of Education officials have not spoken to the police chief,high,Department of Education officials have not spoken to the university president,high,Department of Education officials have not once visited Blacksburg,high,100,Verified,Statement aligns with fact,True
511,"""The Wisconsin voter roll has over 120,000 active voters who have been registered to vote for over 100 years.""",Facebook posts,mistralai/Mistral-7B-Instruct-v0.2,"There are over 120,000 active voters in Wisconsin",high,Some of these active voters have been registered for over 100 years,medium,"The number of active voters who have been registered for over 100 years is over 120,000",,"There are over 120,000 active voters in Wisconsin",high,100,Verified,"Wisconsin voter data shows active voters exceeding 120,000",False
512,"The Obama administration ""borrowed more than $10 trillion, right? And yet, we picked up $5.2 trillion just in the stock market. ... Maybe in a sense we’re reducing debt.""",Donald Trump,mistralai/Mistral-7B-Instruct-v0.2,The Obama administration borrowed more than $10 trillion,high,The Obama administration picked up $5.2 trillion just in the stock market,medium,Maybe in a sense we're reducing debt,low,The Obama administration borrowed more than $10 trillion,high,100,Likely false,"Obama administration debt increased, not decreased",False
513,"""Right now, an employer has more of a chance of getting hit by lightning than be prosecuted for hiring an undocumented worker. That has to change.""",Barack Obama,mistralai/Mistral-7B-Instruct-v0.2,,,,,,,,,0,Uncertain,JSON parse error from model output.,False
514,"Nine ""antifa members arrested"" in Portland, Ore.",Viral image,mistralai/Mistral-7B-Instruct-v0.2,Nine individuals were arrested,high,The individuals arrested were members of Antifa,medium,"The location of the arrests was Portland, Ore.",high,Nine individuals were arrested,high,100,Verified,Arrest records or official reports confirm the number and location of arrests.,False
515,"""Economic inequality in Multnomah County has a face -- and a name. It has 90,000 faces and names -- the number of county residents who are still unemployed, or underemployed, in the wake of the 2008 Wall Street crash.""",Jim Francesconi,mistralai/Mistral-7B-Instruct-v0.2,"There are 90,000 county residents who are unemployed or underemployed in the wake of the 2008 Wall Street crash.",high,The economic inequality in Multnomah County has a face.,medium,The economic inequality in Multnomah County has a name.,medium,"There are 90,000 county residents who are unemployed or underemployed in the wake of the 2008 Wall Street crash.",high,100,Verified,Statement is supported by the provided data.,False
516,"""In Chicago, Covid-19 actually LOWERED the death rate.""",Facebook posts,mistralai/Mistral-7B-Instruct-v0.2,Chicago experienced a change in death rate due to Covid-19,medium,The change in death rate in Chicago was a decrease,high,Covid-19 was the cause of the change in death rate in Chicago,medium,The change in death rate in Chicago was a decrease,high,80,Likely false,Data shows an increase in Covid-19 deaths in Chicago during the pandemic.,False
517,Says photo from Hunter Biden's laptop shows Paul Pelosi Jr. abusing a girl and doing drugs.,Facebook posts,mistralai/Mistral-7B-Instruct-v0.2,Photo from Hunter Biden's laptop shows Paul Pelosi Jr.,medium,Photo shows Paul Pelosi Jr. abusing a girl,low,Photo shows Paul Pelosi Jr. doing drugs,low,Photo from Hunter Biden's laptop shows Paul Pelosi Jr.,medium,50,Likely false,No credible evidence supports the claim of child abuse or drug use in the photo.,False
518,Goat’s milk is a good substitute for baby formula.,Facebook posts,mistralai/Mistral-7B-Instruct-v0.2,Goat's milk is used as a substitute for baby formula.,medium,Goat's milk has nutritional properties.,high,Goat's milk is suitable for all babies.,low,Goat's milk has nutritional properties.,high,100,Uncertain,Nutritional properties do not guarantee suitability for all babies.,False
519,Comedian Heather McDonald collapsed on stage as a result of the COVID-19 vaccine.,Facebook posts,mistralai/Mistral-7B-Instruct-v0.2,Comedian Heather McDonald collapsed on stage,medium,McDonald collapsed,high,McDonald collapsed as a result of the COVID-19 vaccine,low,McDonald collapsed,high,100,Uncertain,No evidence provided to support the claim that McDonald collapsed due to the COVID-19 vaccine.,False
520,"Says Gov. Scott Walker is ""cooking the books"" by releasing numbers ""he just dreamed up"" that show Wisconsin gained jobs in 2011.",Tom Barrett,mistralai/Mistral-7B-Instruct-v0.2,Gov. Scott Walker released numbers showing Wisconsin gained jobs in 2011.,high,Tom Barrett claims the numbers released by Gov. Scott Walker were just dreamed up.,medium,Tom Barrett accused Gov. Scott Walker of cooking the books.,high,Gov. Scott Walker released numbers showing Wisconsin gained jobs in 2011.,high,100,Uncertain,"The statement contains a claim about the legitimacy of the numbers, which is not within the scope of this model to verify.",False
521,"""Clarence Thomas’s wife was one of the organizers of Jan 6th""",Facebook posts,mistralai/Mistral-7B-Instruct-v0.2,Clarence Thomas's wife was involved in the organization of Jan 6th,high,Clarence Thomas was involved in the organization of Jan 6th,low,Jan 6th was organized by someone,medium,Clarence Thomas's wife was involved in the organization of Jan 6th,high,80,Likely false,No credible evidence supports the claim that Clarence Thomas's wife was one of the organizers of Jan 6th.,False
522,"Austin was the ""site of the first mass shooting in the country.""",Steve Adler,mistralai/Mistral-7B-Instruct-v0.2,Austin was the site of a mass shooting,high,Austin was the first site of a mass shooting in the country,medium,Austin was the first site of any mass shooting,low,Austin was the site of a mass shooting,high,100,Verified,"Historical records show multiple mass shootings occurred in the U.S. before the one in Austin, but it is true that Austin was a site of a mass shooting.",False
523,"The Founding Fathers of the United States intended that ""the church is supposed to direct the government.""",Lauren Boebert,mistralai/Mistral-7B-Instruct-v0.2,,,,,,,,,0,Uncertain,JSON parse error from model output.,False
524,"""It now appears there actually was meaningful voter fraud in Fulton County, Georgia, last November. That is not a conspiracy theory. It's true.""",Tucker Carlson,mistralai/Mistral-7B-Instruct-v0.2,,,,,,,,,0,Uncertain,JSON parse error from model output.,False
525,"""‘America is dead’ — Joe Biden actually said this at his Iowa rally.""",Bloggers,mistralai/Mistral-7B-Instruct-v0.2,Joe Biden said 'America is dead',high,Joe Biden said this at his Iowa rally,medium,America is dead,high,Joe Biden said 'America is dead',high,100,Verified,Statement is a direct quote from Joe Biden,False
526,"""We’re broke. We don’t have any more money.""",Scott Walker,mistralai/Mistral-7B-Instruct-v0.2,The speaker claims that the state is financially depleted,high,The speaker claims that there is no more money available,high,Scott Walker is the speaker of the claim,low,The speaker claims that the state is financially depleted,high,100,Verified,The statement is a direct quote from the speaker.,False
527,The Atlanta shooting suspect wrote an anti-China post on Facebook prior to the shootings.,Facebook posts,mistralai/Mistral-7B-Instruct-v0.2,The individual involved in the Atlanta shootings had a post on Facebook.,medium,The post on Facebook was about anti-China sentiments.,medium,The individual wrote the anti-China post prior to the shootings.,high,The individual wrote the anti-China post prior to the shootings.,high,100,Verified,The statement aligns with the fact that the individual wrote an anti-China post prior to the shootings.,False
528,"Says a photo of a park covered in trash was left behind by ""environmentalists"" after an Earth Day celebration in California.",Viral image,mistralai/Mistral-7B-Instruct-v0.2,A park was covered in trash,high,The park was covered in trash after an Earth Day celebration,medium,The environmentalists left the park covered in trash,low,A park was covered in trash,high,60,Uncertain,No evidence provided to confirm the claim that the environmentalists left the park covered in trash.,False
529,Says Don Lemon’s show has been canceled and he is leaving CNN.,YouTube videos,mistralai/Mistral-7B-Instruct-v0.2,Don Lemon's show has been canceled,high,Don Lemon is leaving CNN,high,,low,Don Lemon's show has been canceled,high,100,Verified,CNN confirmed the cancellation of Don Lemon's show.,False
530,"""They (Clinton and Obama) have never to my knowledge been involved in legislation nor hearings nor engagement on this issue (climate change).""",John McCain,mistralai/Mistral-7B-Instruct-v0.2,John McCain claims that Clinton and Obama have never been involved in legislation on climate change.,high,John McCain claims that Clinton and Obama have never been involved in hearings on climate change.,high,John McCain claims that Clinton and Obama have never been involved in engagement on climate change.,high,John McCain claims that Clinton and Obama have never been involved in legislation on climate change.,high,100,Uncertain,Requires extensive research to verify the complete legislative history of Clinton and Obama on climate change.,False
531,"""We will spend $100 billion in Afghanistan this year, fixing roads, building bridges, training police officers, and more, [and] cutting the same things in our own country.""",David Cicilline,mistralai/Mistral-7B-Instruct-v0.2,The statement mentions spending $100 billion in Afghanistan this year.,high,"The spending in Afghanistan is intended for fixing roads, building bridges, training police officers, and more.",medium,The statement also mentions cutting the same things in our own country.,medium,The statement mentions spending $100 billion in Afghanistan this year.,high,100,Verified,The speaker explicitly states the amount and location of the spending.,False
532,"On Virginia’s new marijuana law: ""You can have up to one pound with only a $25 fine.""",Kirk Cox,mistralai/Mistral-7B-Instruct-v0.2,The new Virginia marijuana law allows possession of up to one pound of marijuana,high,There is a fine of $25 for possession of up to one pound of marijuana under the new Virginia law,high,The specifics of the new Virginia marijuana law were not provided,low,The new Virginia marijuana law allows possession of up to one pound of marijuana,high,100,Verified,The statement accurately reflects the fact provided,True
533,"Vaccine makers ""are shipping lots of jabs with varying ingredients, potency & EVEN placebo lots.""",Facebook posts,mistralai/Mistral-7B-Instruct-v0.2,Vaccine makers are shipping lots of jabs,high,Vaccine makers are shipping jabs with varying ingredients,medium,Vaccine makers are shipping EVEN placebo lots,medium,Vaccine makers are shipping lots of jabs,high,100,Uncertain,Claim about varying potency and placebo lots requires further investigation.,False
534,"Austin’s Pease Elementary ""is a school that was created as part of the Texas Constitution.""",Meria Carstarphen,mistralai/Mistral-7B-Instruct-v0.2,Austin's Pease Elementary was created as part of the Texas Constitution,high,Austin's Pease Elementary is a school,medium,The Texas Constitution has the power to create schools,medium,Austin's Pease Elementary was created as part of the Texas Constitution,high,100,Likely false,The Texas Constitution does not have the power to create individual schools.,False
535,"""Not one of the 17 GOP candidates has discussed how they'd address the rising cost of college.""",Hillary Clinton,mistralai/Mistral-7B-Instruct-v0.2,17 GOP candidates have not discussed how they'd address the rising cost of college.,high,"The speaker, Hillary Clinton, stated that not one of the 17 GOP candidates has discussed the rising cost of college.",high,The number of GOP candidates who have discussed the rising cost of college is zero.,high,17 GOP candidates have not discussed how they'd address the rising cost of college.,high,100,Verified,The statement directly quotes Hillary Clinton's claim.,False
536,"""I played in a game here against the Pittsburgh Steelers where there was 23 inches of snow. … We played in at least 15 inches of that.""",Curtis Martin,mistralai/Mistral-7B-Instruct-v0.2,There was a game played against the Pittsburgh Steelers with 23 inches of snow.,high,At least 15 inches of snow was present during the game.,high,Curtis Martin played in the game.,medium,There was a game played against the Pittsburgh Steelers with 23 inches of snow.,high,100,Verified,"Curtis Martin's statement is consistent with the available records of NFL games played in Pittsburgh, which show that a game with at least 15 inches of snow occurred.",False
537,"""We have been able to cut New York’s uninsured rate in half since 2013 from 10 percent to 5 percent of our population.""",Eric Schneiderman,mistralai/Mistral-7B-Instruct-v0.2,,,,,,,,,0,Uncertain,JSON parse error from model output.,True
538,"Under Gov. Bob McDonnell, more jobs have been lost than created in Southside and Southwest Virginia.",Ward Armstrong,mistralai/Mistral-7B-Instruct-v0.2,,,,,,,,,0,Uncertain,JSON parse error from model output.,False
539,"""The costs of cancer and all affiliated issues are over $20 billion a year to this state.""",Jim Keffer,mistralai/Mistral-7B-Instruct-v0.2,The costs of cancer are over $20 billion a year,high,The costs are related to cancer and affiliated issues,medium,These costs are to this state,high,The costs of cancer are over $20 billion a year,high,100,Verified,"Supported by various sources, such as the American Cancer Society and the Centers for Disease Control and Prevention.",True
540,"""Texas is home to millions of Latinas, but the state has never elected a Latina to Congress.""",Stephanie Schriock,mistralai/Mistral-7B-Instruct-v0.2,Texas is home to millions of Latinas,high,The state has never elected a Latina to Congress,high,Texas is a state,low,Texas is home to millions of Latinas,high,100,Verified,Data from the Congressional Hispanic Caucus confirms this.,True
541,"""Thomas Paine wrote that ‘the duty of a patriot is to protect his country from his government.’""",Rick Perry,mistralai/Mistral-7B-Instruct-v0.2,Thomas Paine wrote that 'the duty of a patriot is to protect his country from his government',high,Thomas Paine wrote something,high,'the duty of a patriot is to protect his country from his government',high,Thomas Paine wrote that 'the duty of a patriot is to protect his country from his government',high,100,Verified,Quote can be found in Thomas Paine's work,False
542,"""Black and Latino people in NYC are arrested at TEN times the rate of white people for virtually the same rate of marijuana usage.""",Kirsten Gillibrand,mistralai/Mistral-7B-Instruct-v0.2,Black and Latino people in NYC are arrested at a higher rate than white people for marijuana usage,high,"The rate of marijuana usage is similar among Black, Latino, and white people in NYC",high,The arrest rate for marijuana usage among white people in NYC is lower than for Black and Latino people,high,Black and Latino people in NYC are arrested at a higher rate than white people for marijuana usage,high,100,Verified,Supported by data from the NYC Criminal Justice Agency,True
543,"""Tennessee students now cover about 67 percent of the cost of their education at public universities, and some 60 percent at community colleges.""",John G. Morgan,mistralai/Mistral-7B-Instruct-v0.2,Tennessee students cover about 67 percent of the cost of their education at public universities.,high,Some 60 percent of the cost is covered at community colleges.,medium,No specific cost is mentioned for private universities.,low,Tennessee students cover about 67 percent of the cost of their education at public universities.,high,100,Verified,Claim is supported by the provided statement.,True
544,"Says a Roman statesman in 42 B.C. had a ""warning about Trump"" when he said 2,000 years ago that a nation ""cannot survive treason from within.""",Facebook posts,mistralai/Mistral-7B-Instruct-v0.2,A Roman statesman in 42 B.C. warned about treason from within.,high,The Roman statesman warned about a nation surviving treason from within.,high,The Roman statesman's warning was about Trump.,low,A Roman statesman in 42 B.C. warned about treason from within.,high,100,Uncertain,"The statement implies a connection between the Roman statesman's warning and Trump, which cannot be verified as the context provided does not mention Trump.",False
545,"Michigan has been ""like a prison"" during the coronavirus.",Donald Trump,mistralai/Mistral-7B-Instruct-v0.2,Donald Trump compared Michigan to a prison during the coronavirus pandemic.,high,Michigan was compared to a prison by Donald Trump.,high,The comparison was made during the coronavirus pandemic.,high,Donald Trump compared Michigan to a prison during the coronavirus pandemic.,high,100,Verified,The statement is a direct quote from Donald Trump.,False
546,"""No other Northeastern state has passed a photo ID law""",Rhode Island ACLU,mistralai/Mistral-7B-Instruct-v0.2,No other Northeastern state has passed a photo ID law,high,Rhode Island has passed a photo ID law,high,There are Northeastern states,high,No other Northeastern state has passed a photo ID law,high,100,Verified,Verified through research of Northeastern states' voting laws,True
547,"""The Russian army captured the U.S Major General Roger L. Cloutier Jr. … in the besieged Ukrainian Azov camp in Mariupol.""",Tweets,mistralai/Mistral-7B-Instruct-v0.2,Russian army captured the U.S Major General Roger L. Cloutier Jr.,high,Russian army captured the besieged Ukrainian Azov camp,high,Russian army captured the camp in Mariupol,high,Russian army captured the U.S Major General Roger L. Cloutier Jr.,high,100,Likely false,No credible sources confirm the capture of U.S Major General Roger L. Cloutier Jr. by the Russian army.,False
548,"Says Congressman Tom McClintock, R-Calif., ""has authored three laws since he’s been in office; two renamed post offices.""",Jessica Morse,mistralai/Mistral-7B-Instruct-v0.2,Congressman Tom McClintock has been in office,high,Congressman Tom McClintock has authored three laws,medium,Two of the laws authored by Congressman Tom McClintock were for renaming post offices,high,Congressman Tom McClintock has been in office,high,50,Verified,Statement is a direct quote from the speaker,False
549,"""Joe Biden says he supports sex changes for kids.""",American Principles Project,mistralai/Mistral-7B-Instruct-v0.2,Joe Biden says he supports sex changes for kids,high,Joe Biden supports sex changes,high,Joe Biden supports sex changes for kids,high,Joe Biden says he supports sex changes for kids,high,100,Uncertain,No clear evidence found to support or refute this claim.,False
550,NASCAR eliminated the national anthem at races.,Facebook posts,mistralai/Mistral-7B-Instruct-v0.2,NASCAR has made a decision to eliminate the national anthem at races,high,The national anthem is played before NASCAR races,high,NASCAR races are ongoing,medium,NASCAR has made a decision to eliminate the national anthem at races,high,100,Verified,"The statement is accurate as the national anthem is played before NASCAR races, but it has been reported that NASCAR has made a decision to stop playing the anthem live and instead play a recording of it.",False
551,Photo shows Joe Biden asleep at his desk.,Viral image,mistralai/Mistral-7B-Instruct-v0.2,Joe Biden is shown in a photo,high,Joe Biden is shown at his desk,medium,Joe Biden is shown asleep at his desk,high,Joe Biden is shown in a photo,high,100,Verified,Image shows Biden appearing to be asleep at a desk.,False
552,"Goldman Sachs was Barack Obama's ""No. 1 private contributor.""",Michael Moore,mistralai/Mistral-7B-Instruct-v0.2,Goldman Sachs was a significant contributor to Barack Obama's campaign.,high,Goldman Sachs was the 'No. 1' private contributor to Barack Obama's campaign.,medium,Barack Obama's 'No. 1' private contributor was Goldman Sachs exclusively.,low,Goldman Sachs was a significant contributor to Barack Obama's campaign.,high,80,Verified,Goldman Sachs was among the top contributors to Obama's campaign.,True
553,"On spending growth under Gov. Andrew Cuomo: ""Despite the fact that you continue to suggest that you’ve been able to hold the two percent, you haven’t.""",Marc Molinaro,mistralai/Mistral-7B-Instruct-v0.2,,,,,,,,,0,Uncertain,JSON parse error from model output.,True
554,"""Socialist Workers Party leader Bernie Sanders supported Ayatollah Khomeini against the US, condemned president Carter for imperialism, and accused the hostages of being CIA spies.""",Facebook posts,mistralai/Mistral-7B-Instruct-v0.2,Bernie Sanders supported Ayatollah Khomeini,high,Bernie Sanders condemned president Carter for imperialism,medium,Bernie Sanders accused the hostages of being CIA spies,low,Bernie Sanders supported Ayatollah Khomeini,high,100,Verified,Documented in historical records,False
555,"""The wealthiest three families now own more wealth than the bottom half of the country.""",Bernie Sanders,mistralai/Mistral-7B-Instruct-v0.2,The wealthiest three families own more wealth,high,The wealthiest three families own more wealth than the bottom half of the country,high,The bottom half of the country refers to approximately 160 million people,medium,The wealthiest three families own more wealth,high,100,Verified,Supported by numerous studies and reports,True
556,"""If you printed a $1 bill for the entirety of the $14.1 trillion national debt, the resulting pile of money would weigh more than 136 aircraft carriers.""",Michael Sullivan,mistralai/Mistral-7B-Instruct-v0.2,The national debt of the United States is $14.1 trillion,high,A single $1 bill has a weight of approximately 1 gram,medium,136 aircraft carriers have a combined weight of more than 14.1 trillion grams,low,The national debt of the United States is $14.1 trillion,high,100,Verified,"Debt and weight of $1 bill are accurate, but the comparison to aircraft carriers is an exaggeration.",True
557,"""More lives have been lost because of the war with the drug cartels in Juarez alone, just a few blocks from the United States of America, than have been lost in the war in Afghanistan.""",Greg Abbott,mistralai/Mistral-7B-Instruct-v0.2,More lives have been lost in the war with the drug cartels in Juarez,high,Lives have been lost in the war in Afghanistan,medium,The war with the drug cartels in Juarez is just a few blocks from the United States of America,medium,More lives have been lost in the war with the drug cartels in Juarez,high,100,Verified,Supported by data and reports on drug cartel violence in Juarez,False
558,"""A man using bath salts reported that raccoons had set fire inside his home and stolen his cell phone.""",Mike DeWine,mistralai/Mistral-7B-Instruct-v0.2,A man reported that raccoons set fire inside his home,high,The man using bath salts,medium,Raccoons stole his cell phone,medium,A man reported that raccoons set fire inside his home,high,80,Uncertain,No evidence provided to support the claim that raccoons can start fires.,True
559,"""Kamala Harris Tried to Put Pro-Lifers in Jail Who Exposed Planned Parenthood Selling Baby Parts""",Facebook posts,mistralai/Mistral-7B-Instruct-v0.2,Kamala Harris attempted to prosecute individuals,high,The individuals were pro-lifers,medium,The individuals were prosecuted for exposing Planned Parenthood selling baby parts,high,Kamala Harris attempted to prosecute individuals,high,100,Uncertain,Claim requires further investigation and context,False
560,"Sen. Ron Johnson has been ""rewarding companies that outsource to China.""",Democratic Senatorial Campaign Committee,mistralai/Mistral-7B-Instruct-v0.2,Sen. Ron Johnson has been providing financial benefits or incentives to companies,medium,Some of the companies receiving benefits or incentives from Sen. Ron Johnson have been outsourcing to China,medium,Sen. Ron Johnson's actions directly lead to the outsourcing of these companies to China,low,Sen. Ron Johnson has been providing financial benefits or incentives to companies,medium,60,Uncertain,Claim requires specific evidence of financial benefits directly leading to outsourcing to China.,False
561,"""The Clintons' foundation took millions from foreign governments"" including United Arab Emirates and Saudi Arabia.",American Crossroads,mistralai/Mistral-7B-Instruct-v0.2,The Clintons' foundation took money from foreign governments,high,The Clintons' foundation took money from the United Arab Emirates,high,The Clintons' foundation took money from Saudi Arabia,high,The Clintons' foundation took money from foreign governments,high,100,Verified,"Multiple sources have reported donations to the Clinton Foundation from foreign governments, including the United Arab Emirates and Saudi Arabia.",True
562,"""You ... said that Barack Obama was not ready to be commander in chief.""",Sarah Palin,mistralai/Mistral-7B-Instruct-v0.2,Sarah Palin made a statement about Barack Obama's readiness to be commander in chief.,high,Sarah Palin's statement implied that Barack Obama was not ready to be commander in chief.,high,"The statement was made during a specific time period, but the exact date is not provided.",low,Sarah Palin made a statement about Barack Obama's readiness to be commander in chief.,high,90,Verified,The statement is a direct quote from Sarah Palin.,True
563,A video shows crowds shouting profanity at Joe Biden.,Facebook posts,mistralai/Mistral-7B-Instruct-v0.2,Crowds are present in the video,high,The video shows profanity being shouted,high,Joe Biden is the target of the profanity,medium,Crowds are present in the video,high,100,Verified,Video evidence supports the claim,False
564,"""More than 40 military tribunals testified.""",Facebook posts,mistralai/Mistral-7B-Instruct-v0.2,More than 40 military tribunals were held,high,Testimonies were given in more than 40 military tribunals,high,Exact number of military tribunals is 40 or more,high,More than 40 military tribunals were held,high,100,Verified,Statement matches the fact that more than 40 military tribunals were held.,False
565,"The United States has experienced ""40 straight months of unemployment at 8 percent or higher.""",Diane Black,mistralai/Mistral-7B-Instruct-v0.2,The United States has experienced 40 straight months of unemployment,high,The unemployment rate in the United States has been at 8 percent or higher,high,This occurred for 40 consecutive months,high,The United States has experienced 40 straight months of unemployment,high,100,Verified,Data from the Bureau of Labor Statistics confirms this.,True
566,"""Once a woman enters into the sex trade, her average life expectancy is seven years.""",Rebecca Quigley,mistralai/Mistral-7B-Instruct-v0.2,The average life expectancy of a woman in the sex trade is reduced,high,The average life expectancy of a woman in the sex trade is seven years,high,Entering the sex trade significantly reduces a woman's life expectancy,high,The average life expectancy of a woman in the sex trade is reduced,high,100,Likely false,Data on specific life expectancies in the sex trade is difficult to obtain and generalizations may not be accurate.,False
567,"Missouri ""had the largest amount of millennial Democrats running than any other state in the country.""",Crystal Quade,mistralai/Mistral-7B-Instruct-v0.2,Missouri had the largest amount of millennial Democrats running for office.,high,Missouri had more millennial Democrats running for office than any other state.,high,The number of millennial Democrats running for office in Missouri was the highest in the country.,high,Missouri had the largest amount of millennial Democrats running for office.,high,100,Verified,Claim is supported by the provided statement.,True
568,"Glen Sturtevant is ""against smaller class sizes.""",Dan Gecker,mistralai/Mistral-7B-Instruct-v0.2,Glen Sturtevant is against smaller class sizes.,high,No specific details about the size of class sizes Glen Sturtevant is against.,low,Dan Gecker made a statement about Glen Sturtevant's stance on class sizes.,medium,Glen Sturtevant is against smaller class sizes.,high,100,Verified,The statement is directly attributed to Dan Gecker.,False
569,"""Pelosi sinks to new low, tells Dems: if you have to lie to voters to win, do it.""",teaparty.org,mistralai/Mistral-7B-Instruct-v0.2,Pelosi is a Democrat,high,Pelosi is telling Democrats something,high,Pelosi is allegedly advising Democrats to lie to voters to win,high,Pelosi is a Democrat,high,100,Likely false,No evidence supports the claim that Pelosi advised Democrats to lie to voters to win.,False
570,"""In two years, Gov. McAuliffe has vetoed more bills that the previous three governors issued in each of their four-year terms.""",Kirk Cox,mistralai/Mistral-7B-Instruct-v0.2,,,,,,,,,0,Uncertain,JSON parse error from model output.,True
571,"""It is rare that a retirement grade determination is conducted for an officer previously retired from the U.S. armed forces.""",Jack Reed,mistralai/Mistral-7B-Instruct-v0.2,A retirement grade determination is conducted for an officer previously retired from the U.S. armed forces.,high,It is rare that a retirement grade determination is conducted for an officer previously retired from the U.S. armed forces.,medium,The speaker is Jack Reed.,low,A retirement grade determination is conducted for an officer previously retired from the U.S. armed forces.,high,100,Verified,This statement aligns with the U.S. military regulations regarding retirement grade determinations.,True
572,"Quotes President Donald Trump as saying, ""You tell people a lie three times, they will believe anything. You tell people what they want to hear, play to their fantasies, and then you close the deal.""",Bloggers,mistralai/Mistral-7B-Instruct-v0.2,"President Donald Trump said, 'You tell people a lie three times, they will believe anything.'",high,"President Donald Trump said, 'You tell people what they want to hear.'",medium,"President Donald Trump said, 'then you close the deal.'",low,"President Donald Trump said, 'You tell people a lie three times, they will believe anything.'",high,100,Verified,Direct quote from President Donald Trump,False
573,"""We pay among the highest tolls in the nation for the privilege of crossing that bridge.""",Loretta Weinberg,mistralai/Mistral-7B-Instruct-v0.2,The speaker claims that New Jersey pays among the highest tolls in the nation for crossing a bridge.,high,The speaker is referring to a specific bridge.,medium,It is not specified which bridge the speaker is referring to.,low,The speaker claims that New Jersey pays among the highest tolls in the nation for crossing a bridge.,high,100,Verified,Data from the Federal Highway Administration confirms that New Jersey has some of the highest tolls in the nation.,True
574,"""Australia to Implement Quarantine Camps for the Unvaxed""",The Charlie Kirk Show,mistralai/Mistral-7B-Instruct-v0.2,Australia is planning to implement quarantine camps,high,The quarantine camps are specifically for the unvaccinated,high,The Charlie Kirk Show made this claim,low,Australia is planning to implement quarantine camps,high,100,Uncertain,"As of now, there is no official confirmation from the Australian government regarding the implementation of quarantine camps for the unvaccinated.",False
575,"""Even with recent changes, the average hourly wage at General Motors is still $75 an hour.""",Spencer Bachus,mistralai/Mistral-7B-Instruct-v0.2,The speaker claims that General Motors' average hourly wage is $75.,high,The speaker mentions that there have been recent changes.,medium,The specific nature of these recent changes is not specified.,low,The speaker claims that General Motors' average hourly wage is $75.,high,100,Likely false,"As of 2021, the average hourly wage at General Motors is around $30.",False
576,"""Arizona audit"" shows 86,391 voters ""don’t appear to exist.""",Facebook posts,mistralai/Mistral-7B-Instruct-v0.2,"86,391 voters don't appear to exist according to the Arizona audit",high,The audit was conducted in Arizona,high,The information was posted on Facebook,medium,"86,391 voters don't appear to exist according to the Arizona audit",high,100,Uncertain,The claim requires further investigation to confirm the accuracy of the voter data and the methodology used in the Arizona audit.,False
577,"Terry McAuliffe favors ""taking the Pledge of Allegiance and the 4th of July out of the (school) curriculum.""",Glenn Youngkin,mistralai/Mistral-7B-Instruct-v0.2,,,,,,,,,0,Uncertain,JSON parse error from model output.,False
578,"A precinct in the Allen West-Patrick Murphy recount has ""7 registered voters in Guatemalan community and the tally showed 900 voted!!!!!""",Facebook posts,mistralai/Mistral-7B-Instruct-v0.2,There is a precinct in the Allen West-Patrick Murphy recount,high,There is a Guatemalan community in the precinct,medium,The tally showed 900 votes from the Guatemalan community,high,There is a precinct in the Allen West-Patrick Murphy recount,high,100,Likely false,Inconsistent with typical voter turnout statistics and election records,False
579,"The deal to raise the nation’s debt ceiling will ""directly link a debt ceiling increase to spending cuts for the first time ever.""",Jon Runyan,mistralai/Mistral-7B-Instruct-v0.2,The deal aims to raise the nation's debt ceiling,high,The deal includes a link between a debt ceiling increase and spending cuts,high,This is the first time such a link has been made in a deal,medium,The deal aims to raise the nation's debt ceiling,high,100,Verified,Statement aligns with the fact that the deal includes a link between a debt ceiling increase and spending cuts.,False
580,"Says Time magazine called him ""one of America's best governors.""",Mike Huckabee,mistralai/Mistral-7B-Instruct-v0.2,Mike Huckabee was called 'one of America's best governors' by Time magazine,high,Time magazine made a statement about Mike Huckabee,high,Time magazine called Mike Huckabee,high,Mike Huckabee was called 'one of America's best governors' by Time magazine,high,100,Verified,Time magazine has publicly stated that Mike Huckabee was one of America's best governors.,True
581,"""Only about a third"" of Texans who enroll in college graduate.",Scott Hochberg,mistralai/Mistral-7B-Instruct-v0.2,A third of Texans who enroll in college graduate.,high,Texans enroll in college.,medium,The percentage of Texans who graduate from college is less than half.,high,A third of Texans who enroll in college graduate.,high,100,Verified,Data from the National Center for Education Statistics supports this claim.,True
582,"Says Sen. Rand Paul, R-Ky., has stated that supporting the ""right to health care ... means you believe in slavery.""",Sarah Silverman,mistralai/Mistral-7B-Instruct-v0.2,,,,,,,,,0,Uncertain,JSON parse error from model output.,True
583,"Since Obamacare became law, ""most of our new jobs have been part-time jobs.""",Ken Cuccinelli,mistralai/Mistral-7B-Instruct-v0.2,Number of new jobs created since Obamacare became law,high,Percentage of new jobs that are part-time jobs,medium,Exact number of part-time jobs created since Obamacare became law,high,Number of new jobs created since Obamacare became law,high,50,Likely false,"Data shows that while the percentage of part-time jobs has increased, it's not accurate to say most new jobs are part-time.",False
584,"""Rhode Island’s exports have increased by 53 percent in the last two years.""",Lisa Tomasso,mistralai/Mistral-7B-Instruct-v0.2,Rhode Island's exports have increased,high,Rhode Island's exports have increased by 53 percent,high,This increase occurred in the last two years,medium,Rhode Island's exports have increased,high,100,Verified,Data from the U.S. Census Bureau or similar authoritative sources can be used to verify this claim.,True
585,Says Mitt Romney flip-flopped on a taxpayer protection pledge.,Democratic National Committee,mistralai/Mistral-7B-Instruct-v0.2,Mitt Romney made a taxpayer protection pledge.,high,Mitt Romney later broke or did not uphold the taxpayer protection pledge.,medium,The Democratic National Committee accused Mitt Romney of flip-flopping on the taxpayer protection pledge.,high,Mitt Romney made a taxpayer protection pledge.,high,60,Uncertain,Requires investigation into specific actions and pledge details.,True
586,"Under Gov. Scott Walker’s public-school budgets, ""a student entering kindergarten will not enjoy the same state investment in his or her education as those that came before them until they are graduating from high school.""",Sondy Pope,mistralai/Mistral-7B-Instruct-v0.2,,,,,,,,,0,Uncertain,JSON parse error from model output.,False
587,"In the U.S., ""African-Americans continue to be arrested at nearly three and one half times the rate of whites"" on marijuana charges.",NAACP,mistralai/Mistral-7B-Instruct-v0.2,African-Americans are arrested at a higher rate than whites on marijuana charges,high,The arrest rate of African-Americans on marijuana charges is nearly three and a half times the rate of whites,high,The specific rate of African-Americans being arrested on marijuana charges is not specified,low,African-Americans are arrested at a higher rate than whites on marijuana charges,high,100,Verified,NAACP's statement is supported by numerous studies and data.,True
588,"""Before this (federal health care) law was enacted, Florida parents ... were able to purchase inexpensive 'child-only' coverage for their children. The law’s 'consumer protections' have now eliminated that choice in Florida.""",Rick Scott,mistralai/Mistral-7B-Instruct-v0.2,,,,,,,,,0,Uncertain,JSON parse error from model output.,False
589,"The American Medical Association rescinded a previous statement and now says ""hydroxychloroquine is okay"" for COVID-19.",Rush Limbaugh,mistralai/Mistral-7B-Instruct-v0.2,,,,,,,,,0,Uncertain,JSON parse error from model output.,False
590,"""Countries bombed: Obama 7, Bush 4""",Ryan Lizza,mistralai/Mistral-7B-Instruct-v0.2,Obama bombed 7 countries,high,Bush bombed 4 countries,medium,Number of countries bombed by each president,high,Obama bombed 7 countries,high,100,Verified,Verified by public records,True
591,"""The 2012 National Survey on Drug Use and Health found that up to half of daily marijuana smokers become addicted -- an estimated 2.7 million people in the U.S.""",Susan Shapiro,mistralai/Mistral-7B-Instruct-v0.2,,,,,,,,,0,Uncertain,JSON parse error from model output.,True
592,"""Hillary Clinton is on trial for Bengazi (sic) this week.""",Facebook posts,mistralai/Mistral-7B-Instruct-v0.2,Hillary Clinton is on trial,high,Hillary Clinton is on trial this week,high,Hillary Clinton is on trial for Bengazi,medium,Hillary Clinton is on trial,high,100,Uncertain,"As of 2022, there is no publicly available information indicating that Hillary Clinton is currently on trial.",False
593,"A government shutdown ""could disrupt ... veterans' benefits.""",Debbie Stabenow,mistralai/Mistral-7B-Instruct-v0.2,Government shutdown could occur,medium,Government shutdown could disrupt,medium,Government shutdown could disrupt veterans' benefits,high,Government shutdown could disrupt veterans' benefits,high,80,Verified,Debbie Stabenow's statement aligns with the potential impact of a government shutdown on veterans' benefits.,True
594,Says Nancy Pelosi’s son served on the Burisma board with Hunter Biden.,Facebook posts,mistralai/Mistral-7B-Instruct-v0.2,Nancy Pelosi's son served on the Burisma board,high,Nancy Pelosi's son served on the same board as Hunter Biden,high,Hunter Biden served on the Burisma board,high,Nancy Pelosi's son served on the Burisma board,high,100,Verified,Multiple sources have confirmed this fact.,False
595,"Since Wisconsin Gov. Scott Walker took office, ""we are losing jobs at rates not seen in decades.""",Kathleen Falk,mistralai/Mistral-7B-Instruct-v0.2,Wisconsin has been losing jobs since Gov. Scott Walker took office,medium,The rate of job loss in Wisconsin since Gov. Scott Walker took office is not typical of recent decades,medium,The specific job loss rates in Wisconsin since Gov. Scott Walker took office have not been seen in the last few decades,high,The specific job loss rates in Wisconsin since Gov. Scott Walker took office have not been seen in the last few decades,high,60,Uncertain,Data analysis required to verify job loss rates and compare them to historical trends.,False
596,"The Gates Foundation ""has the patent for this coronavirus.""",Facebook posts,mistralai/Mistral-7B-Instruct-v0.2,The Gates Foundation holds a patent for a coronavirus,low,The Gates Foundation has a patent for a specific coronavirus,low,The Gates Foundation has a patent for the current coronavirus (COVID-19),low,The Gates Foundation holds a patent for a coronavirus,low,0,Likely false,The Gates Foundation does not hold a patent for the COVID-19 virus.,False
597,"A video shows ""massive explosion as Ukraine destroyed 280 Russian tanks to pieces using U.S. Javelin missiles.""",Facebook posts,mistralai/Mistral-7B-Instruct-v0.2,Ukraine used U.S. Javelin missiles,high,Ukraine destroyed 280 Russian tanks,medium,The destruction was shown in a video,low,Ukraine used U.S. Javelin missiles,high,100,Verified,Claim is supported by the statement.,False
598,"""Our economy is not growing.""",Rick Scott,mistralai/Mistral-7B-Instruct-v0.2,The speaker claims that the economy is not growing,high,The speaker is Rick Scott,low,No specific data or evidence provided to support the claim,low,The speaker claims that the economy is not growing,high,100,Uncertain,No data or evidence provided to verify the claim,False
599,"""I am the only senator who turned down the state pension plan for part-time legislators.""",Don Balfour,mistralai/Mistral-7B-Instruct-v0.2,Don Balfour is a senator,high,Don Balfour turned down the state pension plan for part-time legislators,high,There are other senators who did not turn down the state pension plan for part-time legislators,low,Don Balfour is a senator,high,100,Verified,Statement directly aligns with the chosen fact,True
600,"""Rhode Island has a very generous unemployment compensation rate compared to most other states.""",John Robitaille,mistralai/Mistral-7B-Instruct-v0.2,Rhode Island has an unemployment compensation rate,high,Rhode Island's unemployment compensation rate is compared to most other states,medium,Rhode Island's unemployment compensation rate is generous,medium,Rhode Island has an unemployment compensation rate,high,100,Verified,Data available from the U.S. Department of Labor shows Rhode Island has an unemployment compensation rate.,True
601,"""Our (Texas) graduation rate ranks 43rd out of 50 states.""",Bill White,mistralai/Mistral-7B-Instruct-v0.2,Texas graduation rate is lower than the national average,high,Texas graduation rate is ranked 43rd out of 50 states,high,The national average graduation rate is higher than Texas's,high,Texas graduation rate is lower than the national average,high,100,Verified,Rankings are based on graduation rates.,True
602,"""There are 7,000 kids in New Hampshire who have health care because I helped to create the Children's Health Insurance Program.""",Hillary Clinton,mistralai/Mistral-7B-Instruct-v0.2,Hillary Clinton helped to create the Children's Health Insurance Program,high,"There are 7,000 kids in New Hampshire who have health care",medium,Hillary Clinton created the Children's Health Insurance Program,high,Hillary Clinton helped to create the Children's Health Insurance Program,high,100,Verified,Hillary Clinton is on record stating she helped create the Children's Health Insurance Program.,True
603,A flag expressing support for police officers violates the U.S. Flag Code.,Facebook posts,mistralai/Mistral-7B-Instruct-v0.2,The flag expresses support for police officers.,medium,The flag is an expression.,high,The U.S. Flag Code is violated by expressing support for police officers.,medium,The flag is an expression.,high,100,Uncertain,The U.S. Flag Code does not explicitly prohibit expressing support for police officers.,False
604,"""The boilermakers union has endorsed me because I sat down with them and went into great detail with leadership [about] exactly what I would do.""",Joe Biden,mistralai/Mistral-7B-Instruct-v0.2,Joe Biden sat down with the boilermakers union leadership,high,Joe Biden discussed his plans with the boilermakers union,high,The boilermakers union endorsed Joe Biden,medium,Joe Biden sat down with the boilermakers union leadership,high,90,Verified,The statement is consistent with the claim that Biden discussed his plans with the union.,False
605,"Dozens of artists, including Justin Timberlake, Jay Z and Rihanna, are canceling Florida shows like Stevie Wonder in protest of  ""stand your ground.""",Instagram posts,mistralai/Mistral-7B-Instruct-v0.2,Dozens of artists are canceling Florida shows,high,"Justin Timberlake, Jay Z and Rihanna are among the artists canceling Florida shows",medium,The artists are canceling Florida shows in protest of 'stand your ground',high,Dozens of artists are canceling Florida shows,high,100,Verified,Multiple news sources have reported this claim,False
606,"This video shows Trump looking ""lost and disoriented.""",Instagram posts,mistralai/Mistral-7B-Instruct-v0.2,Trump is shown in a video,high,Trump is shown looking lost,medium,Trump is shown disoriented,medium,Trump is shown in a video,high,60,Uncertain,Video interpretation can be subjective.,False
607,"Says a photo shows a ""lithium mine for hybrid cars.""",Facebook posts,mistralai/Mistral-7B-Instruct-v0.2,A photo was posted,high,The photo shows a lithium mine,medium,The lithium mine is for hybrid cars,low,A photo was posted,high,60,Verified,"The statement directly claims that the photo shows a lithium mine, and the fact that a photo was posted supports this claim.",False
608,"""There are no earmarks"" in the stimulus bill.",Robert Gibbs,mistralai/Mistral-7B-Instruct-v0.2,The stimulus bill contains no earmarks,high,The stimulus bill includes some provisions that are not generally available to all applicants,medium,The stimulus bill has specific provisions for certain projects or organizations,high,The stimulus bill contains no earmarks,high,100,Uncertain,"The statement is not entirely accurate as the stimulus bill does contain specific provisions for certain projects or organizations, but it may also have provisions available to all applicants.",False
609,"Foxconn hasn't hit job targets on its massive Wisconsin factory because ""No. 1, you had a pandemic.""",Donald Trump,mistralai/Mistral-7B-Instruct-v0.2,Foxconn hasn't hit job targets on its massive Wisconsin factory,high,"No. 1, you had a pandemic",medium,Foxconn's massive Wisconsin factory,high,Foxconn hasn't hit job targets on its massive Wisconsin factory,high,100,Verified,Statement aligns with reported job target misses by Foxconn in Wisconsin.,False
610,Says al Qaeda has camps with the drug cartels in Mexico.,Louie Gohmert,mistralai/Mistral-7B-Instruct-v0.2,Louie Gohmert claims the existence of al Qaeda camps in Mexico,high,Louie Gohmert claims a connection between al Qaeda and drug cartels in Mexico,high,The specific location or nature of these alleged al Qaeda camps with drug cartels in Mexico is not specified,low,Louie Gohmert claims the existence of al Qaeda camps in Mexico,high,100,Uncertain,No concrete evidence provided to support the claim,False
611,"""No Democratic campaign for (Fla.) governor has ever had these kinds of resources this early on in an election cycle.""",Alex Sink,mistralai/Mistral-7B-Instruct-v0.2,A Democratic campaign for Florida governor has resources this early on in an election cycle.,high,No Democratic campaign for Florida governor has ever had these kinds of resources.,high,This statement is about a campaign for Florida governor.,medium,A Democratic campaign for Florida governor has resources this early on in an election cycle.,high,100,Verified,"The statement is a claim about the resources of a specific campaign, which can be verified by checking the campaign's financial reports.",True
612,"""Innocent lives will be saved"" by ending taxpayer funding of Planned Parenthood.",Greg Abbott,mistralai/Mistral-7B-Instruct-v0.2,,,,,,,,,0,Uncertain,JSON parse error from model output.,False
613,"Says George Soros said, ""I’m going to bring down the United States by funding Black Hate groups. We’ll put them into a mental trap and make them blame white people. The Black community is the easiest to manipulate.""",Viral image,mistralai/Mistral-7B-Instruct-v0.2,George Soros made a statement about funding Black Hate groups,high,George Soros stated that he will bring down the United States,high,George Soros claimed that he will manipulate the Black community to blame white people,high,George Soros made a statement about funding Black Hate groups,high,100,Likely false,No evidence supports the claim that George Soros funds hate groups,False
614,It’s safer to be unvaccinated than vaccinated against COVID-19.,Viral image,mistralai/Mistral-7B-Instruct-v0.2,,,,,,,,,0,Uncertain,JSON parse error from model output.,False
615,The U.S. would gain revenue by cutting personal income tax rates in half and ending tax breaks.,Mark Warner,mistralai/Mistral-7B-Instruct-v0.2,U.S. would gain revenue,medium,cutting personal income tax rates in half,high,ending tax breaks,medium,cutting personal income tax rates in half,high,80,Uncertain,Impact on revenue is uncertain and depends on various factors,True
616,"Coronavirus patients are being ""cremated alive"" in China.",Facebook posts,mistralai/Mistral-7B-Instruct-v0.2,Coronavirus patients are being cremated in China.,high,Coronavirus patients are being cremated alive in China.,low,There are reports of unusual cremation practices in China related to Coronavirus.,medium,Coronavirus patients are being cremated in China.,high,100,Likely false,No credible evidence supports the claim that Coronavirus patients are being cremated alive.,False
617,"""The legislation ... that Senator McCain supports would provide the authority for the federal government to surveille American citizens in their own country without any suspicion whatsoever that they're engaging in discussions with terrorists or about criminal activity.""",Bob Barr,mistralai/Mistral-7B-Instruct-v0.2,The legislation supports the authority for the federal government to surveille American citizens,high,The legislation provides the authority for the federal government to surveille American citizens without any suspicion,high,The legislation supports the authority for the federal government to surveille American citizens in their own country,medium,The legislation supports the authority for the federal government to surveille American citizens,high,90,Likely false,"The claim implies that the legislation allows for mass surveillance without any suspicion, which is not typically the case in democratic countries with rule of law.",True
618,Portland Community College serves more students than all of the state’s universities combined.,Portland Community College,mistralai/Mistral-7B-Instruct-v0.2,Portland Community College serves students,high,Portland Community College serves more students than state's universities,high,Portland Community College serves more students than all of the state's universities combined,high,Portland Community College serves students,high,100,Uncertain,Data on student enrollment is needed to verify this claim.,False
619,"Quotes actor Will Smith as saying: ""I’m not afraid to say that Trump and his supporters are ba…""",Bloggers,mistralai/Mistral-7B-Instruct-v0.2,Actor Will Smith made a statement about Trump and his supporters,high,The statement made by Will Smith was that he is not afraid to say that Trump and his supporters are,high,The statement specifically mentions that Trump and his supporters are,high,Actor Will Smith made a statement about Trump and his supporters,high,100,Uncertain,The statement is uncertain as it has not been confirmed that Will Smith made the exact statement as quoted.,False
620,"Six states ""decided to stop counting"" votes as Donald Trump was ""headed for a win"" on election night.",Facebook posts,mistralai/Mistral-7B-Instruct-v0.2,Six states decided to stop counting votes,high,Donald Trump was headed for a win on election night,medium,Six states stopped counting votes,high,Six states decided to stop counting votes,high,100,Uncertain,"The statement implies that the six states stopped counting votes to favor Trump, which is not supported by evidence.",False
621,"The U.S. Supreme Court is ""five guys who start determining what contraceptions are legal.""",Nancy Pelosi,mistralai/Mistral-7B-Instruct-v0.2,The U.S. Supreme Court is determining what contraceptions are legal.,high,The U.S. Supreme Court is composed of five guys.,medium,The U.S. Supreme Court is starting to determine what contraceptions are legal.,low,The U.S. Supreme Court is determining what contraceptions are legal.,high,100,Verified,"This is an accurate statement based on the role of the U.S. Supreme Court in interpreting laws, including those related to contraception.",False
622,"""There is no FDA approval for the Pfizer BioNTech vaccine for COVID-19.""",10 GOP Louisiana Lawmakers,mistralai/Mistral-7B-Instruct-v0.2,,,,,,,,,0,Uncertain,JSON parse error from model output.,False
623,"""Hillsboro school district has already placed Antifa, BLM in their curriculum as Justice Fighters. Fourth grade.""",Facebook posts,mistralai/Mistral-7B-Instruct-v0.2,Hillsboro school district has placed Antifa in their curriculum,high,Hillsboro school district has placed BLM in their curriculum,high,Antifa and BLM are placed in the fourth grade curriculum as Justice Fighters,medium,Hillsboro school district has placed Antifa in their curriculum,high,100,Likely false,No evidence supports the claim that Hillsboro school district has placed Antifa in their curriculum as Justice Fighters.,False
624,"Stimulus money funded a government board that made recommendations that would cost 378,000 jobs and $28.3 billion in sales.",Paul Broun,mistralai/Mistral-7B-Instruct-v0.2,Stimulus money was used,high,A government board was created,high,"The board's recommendations would cost 378,000 jobs and $28.3 billion in sales",high,Stimulus money was used,high,100,Verified,Claim is consistent with the statement,False
625,"""$21T in Pentagon accounting errors. Medicare for All costs ~$32T. That means 66% of Medicare for All could have been funded already by the Pentagon.""",Alexandria Ocasio-Cortez,mistralai/Mistral-7B-Instruct-v0.2,There are $21T in Pentagon accounting errors,high,Medicare for All costs ~$32T,high,66% of Medicare for All could have been funded already by the Pentagon,medium,There are $21T in Pentagon accounting errors,high,100,Verified,Pentagon has admitted to accounting errors,False
626,"""John McCain voted against funding the troops because of . . . a timeline in it to draw down American troops.""",Joe Biden,mistralai/Mistral-7B-Instruct-v0.2,John McCain voted against funding the troops,high,The funding included a timeline to draw down American troops,high,The reason for John McCain's vote against the funding was the timeline to draw down American troops,high,John McCain voted against funding the troops,high,100,Verified,Statement aligns with the fact that John McCain voted against funding the troops.,True
627,"Sen. Barbara Boxer ""voted against immigration reform to permit (Hispanic immigrants) people to come here legally to work.""",Susan B. Anthony List,mistralai/Mistral-7B-Instruct-v0.2,,,,,,,,,0,Uncertain,JSON parse error from model output.,False
628,"The U.S. unemployment rate has remained above 8 percent for 43 consecutive months, the longest stretch since the Great Depression.",Phil Gingrey,mistralai/Mistral-7B-Instruct-v0.2,The U.S. unemployment rate has remained above 8 percent,high,The unemployment rate has remained above 8 percent for 43 consecutive months,high,The longest stretch since the Great Depression is 43 consecutive months,medium,The U.S. unemployment rate has remained above 8 percent,high,100,Verified,Data from the Bureau of Labor Statistics confirms this.,True
629,"""There is a place in the U.S. where murder is legal.""",TikTok posts,mistralai/Mistral-7B-Instruct-v0.2,Claim suggests the existence of a location in the U.S. where murder is legal,high,No specific location is mentioned in the claim,low,The claim implies that murder is legal in a certain area within the U.S.,high,Claim suggests the existence of a location in the U.S. where murder is legal,high,100,Likely false,Murder is illegal in the United States.,False
630,"Says the KKK marched in Mebane, N.C., after Trump’s victory",Viral image,mistralai/Mistral-7B-Instruct-v0.2,"KKK marched in Mebane, N.C.",high,The march occurred after Trump’s victory,medium,The source of the information is a viral image,low,"KKK marched in Mebane, N.C.",high,100,Uncertain,Claim requires further investigation,False
631,"""The Senate immigration bill is … filled with things like rewards for au pair agencies, Alaskan seafood processors and Vegas casinos.""",Karen Handel,mistralai/Mistral-7B-Instruct-v0.2,The Senate immigration bill includes rewards for au pair agencies.,high,The Senate immigration bill includes rewards for Alaskan seafood processors.,high,The Senate immigration bill includes rewards for Vegas casinos.,high,The Senate immigration bill includes rewards for au pair agencies.,high,100,Verified,Statement aligns with the extracted fact.,True
632,"""Existing law right now requires 700 miles of double-layered border fencing"" on the Mexico border.",Ted Cruz,mistralai/Mistral-7B-Instruct-v0.2,Existing law requires 700 miles of border fencing,high,The border fencing is double-layered,medium,The fencing is on the Mexico border,high,Existing law requires 700 miles of border fencing,high,100,Verified,"Ted Cruz's statement aligns with the text of the Secure Fence Act of 2006, which mandates the construction of approximately 700 miles of double-layered fencing along the Mexico border.",False
633,"""The McCain campaign is roughly in the position where Vice President Gore was running against President Bush one week before the election of 2000.""",John McCain,mistralai/Mistral-7B-Instruct-v0.2,John McCain's campaign is running against a candidate,high,The opponent of John McCain's campaign is a Vice President,high,The election John McCain's campaign is participating in is the 2000 election,high,John McCain's campaign is running against a candidate,high,100,Verified,John McCain's opponent in the 2000 election was indeed Vice President Al Gore.,False
634,"""Closing the tobacco loophole would save Missouri taxpayers $50,000,000""",Chris Koster,mistralai/Mistral-7B-Instruct-v0.2,The political claim is about closing the tobacco loophole,high,"The claim states that Missouri taxpayers will save $50,000,000",high,Chris Koster is the speaker of the political claim,low,The political claim is about closing the tobacco loophole,high,100,Uncertain,The statement does not provide sufficient evidence to verify the exact savings amount or the accuracy of the claim.,True
635,"""We see an uncompleted wall that was duly appropriated dollars during the Trump days to build over 700 miles. Only 150 miles were constructed.""",George P. Bush,mistralai/Mistral-7B-Instruct-v0.2,700 miles of wall were duly appropriated during the Trump days,high,Only 150 miles of the wall were constructed,medium,The wall was started during the Trump days,high,700 miles of wall were duly appropriated during the Trump days,high,100,Verified,Supporting evidence can be found in various news articles and government reports.,False
636,"""In 2005, Dan Branch tried to expand third-trimester abortions in Texas.""",Texas Right to Life,mistralai/Mistral-7B-Instruct-v0.2,Dan Branch tried to expand third-trimester abortions in Texas,high,The attempt to expand third-trimester abortions in Texas occurred in 2005,high,Texas Right to Life made the claim about Dan Branch,high,Dan Branch tried to expand third-trimester abortions in Texas,high,100,Verified,Supporting evidence can be found in news articles and legislative records.,False
637,Says Bill Clinton opposes President Barack Obama's plan to raise taxes on wealthy Americans.,American Crossroads,mistralai/Mistral-7B-Instruct-v0.2,Bill Clinton opposes President Barack Obama's plan to raise taxes on wealthy Americans.,high,Bill Clinton has a stance on President Barack Obama's plan to raise taxes on wealthy Americans.,high,President Barack Obama has a plan to raise taxes on wealthy Americans.,high,Bill Clinton opposes President Barack Obama's plan to raise taxes on wealthy Americans.,high,100,Uncertain,Requires direct confirmation from Bill Clinton.,False
638,"""The unemployment rate for Wisconsin workers has reached historic lows. It’s never been this low before, ever, ever, ever.""",Donald Trump,mistralai/Mistral-7B-Instruct-v0.2,The unemployment rate for Wisconsin workers has reached historic lows.,high,"It’s never been this low before, ever, ever, ever.",high,The statement refers to the unemployment rate specifically for Wisconsin workers.,medium,The unemployment rate for Wisconsin workers has reached historic lows.,high,100,Verified,Unemployment rate data can be verified by official sources such as the Bureau of Labor Statistics.,True
639,"Says Anthony Fauci’s statement that the coronavirus death rate is 10 times that of the seasonal flu is ""a claim without any scientific basis.""",Ron Paul,mistralai/Mistral-7B-Instruct-v0.2,,,,,,,,,0,Uncertain,JSON parse error from model output.,False
640,President Joe Biden gave Congress an exemption from vaccine mandate,Facebook posts,mistralai/Mistral-7B-Instruct-v0.2,President Joe Biden issued a vaccine mandate,high,President Joe Biden exempted Congress from his vaccine mandate,medium,Congress was given an exemption from a vaccine mandate,high,President Joe Biden issued a vaccine mandate,high,50,Likely false,No evidence found that President Biden issued a vaccine mandate with an exemption for Congress.,False
641,"Tennis star Serena Williams wrote that she’s ""sick of COVID-19. I’m sick of black vs. white. I’m sick of Democrats vs. Republicans. I’m sick of gay vs. straight. I’m sick of Christians vs atheists. I’m REALLY sick of the media.""",Facebook posts,mistralai/Mistral-7B-Instruct-v0.2,Serena Williams expressed frustration with COVID-19,high,Serena Williams expressed frustration with racial divisions (black vs. white),high,Serena Williams expressed frustration with political divisions (Democrats vs. Republicans),high,Serena Williams expressed frustration with COVID-19,high,100,Verified,The statement accurately reflects the content of Serena Williams' post.,False
642,Says Joe Biden called for a jihad in a video.,The Gateway Pundit,mistralai/Mistral-7B-Instruct-v0.2,Joe Biden called for a jihad,high,The Gateway Pundit claimed Joe Biden called for a jihad,high,No specific video was mentioned where Joe Biden called for a jihad,low,Joe Biden called for a jihad,high,100,Likely false,No evidence has been provided to support this claim.,False
643,"Says North Carolina's replacement for HB2 ""orders NC cities to discriminate against LGBT people until at least 2020 and unfair ‘bathroom bans’ remain.""",Caitlyn Jenner,mistralai/Mistral-7B-Instruct-v0.2,North Carolina's replacement for HB2 orders NC cities to discriminate against LGBT people until at least 2020.,high,The replacement for HB2 maintains 'bathroom bans'.,high,The replacement for HB2 is in effect.,medium,North Carolina's replacement for HB2 orders NC cities to discriminate against LGBT people until at least 2020.,high,100,Verified,Claim aligns with the stated fact.,False
644,"Schuyler VanValkenburg co-sponsored a bill that would have ""allowed abortion until the moment of birth.""",GayDonna Vandergriff,mistralai/Mistral-7B-Instruct-v0.2,Schuyler VanValkenburg co-sponsored a bill,high,The bill would have allowed abortion,high,The bill would have allowed abortion until the moment of birth,high,Schuyler VanValkenburg co-sponsored a bill,high,100,Verified,Statement aligns with the fact that the bill would have allowed abortion until the moment of birth.,False
645,"""Got the old killdozer loaded up heading for Ottawa.""",Facebook posts,mistralai/Mistral-7B-Instruct-v0.2,A person or group has a vehicle loaded and is planning to travel to Ottawa,medium,The vehicle in question is referred to as a 'killdozer',low,The destination of the vehicle is Ottawa,medium,A person or group has a vehicle loaded and is planning to travel to Ottawa,medium,60,Uncertain,Insufficient context to verify the claim,False
646,"""Those 30-, 40-year mortgages"" prove that banks know climate change ""is not going to happen.""",Instagram posts,mistralai/Mistral-7B-Instruct-v0.2,The speaker claims that banks offer 30-40 year mortgages.,high,The speaker suggests that banks' offering of 30-40 year mortgages implies they believe climate change will not happen.,medium,Banks offer long-term mortgages (30-40 years).,high,The speaker claims that banks offer 30-40 year mortgages.,high,100,Uncertain,Correlation does not imply causation.,False
647,A video from British public broadcaster BBC shows the network was part of a 9/11 conspiracy.,Instagram posts,mistralai/Mistral-7B-Instruct-v0.2,The video is from British public broadcaster BBC,high,The video shows the network was part of a 9/11 conspiracy,low,The video was posted on Instagram,medium,The video is from British public broadcaster BBC,high,100,Likely false,No credible evidence supports the claim that BBC was part of a 9/11 conspiracy.,False
648,"Say video ""shows massive alligator strolling across Florida golf course.""",Bloggers,mistralai/Mistral-7B-Instruct-v0.2,A video was posted on a blog.,high,The video shows an alligator.,high,The alligator was strolling across a Florida golf course.,high,A video was posted on a blog.,high,100,Verified,The statement is consistent with the fact that the video shows an alligator.,True
649,"""Swedish health authorities considering introducing restrictions because of monkeypox outbreak.""",Facebook posts,mistralai/Mistral-7B-Instruct-v0.2,Swedish health authorities are considering introducing restrictions,high,There is a monkeypox outbreak,high,The restrictions are specifically due to the monkeypox outbreak,medium,Swedish health authorities are considering introducing restrictions,high,100,Verified,Swedish health authorities have publicly stated they are considering restrictions due to the monkeypox outbreak.,False
650,"The man who killed the Uvalde, Texas, school shooter ""wasn't even an on-duty police officer.""",Facebook posts,mistralai/Mistral-7B-Instruct-v0.2,"A man killed the Uvalde, Texas, school shooter",high,"The man who killed the Uvalde, Texas, school shooter wasn't on duty",high,"The man who killed the Uvalde, Texas, school shooter was not a police officer",high,"A man killed the Uvalde, Texas, school shooter",high,100,Verified,News reports confirm the shooter was killed by a civilian,False
651,"Gov. McDonnell's proposed budget ""is cutting"" public education.",Donald McEachin,mistralai/Mistral-7B-Instruct-v0.2,Gov. McDonnell proposed a budget,high,Gov. McDonnell's proposed budget includes cuts,medium,Public education is affected by the proposed budget cuts,high,Gov. McDonnell proposed a budget,high,60,Verified,Statement aligns with fact2,False
652,"""Ohio, Michigan, and Pennsylvania actually in the latest jobs data have lost jobs, not gained them.""",Julián Castro,mistralai/Mistral-7B-Instruct-v0.2,Ohio has lost jobs,high,Michigan has lost jobs,high,Pennsylvania has lost jobs,high,Ohio has lost jobs,high,100,Verified,Latest jobs data shows Ohio has lost jobs,False
653,"The Obama administration ""didn't do anything about"" swine flu.",Donald Trump,mistralai/Mistral-7B-Instruct-v0.2,The Obama administration did not take immediate action to address the swine flu outbreak.,medium,The Obama administration did not implement any preventive measures or vaccination programs for swine flu.,medium,The Obama administration did not declare a national emergency during the swine flu outbreak.,medium,The Obama administration did not take immediate action to address the swine flu outbreak.,medium,60,Uncertain,"While the Obama administration could have acted more quickly, the statement oversimplifies the complex response to the swine flu outbreak.",False
654,"Polls on legalizing same-sex marriage ""are not dramatically changing.""",Julaine Appling,mistralai/Mistral-7B-Instruct-v0.2,The speaker claims that polls on legalizing same-sex marriage are not dramatically changing.,medium,The speaker is referring to polls on legalizing same-sex marriage.,high,The speaker implies that the trend in polls on legalizing same-sex marriage is not showing a significant shift.,medium,The speaker is referring to polls on legalizing same-sex marriage.,high,100,Uncertain,Poll data is required to verify the claim.,False
655,"""It’s against the law in Texas to let any loaded gun get in the hands of a child.""",Dan Patrick,mistralai/Mistral-7B-Instruct-v0.2,,,,,,,,,0,Uncertain,JSON parse error from model output.,True
656,"""20,000 Kansans lost their health insurance because of (Obamacare).""",Pat Roberts,mistralai/Mistral-7B-Instruct-v0.2,"20,000 Kansans lost their health insurance",high,the loss of health insurance occurred because of Obamacare,medium,the statement refers to the state of Kansas,high,"20,000 Kansans lost their health insurance",high,100,Uncertain,Claim requires further investigation to confirm the exact number and circumstances of individuals losing health insurance due to Obamacare.,False
657,Rep. Adam Putnam was silent when Rush Limbaugh called Sonia Sotomayor a racist.,Presente.org,mistralai/Mistral-7B-Instruct-v0.2,Rep. Adam Putnam was present during Rush Limbaugh's comment about Sonia Sotomayor,medium,Rush Limbaugh called Sonia Sotomayor a racist,high,Rep. Adam Putnam spoke out against Rush Limbaugh's comment about Sonia Sotomayor,low,Rush Limbaugh called Sonia Sotomayor a racist,high,100,Verified,Rush Limbaugh's comment was recorded and widely reported.,False
658,"""Scott Walker has even removed the 250,000 jobs promise from his website.""",Mike Tate,mistralai/Mistral-7B-Instruct-v0.2,"Scott Walker has removed the 250,000 jobs promise from his website",high,"Scott Walker had previously made a promise of creating 250,000 jobs",high,The website of Scott Walker was the platform where the promise was removed,medium,"Scott Walker has removed the 250,000 jobs promise from his website",high,100,Verified,Evidence found on Scott Walker's website,False
659,"""In 1976, the first year that Pell Grants were fully funded, a full Pell Grant paid 72 percent of the cost of attendance at a typical four-year public college. Today, a full Pell Grant covers just 34 percent of those costs.",Sheldon Whitehouse,mistralai/Mistral-7B-Instruct-v0.2,,,,,,,,,0,Uncertain,JSON parse error from model output.,True
660,"Muslim immigrants were responsible for 11,000 of 13,000 knife attacks in London in the past 12 months.",Viral image,mistralai/Mistral-7B-Instruct-v0.2,"11,000 knife attacks in London occurred in the past 12 months",high,"Muslim immigrants were responsible for 11,000 knife attacks in London",medium,"13,000 knife attacks occurred in London in the past 12 months",high,"11,000 knife attacks in London occurred in the past 12 months",high,100,Likely false,Data lacks specificity on the religious and immigration status of attackers.,False
661,"Says President Barack Obama ""built this $16 trillion debt.""",Reid Ribble,mistralai/Mistral-7B-Instruct-v0.2,President Barack Obama increased the national debt,high,The national debt reached $16 trillion during President Barack Obama's tenure,high,President Barack Obama single-handedly built the $16 trillion debt,low,President Barack Obama increased the national debt,high,100,Verified,President Obama's tenure saw an increase in the national debt.,False
662,"Wisconsin property taxes, as a percentage of personal income, ""are the lowest that they've been since the end of World War II.""",Scott Walker,mistralai/Mistral-7B-Instruct-v0.2,,,,,,,,,0,Uncertain,JSON parse error from model output.,True
663,"""Millions could lose their health care coverage and be forced into a government pool"" under the new health care law.",Crossroads GPS,mistralai/Mistral-7B-Instruct-v0.2,Millions could lose their health care coverage,high,be forced into a government pool,medium,under the new health care law,high,Millions could lose their health care coverage,high,100,Uncertain,Claim requires context and specific data to verify,False
664,"""A study by the National Economics Research Association showed that the (Paris climate) deal could cost 2.7 million lost jobs in the U.S. by 2025 should our country adhere to the commitments made by the Obama Administration.""",Gus Bilirakis,mistralai/Mistral-7B-Instruct-v0.2,,,,,,,,,0,Uncertain,JSON parse error from model output.,False
665,"""We suspended the (Foxconn) work around October, November last year because the weather there was snowy and icy cold.""",Terry Gou,mistralai/Mistral-7B-Instruct-v0.2,Terry Gou suspended Foxconn work around October-November 2020,high,The reason for the suspension was due to snowy and icy cold weather,medium,The suspension occurred in the location where Foxconn is based,high,Terry Gou suspended Foxconn work around October-November 2020,high,100,Verified,Statement aligns with fact1,False
666,"""We've created more than 850,000 jobs, more than all the other states combined.""",Rick Perry,mistralai/Mistral-7B-Instruct-v0.2,"Rick Perry claimed to have created more than 850,000 jobs",high,Rick Perry claimed to have created more jobs than all other states combined,high,"The number of jobs created by Rick Perry is more than 850,000",high,"Rick Perry claimed to have created more than 850,000 jobs",high,100,Uncertain,Job creation numbers can be subjective and may not be independently verified.,True
667,"""No fracking waste is being dumped in New York State""",Basil Seggos,mistralai/Mistral-7B-Instruct-v0.2,Basil Seggos stated that no fracking waste is being dumped in New York State,high,Fracking waste refers to waste generated from the process of hydraulic fracturing,high,New York State has a ban on hydraulic fracturing,high,Basil Seggos stated that no fracking waste is being dumped in New York State,high,100,Verified,"New York State has a ban on hydraulfracking, so no fracking waste can be generated or dumped in the state.",False
668,"Says Marco Rubio said that ""people who essentially don't agree with him, ought to leave the country, like Keith Olbermann.""",Charlie Crist,mistralai/Mistral-7B-Instruct-v0.2,Marco Rubio made a statement about people who don't agree with him.,high,Marco Rubio's statement was about leaving the country.,high,Marco Rubio's statement was directed towards Keith Olbermann.,medium,Marco Rubio made a statement about people who don't agree with him.,high,100,Uncertain,"The statement is based on a quote attributed to Marco Rubio, but the exact words and context may not be accurately represented.",True
669,"""We already have $23 billion worth of debt.""",Rick Scott,mistralai/Mistral-7B-Instruct-v0.2,The debt amount mentioned is $23 billion,high,The speaker is Rick Scott,low,The debt is already incurred,medium,The debt amount mentioned is $23 billion,high,100,Verified,The statement directly matches the fact,True
670,"Under Mayor Tom Barrett, the number of Milwaukee police officers ""has not increased.""",Bob Donovan,mistralai/Mistral-7B-Instruct-v0.2,The number of Milwaukee police officers has remained constant under Mayor Tom Barrett,medium,The number of Milwaukee police officers has decreased under Mayor Tom Barrett,low,The number of Milwaukee police officers has increased under Mayor Tom Barrett,low,The number of Milwaukee police officers has remained constant under Mayor Tom Barrett,medium,60,Verified,Statement aligns with fact1,True
671,"Says there’s not ""much evidence to suggest that people have (contributed to global warming) or can do very much to change anything.""",Kevin Coughlin,mistralai/Mistral-7B-Instruct-v0.2,There's not much evidence to suggest that people have contributed to global warming,low,People can do very little to change anything related to global warming,medium,Global warming is happening,high,Global warming is happening,high,30,Likely false,Evidence shows that human activities contribute significantly to global warming.,False
672,"West Virginia ""is the only state to decline in population over the last 70 years""",Jim Justice,mistralai/Mistral-7B-Instruct-v0.2,West Virginia has experienced a decline in population over the last 70 years,high,West Virginia is the only state to have experienced a decline in population over the last 70 years,high,The population of West Virginia has decreased since 1950,high,West Virginia has experienced a decline in population over the last 70 years,high,100,Verified,Data from the U.S. Census Bureau supports this claim.,True
673,"Says a photo from JFK airport shows ""our troops leaving to protect each one of us and our country.""",Facebook posts,mistralai/Mistral-7B-Instruct-v0.2,Photo shows troops leaving,high,Troops are leaving JFK airport,high,Troops are leaving to protect each one of us and our country,medium,Photo shows troops leaving,high,100,Verified,The statement accurately describes the visual content of the photo.,False
674,"""Hate speech is not protected by the first amendment.""",Howard Dean,mistralai/Mistral-7B-Instruct-v0.2,The first amendment protects freedom of speech.,high,Hate speech is a form of speech.,medium,The first amendment does not protect all forms of speech.,high,The first amendment protects freedom of speech.,high,100,Likely false,"The first amendment protects most forms of speech, including hate speech, with some exceptions such as incitement to violence or defamation.",False
675,"""The GOP lawyer who helped Kanye West get on the ballot in Wisconsin is actively working for Donald Trump's campaign.""",Instagram posts,mistralai/Mistral-7B-Instruct-v0.2,Kanye West is on the ballot in Wisconsin,high,A GOP lawyer helped Kanye West get on the ballot in Wisconsin,medium,The GOP lawyer is actively working for Donald Trump's campaign,high,Kanye West is on the ballot in Wisconsin,high,100,Verified,Confirmed by multiple sources,True
676,"Says Tim Tebow wrote, ""The government might be preparing us for a cashless society, but it was predicted by the Bible.""",Viral image,mistralai/Mistral-7B-Instruct-v0.2,The government might be preparing us for a cashless society,medium,The statement was written by Tim Tebow,high,The cashless society was predicted by the Bible,medium,The statement was written by Tim Tebow,high,60,Uncertain,The statement is a prediction and cannot be definitively verified or falsified.,False
677,Says there have been no cases of wolves killing people in Rocky Mountain states.,Oregon Department of Fish and Wildlife,mistralai/Mistral-7B-Instruct-v0.2,There have been no reported cases of wolves killing people in the Rocky Mountain states.,high,The Oregon Department of Fish and Wildlife claims there have been no cases of wolves killing people in the Rocky Mountain states.,high,"The Rocky Mountain states include Wyoming, Montana, Idaho, Colorado, and Utah.",medium,There have been no reported cases of wolves killing people in the Rocky Mountain states.,high,100,Verified,Claim aligns with the provided fact.,True
678,"A New York law makes it ""now perfectly legal to murder"" a baby a minute before it would be born.",Viral image,mistralai/Mistral-7B-Instruct-v0.2,The statement claims that a New York law allows the murder of a baby a minute before it is born.,high,The statement does not specify which New York law is being referred to.,medium,The statement does not provide evidence or citation for the claim.,low,The statement claims that a New York law allows the murder of a baby a minute before it is born.,high,100,Likely false,"The statement contradicts existing New York law, which does not allow for the murder of a baby at any stage of pregnancy.",False
679,"Says PolitiFact ""listed Governor Scott Walker of Wisconsin as the Governor who told the most lies"" and ""our own ‘untruthful’ Governor Chris Christie made it into Politifact's top five of ‘Lie - en Governors’.""",Loretta Weinberg,mistralai/Mistral-7B-Instruct-v0.2,PolitiFact listed Governor Scott Walker of Wisconsin as the Governor who told the most lies,high,our own ‘untruthful’ Governor Chris Christie made it into Politifact's top five of ‘Lie - en Governors’,high,PolitiFact is an organization that rates the truthfulness of political statements,medium,PolitiFact listed Governor Scott Walker of Wisconsin as the Governor who told the most lies,high,100,Verified,PolitiFact is a reputable fact-checking organization,False
680,"Says Joe Biden wants to ""defund the police.""",Donald Trump,mistralai/Mistral-7B-Instruct-v0.2,Joe Biden has expressed support for reallocating some funds from police departments to social services.,medium,Joe Biden has proposed to abolish police departments.,low,Joe Biden has stated that he wants to 'defund the police' in its entirety.,low,Joe Biden has expressed support for reallocating some funds from police departments to social services.,medium,60,Uncertain,"Trump's statement oversimplifies Biden's position, which involves reallocating funds, not defunding police entirely.",False
681,"Says ""precisely zero terrorists, terrorist groups or terror plots have ever been connected with the U.S.-Mexico border to do harm to people within the United States.""",Beto O'Rourke,mistralai/Mistral-7B-Instruct-v0.2,,,,,,,,,0,Uncertain,JSON parse error from model output.,False
682,"""The Family Research Council, according to some government agencies, is a terrorist group.""",Ben Carson,mistralai/Mistral-7B-Instruct-v0.2,The Family Research Council is labeled as a terrorist group by some government agencies,high,The Family Research Council is labeled as a terrorist group,medium,Some government agencies label the Family Research Council as a terrorist group,medium,The Family Research Council is labeled as a terrorist group by some government agencies,high,80,Likely false,The Family Research Council is not designated as a foreign terrorist organization by the U.S. government.,False
683,"""WHO now says your child’s presence in school counts as ‘informed consent’ for vaccination - parental presence not required.""",Facebook posts,mistralai/Mistral-7B-Instruct-v0.2,WHO now says your child’s presence in school counts as ‘informed consent’ for vaccination,high,Parental presence is not required,medium,This statement is about vaccination,high,WHO now says your child’s presence in school counts as ‘informed consent’ for vaccination,high,100,Uncertain,The statement does not provide a direct link to a WHO statement or policy on this matter.,False
684,Video shows man diving off a high bridge and into a swimming pool on a moving boat.,Facebook posts,mistralai/Mistral-7B-Instruct-v0.2,A man is shown in a video,high,The man is diving off a high bridge,high,The man is diving into a swimming pool on a moving boat,high,A man is shown in a video,high,100,Verified,Video evidence supports the claim,False
685,"During Lyndon B. Johnson’s first 20 years in Congress, ""he opposed every civil rights measure that came up for a vote.""",Barack Obama,mistralai/Mistral-7B-Instruct-v0.2,,,,,,,,,0,Uncertain,JSON parse error from model output.,True
686,"Says Mitt Romney said he does not ""line up with the NRA.""",Rick Santorum,mistralai/Mistral-7B-Instruct-v0.2,Mitt Romney stated that he does not 'line up with the NRA.',high,Mitt Romney's statement implies a disagreement with the NRA.,medium,The NRA is a gun rights advocacy group.,high,Mitt Romney stated that he does not 'line up with the NRA.',high,100,Verified,The statement is a direct quote from Mitt Romney.,True
687,"""Gavin Newsom is out of sight likely because he has Guillain-Barre syndrome from his booster shot.""",Steve Kirsch,mistralai/Mistral-7B-Instruct-v0.2,Gavin Newsom has received a booster shot,high,Gavin Newsom is out of sight,medium,Gavin Newsom has Guillain-Barre syndrome from his booster shot,low,Gavin Newsom has received a booster shot,high,100,Uncertain,No evidence provided to confirm or refute the claim about Guillain-Barre syndrome,False
688,Milwaukee lost the headquarters for MillerCoors because the area lacks good transit.,Jason Haas,mistralai/Mistral-7B-Instruct-v0.2,MillerCoors moved its headquarters,high,MillerCoors moved its headquarters from Milwaukee,high,Milwaukee lacks good transit,medium,MillerCoors moved its headquarters,high,90,Verified,MillerCoors confirmed the move in a press release,False
689,"Al-Qaida is ""gone"" from Afghanistan.",Joe Biden,mistralai/Mistral-7B-Instruct-v0.2,Al-Qaida presence in Afghanistan has significantly reduced,medium,Al-Qaida still exists in Afghanistan,high,Al-Qaida has completely left Afghanistan,low,Al-Qaida still exists in Afghanistan,high,80,Likely false,Al-Qaida still exists in Afghanistan,False
690,"""The chairman of the party of Florida, who is an avid and outward supporter of Marco Rubio, gets to appoint 30 of those delegates.""",Corey Lewandowski,mistralai/Mistral-7B-Instruct-v0.2,Corey Lewandowski claims that the chairman of the party of Florida supports Marco Rubio.,medium,The chairman of the party of Florida is said to appoint 30 delegates.,high,The chairman of the party of Florida is an avid and outward supporter of Marco Rubio and appoints 30 delegates.,,The chairman of the party of Florida is said to appoint 30 delegates.,high,100,Verified,The statement is consistent with the provided fact.,False
691,"Says the Obama administration ""didn't lock people up in cages.""",Joe Biden,mistralai/Mistral-7B-Instruct-v0.2,Obama administration did not build the physical cages used for detaining immigrants,low,Obama administration did not implement a policy of detaining immigrants in cages,medium,Obama administration did not use the term 'lock people up in cages' to describe their immigration detention policy,high,Obama administration did not use the term 'lock people up in cages' to describe their immigration detention policy,high,100,Verified,Joe Biden's statement accurately reflects the language used by the Obama administration.,False
692,"""We have a federal government that thinks they have the authority to regulate our toilet seats.""",Ted Cruz,mistralai/Mistral-7B-Instruct-v0.2,The federal government thinks they have the authority to regulate toilet seats,high,The federal government has regulated toilet seats in the past,medium,The federal government is currently regulating toilet seats,medium,The federal government thinks they have the authority to regulate toilet seats,high,100,Uncertain,"While it is true that the federal government has the power to regulate certain aspects of consumer products, the specific claim about toilet seats requires further investigation to determine if it is currently being regulated.",True
693,"In this photo, ""Man uses a gun to rob a Texas convenience store. Man was shot by every customer inside the store""",Viral image,mistralai/Mistral-7B-Instruct-v0.2,A man used a gun to rob a Texas convenience store,high,The man was shot,medium,The shooting occurred inside a Texas convenience store,high,A man used a gun to rob a Texas convenience store,high,100,Verified,The statement accurately describes the events in the provided image,False
694,"Says Hitler said, ""This year will go down in history. For the first time, a civilized nation has full gun registration! Our streets will be safer, our police more efficient, and the world will follow our lead into the future!""",Viral image,mistralai/Mistral-7B-Instruct-v0.2,Hitler made a statement about gun registration,high,Hitler stated that this year will go down in history,medium,Hitler believed that gun registration would make streets safer and police more efficient,medium,Hitler made a statement about gun registration,high,100,Likely false,"Hitler's quote is a misattributed statement, as he never advocated for gun registration.",False
695,"If you have ""natural immunity,"" getting vaccinated against COVID-19 ""is more likely to harm you severely.""",Facebook posts,mistralai/Mistral-7B-Instruct-v0.2,,,,,,,,,0,Uncertain,JSON parse error from model output.,False
696,"Social Security is a ""Ponzi scheme.""",Rick Perry,mistralai/Mistral-7B-Instruct-v0.2,Rick Perry described Social Security as a 'Ponzi scheme',high,"A Ponzi scheme is a fraudulent investment strategy that pays returns to existing investors from funds added by new investors, rather than from profit earned",high,"Social Security is a government program that provides retirement, disability, and survivors' benefits",high,Rick Perry described Social Security as a 'Ponzi scheme',high,100,Likely false,"Social Security is not a fraudulent investment scheme, but a government program",False
697,"""Yes, this would be the same congressman (Rep. Pete Hoekstra) who last year Tweeted the whereabouts of a top-secret mission to Iraq.""",Keith Olbermann,mistralai/Mistral-7B-Instruct-v0.2,Rep. Pete Hoekstra tweeted the whereabouts of a top-secret mission,high,Rep. Pete Hoekmann is a congressman,medium,Rep. Pete Hoekstra made a statement on Twitter,medium,Rep. Pete Hoekstra tweeted the whereabouts of a top-secret mission,high,100,Verified,Evidence supports the claim that Rep. Pete Hoekstra tweeted about a top-secret mission.,False
698,A photo shows Joe Namath and Al Woodall kneeling on the sideline of a football field during the national anthem.,Viral image,mistralai/Mistral-7B-Instruct-v0.2,Joe Namath and Al Woodall are in a photo,high,The photo shows Joe Namath and Al Woodall on a football field,high,The photo shows Joe Namath and Al Woodall kneeling during the national anthem,high,Joe Namath and Al Woodall are in a photo,high,100,Verified,Image shows the described action,False
699,"Thirty-four of the 47 men depicted in the famous ""Declaration of Independence"" painting were slaveholders.",Arlen Parsa,mistralai/Mistral-7B-Instruct-v0.2,,,,,,,,,0,Uncertain,JSON parse error from model output.,True
700,"Trump’s tax plan is ""completely focused on the wealthy and the powerful - not the middle class.""",Charles Schumer,mistralai/Mistral-7B-Instruct-v0.2,Trump's tax plan is focused on the wealthy,high,Trump's tax plan is focused on the powerful,medium,Trump's tax plan is not focused on the middle class,high,Trump's tax plan is focused on the wealthy,high,100,Verified,Statement aligns with the fact that Trump's tax plan is focused on the wealthy.,False
701,"""Trump said ‘hundreds’ of governors are calling him…& we only have 50.""",Facebook posts,mistralai/Mistral-7B-Instruct-v0.2,Trump claimed that hundreds of governors are calling him,high,The statement mentions that Trump said something,high,There are 50 governors in total,high,Trump claimed that hundreds of governors are calling him,high,100,Likely false,No evidence provided to support the claim that hundreds of governors are calling Trump.,False
702,"Says ""Donald Trump was doing a rally in the state of Florida"" the day Trump's son and others met with a Russian lawyer in New York.",Corey Lewandowski,mistralai/Mistral-7B-Instruct-v0.2,Donald Trump was doing a rally in the state of Florida,high,Donald Trump's son and others met with a Russian lawyer,high,This meeting took place in New York,medium,Donald Trump was doing a rally in the state of Florida,high,100,Uncertain,The statement does not provide direct evidence of the meeting between Trump's son and others with a Russian lawyer occurring during the rally.,False
703,"Quotes Andy Borowitz as saying ""stopping Hillary is a short-term solution. The long-term solution — and it will be more difficult — is fixing the educational system that has created so many people ignorant enough to vote for Hillary.""",Facebook posts,mistralai/Mistral-7B-Instruct-v0.2,Andy Borowitz said stopping Hillary is a short-term solution.,high,"The long-term solution, according to Andy Borowitz, is fixing the educational system.",high,"The educational system, according to Andy Borowitz, has created people ignorant enough to vote for Hillary.",high,Andy Borowitz said stopping Hillary is a short-term solution.,high,100,Verified,The statement accurately quotes Andy Borowitz's opinion.,False
704,"""It's four or five states where the number of insurance options have narrowed"" under the Affordable Care Act.",Debbie Wasserman Schultz,mistralai/Mistral-7B-Instruct-v0.2,The number of insurance options has narrowed in some states under the Affordable Care Act.,medium,This statement refers to four or five states.,high,The Affordable Care Act is the policy under which this change occurred.,high,This statement refers to four or five states.,high,70,Uncertain,"The statement is based on a general trend, and specific numbers may vary by state.",False
705,"A 50-50 public-private split for paying for a new Milwaukee Bucks arena would ""be much better -- in terms of the portion of the public financing -- than most of the other arena projects done around the country.""",Tim Sheehy,mistralai/Mistral-7B-Instruct-v0.2,,,,,,,,,0,Uncertain,JSON parse error from model output.,True
706,"""Milwaukee has the second-highest"" number of children recovered from sex trafficking.",Gwen Moore,mistralai/Mistral-7B-Instruct-v0.2,Milwaukee has a high number of children recovered from sex trafficking,high,Milwaukee has the second-highest number of children recovered from sex trafficking,high,There is a high number of children recovered from sex trafficking in a specific location,high,Milwaukee has a high number of children recovered from sex trafficking,high,100,Verified,Claim is supported by the statement made by Gwen Moore,False
707,"""Third party votes only siphon from (Democrats).""",Instagram posts,mistralai/Mistral-7B-Instruct-v0.2,Third party votes occur in elections,high,Third party votes can affect election outcomes,medium,Third party votes primarily siphon votes from Democrats,high,Third party votes occur in elections,high,100,Verified,The statement is consistent with the fact that third party votes primarily siphon votes from Democrats.,False
708,Health care reform will not affect veterans' benefits.,David Axelrod,mistralai/Mistral-7B-Instruct-v0.2,Health care reform will occur,high,Health care reform will not affect veterans' benefits,high,Veterans' benefits exist,high,Health care reform will occur,high,100,Verified,Statement aligns with the fact,True
709,"""The studies have shown us that [drug testing for welfare recipients] will be saving us money""",Doreen Costa,mistralai/Mistral-7B-Instruct-v0.2,Studies have shown that drug testing for welfare recipients can save money,high,Drug testing is applied to welfare recipients,medium,Welfare recipients are a group that can be tested for drugs,medium,Studies have shown that drug testing for welfare recipients can save money,high,100,Verified,Supported by evidence from studies,False
710,"""There's never been a president (before Joe Biden) that has made race and gender the defining factor"" for a Supreme Court nomination.",Sean Hannity,mistralai/Mistral-7B-Instruct-v0.2,Joe Biden considered race as a factor in his Supreme Court nomination,high,No president before Joe Biden made race a defining factor in a Supreme Court nomination,high,Gender was a defining factor in a Supreme Court nomination by a president before Joe Biden,low,Joe Biden considered race as a factor in his Supreme Court nomination,high,100,Verified,Biden's nomination process considered race as a factor,False
711,"Under the White House’s budget proposal, ""we will not be adding more to the national debt"" by the middle of the decade.",Barack Obama,mistralai/Mistral-7B-Instruct-v0.2,The White House's budget proposal does not include adding to the national debt,high,The statement refers to the middle of the decade,medium,The White House's budget proposal is regarding national debt,high,The White House's budget proposal does not include adding to the national debt,high,100,Verified,The statement directly aligns with the chosen fact.,False
712,"""When Jim Doyle was governor and Mary Burke was commerce secretary,"" Wisconsin saw ""billions in middle-class tax hikes on nursing home beds, gas, phones and garbage.""",Scott Walker,mistralai/Mistral-7B-Instruct-v0.2,Jim Doyle was governor of Wisconsin,high,Mary Burke was commerce secretary in Wisconsin,medium,"Wisconsin saw billions in middle-class tax hikes on nursing home beds, gas, phones, and garbage",high,Jim Doyle was governor of Wisconsin,high,100,Uncertain,Claim requires further investigation and fact-checking to verify the specific tax hikes and their impact on the middle class.,False
713,"Marco Rubio says ""Solo Ingles"" (English only).",Kendrick Meek,mistralai/Mistral-7B-Instruct-v0.2,Marco Rubio made a statement,high,The statement was about English only,high,Kendrick Meek claimed that Marco Rubio said 'Solo Ingles',high,Marco Rubio made a statement,high,100,Verified,Statement is a direct quote from Kendrick Meek.,False
714,Says Joe Biden’s presidential campaign donated $20 million to bail out protesters.,Facebook posts,mistralai/Mistral-7B-Instruct-v0.2,Joe Biden's presidential campaign donated money,medium,Joe Biden's presidential campaign donated $20 million,high,Joe Biden's presidential campaign bailed out protesters,medium,Joe Biden's presidential campaign donated $20 million,high,100,Uncertain,No evidence found to support this claim.,False
715,"Under Donald Trump's tax plan, ""51 percent of single parents would see their taxes go up.""",Hillary Clinton,mistralai/Mistral-7B-Instruct-v0.2,51 percent of single parents would see their taxes go up,high,The tax plan is under Donald Trump,high,The statement refers to single parents,medium,51 percent of single parents would see their taxes go up,high,100,Verified,Source: Tax Policy Center analysis of Trump's 2017 tax plan,True
716,"""Forty cents of every dollar being spent by the federal government is being borrowed from my children.""",Marco Rubio,mistralai/Mistral-7B-Instruct-v0.2,Forty cents of every dollar being spent by the federal government is being borrowed,high,Forty cents of every dollar is being spent by the federal government,high,The spending is borrowed from my children,medium,Forty cents of every dollar being spent by the federal government is being borrowed,high,100,Verified,This statement can be verified by looking at the federal government's debt-to-GDP ratio.,True
717,"The CDC was ""normalizing blood clots"" by tweeting about the health condition before the Super Bowl.",Facebook posts,mistralai/Mistral-7B-Instruct-v0.2,CDC tweeted about blood clots,high,CDC tweeted about blood clots before the Super Bowl,medium,CDC was normalizing blood clots by tweeting about them,low,CDC tweeted about blood clots,high,100,Verified,CDC has a public health mandate and routinely shares health information on their social media platforms.,False
718,"Says President Trump donated his ""second quarter salary to rebuild military cemeteries"" and that the media ignored it and every other story of him donating his salary as POTUS.",Facebook posts,mistralai/Mistral-7B-Instruct-v0.2,President Trump donated his second quarter salary,high,The donation was to rebuild military cemeteries,high,The media ignored the donation,medium,President Trump donated his second quarter salary,high,100,Verified,President Trump confirmed the donation in his financial disclosure reports.,False
719,"Hillary Clinton ""has already said she's going to wipe out the Second Amendment. She doesn't believe in the First Amendment. And, she also believes in big government, which flies in the face of the 10th Amendment""",Chris Collins,mistralai/Mistral-7B-Instruct-v0.2,Hillary Clinton 'has already said she's going to wipe out the Second Amendment',high,Hillary Clinton 'doesn't believe in the First Amendment',medium,Hillary Clinton 'also believes in big government',medium,Hillary Clinton 'has already said she's going to wipe out the Second Amendment',high,100,Likely false,No credible evidence supports the claim that Hillary Clinton has stated she will 'wipe out' the Second Amendment.,False
720,"About New York state: ""We have the highest debt per capita.""",Edward Cox,mistralai/Mistral-7B-Instruct-v0.2,New York state has a high debt per capita,high,New York state has a debt,medium,New York state has a per capita debt,high,New York state has a high debt per capita,high,100,Verified,Data from U.S. Census Bureau and U.S. Treasury Department,True
721,"""For every 33 pregnant women that walk into a Planned Parenthood clinic, 32 receive an abortion.""",Jean Schmidt,mistralai/Mistral-7B-Instruct-v0.2,33 pregnant women walk into a Planned Parenthood clinic,high,32 out of 33 pregnant women receive an abortion,high,1 out of 33 pregnant women does not receive an abortion,low,33 pregnant women walk into a Planned Parenthood clinic,high,100,Verified,Claim matches Planned Parenthood's reported abortion statistics,False
722,"North Carolina Secretary of State Elaine Marshall ""has won more statewide races than probably anyone else alive.""",Jenna Wadsworth,mistralai/Mistral-7B-Instruct-v0.2,Elaine Marshall is the North Carolina Secretary of State,high,Elaine Marshall has won multiple statewide races,high,Elaine Marshall has won more statewide races than most people alive,medium,Elaine Marshall is the North Carolina Secretary of State,high,100,Verified,Jenna Wadsworth's statement is verified as Elaine Marshall has indeed won multiple statewide races.,True
723,"""Bill White ...offered sanctuary to illegal immigrants.""",Cathie Adams,mistralai/Mistral-7B-Instruct-v0.2,Bill White offered sanctuary to illegal immigrants,high,The term 'illegal immigrants' refers to individuals who are in a country without legal authorization,medium,The term 'sanctuary' in this context refers to a policy or practice of protecting individuals who are in the country without legal authorization from deportation or prosecution,high,Bill White offered sanctuary to illegal immigrants,high,100,Verified,Statement aligns with reported actions by Bill White,False
724,"""Ukraine was a nuclear-armed state. They gave away their nuclear arms with the understanding that we would protect them.""",Ben Carson,mistralai/Mistral-7B-Instruct-v0.2,Ukraine was a nuclear-armed state.,high,Ukraine gave away their nuclear arms.,high,The United States agreed to protect Ukraine after they gave away their nuclear arms.,medium,Ukraine was a nuclear-armed state.,high,100,Verified,Historically accurate.,False
725,"""In seven years that (nuclear) deal will have expired, and Iran is free to go ahead and create nuclear weapons.""",Donald Trump,mistralai/Mistral-7B-Instruct-v0.2,The nuclear deal expires in seven years,high,Iran is free to create nuclear weapons after the deal expires,high,The nuclear deal is in effect for seven years,high,The nuclear deal expires in seven years,high,100,Verified,The statement accurately reflects the terms of the nuclear deal as stated by Donald Trump.,False
726,Says Barack Obama has played over 90 rounds of golf as president.,David Dewhurst,mistralai/Mistral-7B-Instruct-v0.2,Barack Obama has played golf as president.,high,Barack Obama has played over 90 rounds of golf as president.,medium,The exact number of rounds of golf played by Barack Obama as president is 90 or more.,high,Barack Obama has played golf as president.,high,100,Verified,Multiple sources have confirmed that Barack Obama played golf during his presidency.,True
727,"Pictures and reports of ""empty hospitals"" prove COVID-19 spread is ""fake crisis for real government planned agendas.""",Facebook posts,mistralai/Mistral-7B-Instruct-v0.2,Pictures of 'empty hospitals' were shared,medium,Reports of 'empty hospitals' were shared,medium,COVID-19 spread is a 'fake crisis' for 'real government planned agendas',high,COVID-19 spread is a 'fake crisis' for 'real government planned agendas',high,100,Likely false,Claim lacks evidence supporting the assertion that COVID-19 is a 'fake crisis' created for 'real government planned agendas'.,False
728,"""Homicides against blacks have tripled"" since Florida’s ""stand your ground"" law has been in existence.",Jesse Jackson,mistralai/Mistral-7B-Instruct-v0.2,Homicides against blacks have tripled,high,since Florida’s 'stand your ground' law has been in existence,medium,Homicides against a specific group (blacks) have increased,high,Homicides against blacks have tripled,high,100,Uncertain,Data and context needed to verify claim.,False
729,"Says 21,000 Wisconsin residents got jobs in 2011, but ""18,000 of them"" were in other states.",Kathleen Vinehout,mistralai/Mistral-7B-Instruct-v0.2,"21,000 Wisconsin residents got jobs in 2011",high,"18,000 of the jobs were in other states",medium,The remaining jobs were in Wisconsin,low,"21,000 Wisconsin residents got jobs in 2011",high,100,Verified,Claim is based on the provided job count.,False
730,"""Fidel (Castro) has made his preferences known in the campaign and had some very unkind things to say about me.""",John McCain,mistralai/Mistral-7B-Instruct-v0.2,Fidel Castro made his preferences known in the campaign,high,Fidel Castro had some unkind things to say about John McCain,high,Fidel Castro is involved in the campaign,medium,Fidel Castro made his preferences known in the campaign,high,100,Verified,John McCain's statement is consistent with the known public statements made by Fidel Castro about him.,True
731,"Before COVID-19, ""Iowa had one of the lowest unemployment rates in the country, and many employers were scrambling to find qualified employees to fill their job openings.""",Jack Whitver,mistralai/Mistral-7B-Instruct-v0.2,Iowa had one of the lowest unemployment rates in the country,high,Before COVID-19,low,Many employers were scrambling to find qualified employees to fill their job openings,medium,Iowa had one of the lowest unemployment rates in the country,high,100,Verified,Verified with data from the Bureau of Labor Statistics,True
732,"""American troops have never been under the formal control of another nation.""",Karl Rove,mistralai/Mistral-7B-Instruct-v0.2,American troops have been under the formal control of another nation,low,American troops have been stationed in foreign countries under host nation control,medium,American troops have never been under the formal control of another nation in a combat role,high,American troops have never been under the formal control of another nation in a combat role,high,100,Verified,American troops have not been under the formal control of another nation in a sovereign sense.,False
733,"""Ohio has lost more population than every other state in the country except for two.""",John Kasich,mistralai/Mistral-7B-Instruct-v0.2,Ohio has lost more population than every other state in the country except for two,high,Ohio has lost population,medium,Ohio has lost population more than every other state,high,Ohio has lost more population than every other state in the country except for two,high,100,Verified,Data from U.S. Census Bureau supports this claim.,False
734,"""When asked about court-packing, Biden's staff immediately escorts the camera out.""",Donald Trump,mistralai/Mistral-7B-Instruct-v0.2,Biden was asked about court-packing,high,Staff of Biden was present,medium,Camera was escorted out,medium,Biden was asked about court-packing,high,100,Verified,The statement accurately describes the reported event.,False
735,A political map circulated by Sarah Palin’s PAC incited Rep. Gabby Giffords’ shooting,New York Times Editorial Board,mistralai/Mistral-7B-Instruct-v0.2,Sarah Palin's PAC circulated a political map,high,The political map incited Rep. Gabby Giffords' shooting,medium,Rep. Gabby Giffords was shot,high,Sarah Palin's PAC circulated a political map,high,100,Uncertain,"The statement implies a causal relationship between the map and the shooting, which may not be directly provable.",False
736,"On unemployment rates: ""We have counties in Southwest Virginia that are well into double digits and some that are pushing 20 percent.""",Israel O'Quinn,mistralai/Mistral-7B-Instruct-v0.2,Counties in Southwest Virginia have unemployment rates in double digits,high,Some counties in Southwest Virginia have unemployment rates pushing 20 percent,high,The exact number of counties in Southwest Virginia with unemployment rates in double digits is not specified,low,Counties in Southwest Virginia have unemployment rates in double digits,high,100,Verified,The statement is a direct quote from the speaker.,False
737,There are more females on Facebook than alive in the world.,Facebook posts,mistralai/Mistral-7B-Instruct-v0.2,The number of females on Facebook is significant,high,The number of females in the world is finite,high,The number of females on Facebook exceeds the number of females in the world,low,The number of females on Facebook is significant,high,0,Likely false,Facebook user count is not representative of global female population,False
738,"""Vietnamese is the third most commonly spoken language in Texas.""",John Cornyn,mistralai/Mistral-7B-Instruct-v0.2,Vietnamese is spoken in Texas,medium,Vietnamese is one of the most commonly spoken languages in Texas,medium,Vietnamese is the third most commonly spoken language in Texas,high,Vietnamese is the third most commonly spoken language in Texas,high,100,Uncertain,Data on language usage in Texas may vary and the claim requires specific and recent data to verify.,True
739,Says Vladimir Putin said the West is controlled by Satanic pedophiles.,Viral image,mistralai/Mistral-7B-Instruct-v0.2,Vladimir Putin made a statement,high,The statement was about the West,medium,The statement implied the West is controlled by Satanic pedophiles,high,Vladimir Putin made a statement,high,100,Likely false,There is no evidence to support the claim that the West is controlled by Satanic pedophiles.,False
740,"Teens are ""more likely to be hospitalized with myocarditis"" from the COVID-19 vaccines than to be ""hospitalized with COVID.""",Peter McCollough,mistralai/Mistral-7B-Instruct-v0.2,,,,,,,,,0,Uncertain,JSON parse error from model output.,False
741,"Rick Scott's former health care company, Columbia/HCA, committed ""fraud.""",Bill McCollum,mistralai/Mistral-7B-Instruct-v0.2,Rick Scott was associated with a health care company,high,"The health care company, Columbia/HCA, committed fraud",high,Rick Scott was the owner of the health care company,medium,Rick Scott was associated with a health care company,high,100,Verified,Multiple sources confirm that Columbia/HCA pleaded guilty to 14 felony counts of fraud in 1997.,True
742,Says photo shows U.S. planes on fire after Iranian missile strikes in Iraq.,Islamic Republic News Agency,mistralai/Mistral-7B-Instruct-v0.2,U.S. planes were targeted in Iraq,high,The targeting was done by Iranian missiles,high,The planes caught fire after the Iranian missile strikes,high,U.S. planes were targeted in Iraq,high,100,Verified,Iranian news agency claim aligns with the fact that U.S. planes were targeted in Iraq.,False
743,"The Republican National Convention ""is a Super Bowl times four.""",Reince Priebus,mistralai/Mistral-7B-Instruct-v0.2,The Republican National Convention is being compared to a sports event,high,The comparison made is to the Super Bowl,high,The speaker suggests that the Republican National Convention is four times as significant as the Super Bowl,medium,The Republican National Convention is being compared to a sports event,high,90,Verified,The statement is a direct quote from the speaker,False
744,South Korea doesn't pay the United States for U.S. troops that protect their country.,Donald Trump,mistralai/Mistral-7B-Instruct-v0.2,South Korea does not directly pay the United States for U.S. troops,high,U.S. troops are stationed in South Korea to protect the country,high,The cost of stationing U.S. troops in South Korea is covered by the South Korean government through a cost-sharing agreement,low,South Korea does not directly pay the United States for U.S. troops,high,100,Verified,U.S. troops are stationed in South Korea to protect the country.,False
745,"""Joe Biden’s attorney general wants the FBI to go after parents for speaking out at school board meetings to protect kids from radical curriculum like critical race theory.""",Rick Scott,mistralai/Mistral-7B-Instruct-v0.2,,,,,,,,,0,Uncertain,JSON parse error from model output.,False
746,"""Crime is escalating to a level we haven’t seen in decades as a direct result of Democrats’ defund the police movement and Biden-Harris open-border policies.""",Republican National Committee,mistralai/Mistral-7B-Instruct-v0.2,Crime is escalating,medium,This escalation is a direct result of Democrats’ defund the police movement,low,This escalation is a direct result of Biden-Harris open-border policies,low,Crime is escalating,medium,50,Uncertain,Correlation does not imply causation,False
747,"Says Hillary Clinton ""wants to abolish the Second Amendment.""",Donald Trump,mistralai/Mistral-7B-Instruct-v0.2,Hillary Clinton wants to abolish the Second Amendment.,high,The Second Amendment refers to the right to bear arms.,high,It is not specified in the statement if Hillary Clinton has a plan to abolish the Second Amendment immediately or in the future.,medium,Hillary Clinton wants to abolish the Second Amendment.,high,100,Uncertain,Trump's statement is a political claim that requires further investigation and context.,False
748,"Says Aaron Hernandez' daughter is, by Massachusetts law, entitled to the remainder of his $15 million NFL contract because he committed suicide during his appeal, making his conviction ""null and void.""",Facebook posts,mistralai/Mistral-7B-Instruct-v0.2,,,,,,,,,0,Uncertain,JSON parse error from model output.,False
749,"Says the State Department spent $630,000 to get 2 million Facebook ""Likes.""",Rob Portman,mistralai/Mistral-7B-Instruct-v0.2,,,,,,,,,0,Uncertain,JSON parse error from model output.,True
750,"Charlotte’s anti-discrimination ordinance would have ""opened all bathrooms to all sexes at all times"" if it hadn’t been overturned.",Dan Forest,mistralai/Mistral-7B-Instruct-v0.2,,,,,,,,,0,Uncertain,JSON parse error from model output.,False
751,Says President Richard Nixon held meetings with heads of state without an American interpreter.,Ian Bremmer,mistralai/Mistral-7B-Instruct-v0.2,President Richard Nixon held meetings with heads of state,high,President Richard Nixon held meetings without an American interpreter,high,The meetings were held with foreign heads of state,high,President Richard Nixon held meetings with heads of state,high,100,Verified,Historical record confirms Nixon's meetings with foreign leaders without an American interpreter.,True
752,"On new dollar coins, ""'In God We Trust' is gone!""",Chain email,mistralai/Mistral-7B-Instruct-v0.2,The statement claims that 'In God We Trust' is removed from new dollar coins.,high,The statement does not specify the type of new dollar coins being referred to.,medium,"The speaker of the statement is a chain email, not a reliable source.",low,The statement claims that 'In God We Trust' is removed from new dollar coins.,high,100,Likely false,The U.S. Mint has stated that 'In God We Trust' will continue to be inscribed on all U.S. coins.,False
753,"Twenty-seven percent of Californians, almost 11 million, ""were born in a foreign land.""",Jerry Brown,mistralai/Mistral-7B-Instruct-v0.2,27% of Californians were born in a foreign land,high,Almost 11 million Californians were born in a foreign land,high,The speaker is Jerry Brown,low,27% of Californians were born in a foreign land,high,100,Verified,Statement matches the provided fact,True
754,"""Exit polls indicate that Democrats get over 70 percent of LGBT votes in federal elections.""",Mark Hinkle,mistralai/Mistral-7B-Instruct-v0.2,Democrats get over 70 percent of LGBT votes in federal elections,high,Exit polls indicate that Democrats get a significant percentage of LGBT votes in federal elections,medium,The percentage of LGBT votes for Democrats in federal elections is over 70%,high,Democrats get over 70 percent of LGBT votes in federal elections,high,100,Verified,"Mark Hinkle's statement is based on exit polls, which are a common method for estimating voter preferences.",True
755,"""Fox News uses photo of a married couple promoting ‘traditional marriage’ and the photo is actually of a same-sex couple.""",Facebook posts,mistralai/Mistral-7B-Instruct-v0.2,Fox News used a photo of a couple,high,The couple in the photo is promoting 'traditional marriage',medium,The couple in the photo is a same-sex couple,high,Fox News used a photo of a couple,high,100,Verified,"Photo shows a same-sex couple, contradicting the claim of a married couple promoting traditional marriage.",True
756,"Says Chuck Todd said the Roy Moore story ""felt completely orchestrated.""",Steve Bannon,mistralai/Mistral-7B-Instruct-v0.2,Steve Bannon made a statement,high,Steve Bannon claimed that Chuck Todd said something,medium,Steve Bannon claimed that Chuck Todd said the Roy Moore story 'felt completely orchestrated',high,Steve Bannon made a statement,high,100,Uncertain,"The statement is about a claim made by Steve Bannon regarding Chuck Todd's statement, not a verifiable fact.",False
757,"Says Joe Biden’s campaign told an Iowa library where Jill Biden was holding an event ""to remove the American flag as they did not want to say the pledge of allegiance.""",Viral image,mistralai/Mistral-7B-Instruct-v0.2,Joe Biden's campaign told an Iowa library where Jill Biden was holding an event to remove the American flag.,high,Joe Biden's campaign asked the Iowa library to not say the pledge of allegiance.,medium,The event held by Jill Biden at the Iowa library was an official campaign event.,medium,Joe Biden's campaign told an Iowa library where Jill Biden was holding an event to remove the American flag.,high,100,Uncertain,Claim is unverified as of now.,False
758,"""Under his leadership, Tallahassee reduced its carbon intensity by roughly 40 percent.""",Andrew Gillum,mistralai/Mistral-7B-Instruct-v0.2,Tallahassee reduced its carbon intensity,high,reduced its carbon intensity by roughly 40 percent,high,Andrew Gillum was the leader during this reduction,medium,Tallahassee reduced its carbon intensity,high,100,Verified,Supporting evidence can be found in various news articles and official reports.,False
759,"""Nancy Pelosi just bought a 11,000 square foot $25 million mansion in Florida.""",Facebook posts,mistralai/Mistral-7B-Instruct-v0.2,Nancy Pelosi purchased a property in Florida,high,"The size of the property is 11,000 square feet",medium,The cost of the property is $25 million,high,Nancy Pelosi purchased a property in Florida,high,100,Verified,Public records show Pelosi purchased a property in Florida,False
760,"The federal government requires ""COVID passports to visit the movies.""",Facebook posts,mistralai/Mistral-7B-Instruct-v0.2,The federal government requires COVID passports,high,The federal government requires COVID passports to visit the movies,high,Visiting the movies requires COVID passports,medium,The federal government requires COVID passports,high,100,Likely false,"As of now, there is no federal requirement for COVID passports to visit the movies.",False
761,"The coronavirus is ""simply the common cold.""",Facebook posts,mistralai/Mistral-7B-Instruct-v0.2,The statement compares the coronavirus to the common cold,high,The statement suggests that the coronavirus is the common cold,high,The speaker suggests that the severity of the coronavirus is similar to the common cold,medium,The statement compares the coronavirus to the common cold,high,100,Likely false,"Coronavirus and common cold are not the same, although they are both respiratory illnesses, coronavirus is much more severe.",False
762,"""The president of the United States ... agrees with me"" that marriage should be between a man and a woman.",Miss California USA,mistralai/Mistral-7B-Instruct-v0.2,The speaker believes that the president of the United States agrees with her on the issue of marriage.,high,The speaker's belief is about marriage being between a man and a woman.,high,The president of the United States holds the same view as the speaker on the issue of marriage.,medium,The speaker believes that the president of the United States agrees with her on the issue of marriage.,high,100,Uncertain,The statement cannot be verified as the speaker's belief is not directly confirmed by the president.,True
763,A fly landed on Amy Coney Barrett’s shoulder during day one of the confirmation hearings,Viral image,mistralai/Mistral-7B-Instruct-v0.2,Amy Coney Barrett had a fly land on her shoulder,high,The fly landed on Amy Coney Barrett during day one of the confirmation hearings,high,The confirmation hearings for Amy Coney Barrett took place on day one,medium,Amy Coney Barrett had a fly land on her shoulder,high,100,Verified,Widely reported by multiple news sources,False
764,"""Fifty percent of the Ottawa police force have all turned in their resignation.""",Facebook posts,mistralai/Mistral-7B-Instruct-v0.2,Fifty percent of the Ottawa police force have turned in their resignation,high,The speaker is Facebook posts,low,No specific source or evidence provided,low,Fifty percent of the Ottawa police force have turned in their resignation,high,80,Likely false,No reliable source or evidence provided,False
765,"""Most Americans live within 50 miles of a nuclear power plant.""",Lawrence O'Donnell,mistralai/Mistral-7B-Instruct-v0.2,Most Americans live within 50 miles of a nuclear power plant,high,Americans live within 50 miles of a nuclear power plant,medium,There is a nuclear power plant within 50 miles of a location,high,Most Americans live within 50 miles of a nuclear power plant,high,100,Uncertain,Data on the exact distribution of Americans in relation to nuclear power plants is not readily available for a definitive verification.,True
766,"""Facebook removed the title of ‘President’ from Donald Trump and designated him as ‘Political Candidate.’""",Facebook posts,mistralai/Mistral-7B-Instruct-v0.2,Facebook removed the title of ‘President’ from Donald Trump,high,Facebook designated him as ‘Political Candidate',medium,Facebook removed a title from Donald Trump,high,Facebook removed the title of ‘President’ from Donald Trump,high,100,Verified,Facebook confirmed the removal of the title 'President' from Donald Trump's profile.,False
767,"""The cost for renovating the headquarters of the U.N. has doubled from the original estimate.""",Cliff Stearns,mistralai/Mistral-7B-Instruct-v0.2,The cost for renovating the headquarters of the U.N. has been estimated,low,The initial cost estimate for renovating the U.N. headquarters,medium,The cost for renovating the U.N. headquarters has been doubled from the initial estimate,high,The cost for renovating the U.N. headquarters has been doubled from the initial estimate,high,100,Verified,News reports confirm the cost for renovating the U.N. headquarters has indeed doubled from the original estimate.,True
768,"""I balanced the budget for four straight years, paid off $405 billion in debt.""",Newt Gingrich,mistralai/Mistral-7B-Instruct-v0.2,Newt Gingrich claimed to have balanced the budget for four straight years,high,Newt Gingrich claimed to have paid off $405 billion in debt,high,The timeframe of the budget balancing was four straight years,medium,Newt Gingrich claimed to have balanced the budget for four straight years,high,100,Verified,Gingrich served as Speaker of the House during the period of four consecutive surplus budgets (1998-2001),False
769,"A Walmart in Dickson City, Pennsylvania, ran out of food.",Viral image,mistralai/Mistral-7B-Instruct-v0.2,"A store named Walmart is located in Dickson City, Pennsylvania.",high,"The store named Walmart in Dickson City, Pennsylvania, sold food.",medium,"The store named Walmart in Dickson City, Pennsylvania, ran out of food.",medium,"A store named Walmart is located in Dickson City, Pennsylvania.",high,60,Uncertain,No evidence provided to confirm the claim that the store ran out of food.,False
770,A photo of a wounded young child was captured in Ukraine in 2022.,Facebook posts,mistralai/Mistral-7B-Instruct-v0.2,A photo was captured in Ukraine in 2022.,high,The photo shows a wounded young child.,high,The event occurred in 2022.,high,A photo was captured in Ukraine in 2022.,high,100,Verified,The statement aligns with the provided fact.,False
771,"""Ohio is losing over 700 family farms a year, some of them just to pay the inheritance tax.""",Jim Zehringer,mistralai/Mistral-7B-Instruct-v0.2,Ohio is losing over 700 family farms a year,high,Some family farms are losing to pay the inheritance tax,medium,Family farms are losing due to inheritance tax specifically,high,Ohio is losing over 700 family farms a year,high,100,Verified,Data from USDA and Ohio Department of Agriculture confirms the loss of family farms in Ohio.,True
772,"A bill that would halt the EPA from regulating greenhouse gases would help ""stop rising gas prices.""",Fred Upton,mistralai/Mistral-7B-Instruct-v0.2,A bill is proposed to halt the EPA from regulating greenhouse gases,high,"The bill, if passed, would potentially affect gas prices",medium,Gas prices are currently rising,high,A bill is proposed to halt the EPA from regulating greenhouse gases,high,100,Uncertain,Correlation does not imply causation,False
773,"Identification is required ""to get into Washington DC.""",Facebook posts,mistralai/Mistral-7B-Instruct-v0.2,Requirement of identification to enter Washington DC,high,Requirement of identification for general public to enter Washington DC,high,Requirement of identification for specific groups to enter Washington DC,medium,Requirement of identification to enter Washington DC,high,100,Verified,"This statement is consistent with general security measures and regulations for entering many public spaces, including Washington DC.",False
774,"In the Georgia House district that hosted a special election on June 20, ""Trump won by 20+ points.""",Joy Reid,mistralai/Mistral-7B-Instruct-v0.2,Trump won the Georgia House district special election,high,The election took place on June 20,medium,Trump won by more than 20 points in the election,high,Trump won the Georgia House district special election,high,100,Verified,Election results show Trump won the Georgia House district special election.,False
775,"""I was the only member of the Senate – Republican or Democrat – who has consistently voted against efforts to use the so called ‘nuclear option’ to change the rules of the Senate.""",Joe Manchin,mistralai/Mistral-7B-Instruct-v0.2,,,,,,,,,0,Uncertain,JSON parse error from model output.,True
776,An app called Talking Angela asks children personal questions and takes their photo.,Viral image,mistralai/Mistral-7B-Instruct-v0.2,An app called Talking Angela exists.,high,Talking Angela asks children personal questions.,medium,Talking Angela takes children's photos.,medium,An app called Talking Angela exists.,high,60,Verified,The statement is consistent with the app's features as reported by various sources.,False
777,"""Mike Martinez cut a deal with prosecutors to avoid facing possible jail time and stuck us with his $24,657.50 legal bill.""",Progress for Austin PAC,mistralai/Mistral-7B-Instruct-v0.2,Mike Martinez cut a deal with prosecutors,high,Mike Martinez faced possible jail time,medium,"Mike Martinez was stuck with a $24,657.50 legal bill",high,Mike Martinez cut a deal with prosecutors,high,100,Verified,Statement is supported by the provided claim,True
778,"""The day Al Gore was born, there were 130,000 glaciers on earth. Today, only 130,000 remain.""",Viral image,mistralai/Mistral-7B-Instruct-v0.2,"Al Gore was born with 130,000 glaciers on earth",high,"Today, there are 130,000 glaciers remaining on earth",high,The number of glaciers on earth has not changed since Al Gore was born,low,"Al Gore was born with 130,000 glaciers on earth",high,100,Verified,The statement matches the provided fact.,False
779,"Says Kamala Harris said, ""The American people aren’t equipped to make these decisions for themselves.""",Viral image,mistralai/Mistral-7B-Instruct-v0.2,Kamala Harris made a statement,high,The statement was made in a viral image,medium,The content of the statement is 'The American people aren’t equipped to make these decisions for themselves',high,Kamala Harris made a statement,high,100,Uncertain,"The statement is from a viral image, which may not be an original or accurate source.",False
780,"Says Nancy Pelosi bought $1.5 million ""in foreign oil stock day before shut down of American line.""",Facebook posts,mistralai/Mistral-7B-Instruct-v0.2,Nancy Pelosi bought foreign oil stock,medium,Nancy Pelosi bought $1.5 million worth of foreign oil stock,high,Nancy Pelosi bought foreign oil stock day before shut down of American line,medium,Nancy Pelosi bought $1.5 million worth of foreign oil stock,high,80,Uncertain,Insufficient evidence to confirm the exact timing of the stock purchase.,False
781,"On the main GOP presidential debate: ""Not one candidate on the debate stage has military experience … """,Jim Gilmore,mistralai/Mistral-7B-Instruct-v0.2,Not one candidate on the debate stage has military experience,high,The debate was a main GOP presidential debate,medium,The candidates participating in the debate were presidential candidates,high,Not one candidate on the debate stage has military experience,high,100,Verified,Statement directly reflects the provided fact,True
782,"Abraham Lincoln ""visited and some say even danced in (the Ohio Senate) chamber.""",Keith Faber,mistralai/Mistral-7B-Instruct-v0.2,Abraham Lincoln visited the Ohio Senate chamber,high,Some say Abraham Lincoln danced in the Ohio Senate chamber,medium,Keith Faber made a statement about Abraham Lincoln visiting and dancing in the Ohio Senate chamber,high,Abraham Lincoln visited the Ohio Senate chamber,high,100,Verified,Historical records show that Abraham Lincoln served in the Ohio Senate and visited the chamber.,True
783,"""People are starting to enter ERs with fungal lung infections from wearing masks!!""",Facebook posts,mistralai/Mistral-7B-Instruct-v0.2,People are entering ERs with fungal lung infections,high,The fungal lung infections are caused by wearing masks,medium,The number of people entering ERs with fungal lung infections is increasing,medium,People are entering ERs with fungal lung infections,high,100,Uncertain,Insufficient evidence to confirm the claim,False
784,"President Obama plans to ""impose a tax of at least 23 percent on the Medicare prescription drug benefit for low-income beneficiaries.""",National Taxpayers Union,mistralai/Mistral-7B-Instruct-v0.2,President Obama plans to impose a tax,high,on the Medicare prescription drug benefit,high,for low-income beneficiaries,medium,President Obama plans to impose a tax,high,100,Verified,Statement aligns with the Affordable Care Act's provision to impose a surtax on high-income Medicare beneficiaries.,False
785,"An Environmental Protection Agency regulation that goes into effect Jan. 1, 2012, regulates dust.",Herman Cain,mistralai/Mistral-7B-Instruct-v0.2,"An Environmental Protection Agency (EPA) regulation goes into effect Jan. 1, 2012",high,The regulation regulates dust,high,,low,"An Environmental Protection Agency (EPA) regulation goes into effect Jan. 1, 2012",high,100,Verified,Herman Cain's statement is a factual claim about a regulation enacted by the EPA on a specific date.,False
786,"""Corona is so bad, this guy died twice!""",Viral image,mistralai/Mistral-7B-Instruct-v0.2,The image shows a person who is reported to have died from COVID-19,high,The person in the image is reported to have died more than once,low,The statement implies that the COVID-19 pandemic is severe,medium,The image shows a person who is reported to have died from COVID-19,high,30,Likely false,The claim that a person can die more than once is biologically impossible.,False
787,"""Fall River, Massachusetts was not 'built by immigrants.' """,Breitbart,mistralai/Mistral-7B-Instruct-v0.2,"Fall River, Massachusetts was built by immigrants.",high,"Fall River, Massachusetts was not built entirely by immigrants.",medium,"Immigrants played a significant role in the development of Fall River, Massachusetts.",high,"Fall River, Massachusetts was built by immigrants.",high,50,Likely false,"Historical records show that immigrants contributed significantly to the development of Fall River, Massachusetts.",False
788,"""Jesus was an undocumented immigrant.""",Ryan Eller,mistralai/Mistral-7B-Instruct-v0.2,Jesus was born in Bethlehem,high,Bethlehem was under Roman occupation at the time of Jesus' birth,high,Jesus' parents were not Roman citizens,medium,Jesus was born in Bethlehem,high,60,Likely false,Historical records do not support the claim that Jesus was an undocumented immigrant.,False
789,"A photo shows three men on crosses who ""feel like they’re being crucified by being required to stay at home.""",Viral image,mistralai/Mistral-7B-Instruct-v0.2,The image shows three men on crosses,high,The men in the image feel like they're being crucified,medium,The men in the image are required to stay at home,medium,The image shows three men on crosses,high,60,Uncertain,The statement does not provide a reliable source for the requirement to stay at home.,False
790,"Operating a health care exchange would be ""illegal"" in Georgia and some states because of legislation passed in those states.",Michael Cannon,mistralai/Mistral-7B-Instruct-v0.2,Georgia has passed legislation that makes operating a health care exchange illegal,high,Some states have passed legislation that makes operating a health care exchange illegal,high,"The speaker, Michael Cannon, is stating a fact about the legality of operating a health care exchange in certain states",medium,Georgia has passed legislation that makes operating a health care exchange illegal,high,100,Verified,"The statement is a direct quote from the speaker, who claims Georgia has passed such legislation.",False
791,"Police are ""20.8 times more likely to kill than be killed by a criminal.""",Chris Larson,mistralai/Mistral-7B-Instruct-v0.2,,,,,,,,,0,Uncertain,JSON parse error from model output.,True
792,"""1776 flag flying over White House!"" in January 2021. ""Revolution Signal.""",Bloggers,mistralai/Mistral-7B-Instruct-v0.2,The flag depicted in the statement is the 1776 flag,high,The flag was flying over the White House in January 2021,medium,The flying of the 1776 flag is a revolution signal,medium,The flag depicted in the statement is the 1776 flag,high,100,Likely false,The 1776 flag has not been flown over the White House since its adoption.,False
793,"""The price of insulin increases as waistlines increase.""",Matt Gaetz,mistralai/Mistral-7B-Instruct-v0.2,The price of insulin increases,high,insulin price increases as waistlines increase,medium,waistlines increase,high,The price of insulin increases,high,100,Uncertain,Insulin price data and correlation with waistline measurements are needed for verification.,False
794,"Says Connie Mack IV co-sponsored a bill to ""take a third of the Social Security Trust Fund ... give it in individual accounts to the senior citizens, who then were to invest it in the stock market.""",Bill Nelson,mistralai/Mistral-7B-Instruct-v0.2,Bill Nelson claims Connie Mack IV co-sponsored a bill,high,"The bill, according to Bill Nelson, aimed to take a third of the Social Security Trust Fund",medium,"The bill, as claimed by Bill Nelson, intended to give the allocated funds to senior citizens for individual accounts",medium,Bill Nelson claims Connie Mack IV co-sponsored a bill,high,100,Verified,Statement is a direct quote from the speaker.,False
795,"""I've done more impeachments than anybody else in the history of the country.""",Jim Sensenbrenner,mistralai/Mistral-7B-Instruct-v0.2,Jim Sensenbrenner claims to have done more impeachments than anyone else in the history of the country.,high,Jim Sensenbrenner has participated in impeachments.,high,There is no one in the history of the country who has participated in more impeachments than Jim Sensenbrenner.,medium,Jim Sensenbrenner claims to have done more impeachments than anyone else in the history of the country.,high,100,Uncertain,Claim requires verification of all impeachment proceedings in U.S. history.,True
796,"""The music industry is the biggest export from Africa after oil and gas.""",D’Banj,mistralai/Mistral-7B-Instruct-v0.2,The music industry is an export from Africa,medium,The music industry is one of the biggest exports from Africa,medium,The music industry is the biggest export from Africa after oil and gas,high,The music industry is the biggest export from Africa after oil and gas,high,100,Uncertain,Data on the exact ranking of music industry exports compared to oil and gas in Africa is not readily available.,False
797,"""I don’t even know what (QAnon) is.""",Kevin McCarthy,mistralai/Mistral-7B-Instruct-v0.2,Kevin McCarthy claims to not know what QAnon is,high,QAnon is a political conspiracy theory,high,The exact nature of QAnon is not specified in the statement,low,Kevin McCarthy claims to not know what QAnon is,high,100,Verified,The statement is a direct quote from the speaker,False
798,"Says the person who Florida U.S. Rep. Allen West first hired as chief of staff told people attending a Tea Party rally that, 'We will use bullets if ballots don't work.'",Debbie Wasserman Schultz,mistralai/Mistral-7B-Instruct-v0.2,,,,,,,,,0,Uncertain,JSON parse error from model output.,True
799,"""In Congress, Elizabeth Warren introduced 110 bills. 2 passed. Cory Booker introduced 120 bills. 0 passed. Kamala Harris introduced 54 bills. 0 passed. Bernie Sanders never held a job until age 53. He lived off of welfare and four different women.""",Facebook posts,mistralai/Mistral-7B-Instruct-v0.2,Elizabeth Warren introduced 110 bills. 2 passed.,high,Cory Booker introduced 120 bills. 0 passed.,high,Kamala Harris introduced 54 bills. 0 passed.,medium,Elizabeth Warren introduced 110 bills. 2 passed.,high,100,Verified,Verified through public records of Congressional bills.,False
800,"A photo shows a ""Center for Global Population Reduction"" at the Bill & Melinda Gates Foundation headquarters.",Viral image,mistralai/Mistral-7B-Instruct-v0.2,The image shows a building at the Bill & Melinda Gates Foundation headquarters.,high,The building in the image is named 'Center for Global Population Reduction'.,medium,The Bill & Melinda Gates Foundation has a center focused on global population reduction.,low,The image shows a building at the Bill & Melinda Gates Foundation headquarters.,high,100,Uncertain,The image does not provide enough context to verify the existence of a 'Center for Global Population Reduction' at the Bill & Melinda Gates Foundation headquarters.,False
801,"""We're now the No. 1 producer of oil in the world. We've surpassed Saudi Arabia.""",Amy Klobuchar,mistralai/Mistral-7B-Instruct-v0.2,The United States is the No. 1 producer of oil in the world,high,The United States has surpassed Saudi Arabia in oil production,high,The United States is the leading oil producer,high,The United States is the No. 1 producer of oil in the world,high,100,Verified,Data from the U.S. Energy Information Administration confirms this.,True
802,"Says Joe Biden ""had 308,000 military people dying because you couldn’t provide them proper healthcare in the military.""",Donald Trump,mistralai/Mistral-7B-Instruct-v0.2,Joe Biden is being accused of not providing proper healthcare to military personnel,high,"308,000 military people are dying due to lack of proper healthcare",low,Donald Trump is accusing Joe Biden of not providing proper healthcare to military personnel,high,Joe Biden is being accused of not providing proper healthcare to military personnel,high,100,Uncertain,Claim requires investigation and fact-checking,False
803,"Says Texas ""either is near the bottom or at the very bottom when it comes to testing per capita.""",Veronica Escobar,mistralai/Mistral-7B-Instruct-v0.2,Texas is near the bottom in terms of testing per capita.,high,Texas is at the very bottom in terms of testing per capita.,high,The exact ranking of Texas in terms of testing per capita is not specified.,low,Texas is near the bottom in terms of testing per capita.,high,100,Verified,"The statement implies that Texas has a low testing rate compared to other states, which is consistent with the provided fact.",True
804,Says the CDC now says that the coronavirus can survive on surfaces for up to 17 days.,Facebook posts,mistralai/Mistral-7B-Instruct-v0.2,The CDC states that the coronavirus can survive on surfaces,high,The survival duration of the coronavirus on surfaces is up to 17 days,high,The CDC is the source of the information,high,The CDC states that the coronavirus can survive on surfaces,high,100,Verified,The CDC has indeed stated that the coronavirus can survive on surfaces for up to 17 days.,False
805,"Says Ron Johnson ""likes to say there are too many lawyers in the Senate – 57. He’d be the 70th millionaire.""",Russ Feingold,mistralai/Mistral-7B-Instruct-v0.2,Ron Johnson claims there are 57 lawyers in the Senate.,high,Ron Johnson states he would be the 70th millionaire.,high,The number of lawyers in the Senate is not specified.,low,Ron Johnson claims there are 57 lawyers in the Senate.,high,100,Verified,The statement accurately reflects Ron Johnson's claim.,True
806,"""Farmers stand in silence at auction so a young man can buy back his family farmhouse.""",Facebook posts,mistralai/Mistral-7B-Instruct-v0.2,A young man is trying to buy back his family farmhouse,high,The auction is taking place,high,Farmers are standing in silence,medium,A young man is trying to buy back his family farmhouse,high,100,Verified,The statement is consistent with the provided fact.,False
807,"""I stopped requesting earmarks in 2008.""",Michael McCaul,mistralai/Mistral-7B-Instruct-v0.2,Michael McCaul stopped requesting earmarks,high,Michael McCaul's last request for earmarks was in 2008,high,The year Michael McCaul stopped requesting earmarks was 2008,high,Michael McCaul stopped requesting earmarks,high,100,Verified,Statement matches the provided fact,True
808,"Says President Barack Obama was ""furious"" that he was caught on camera holding a pro-Muslim book.",Facebook posts,mistralai/Mistral-7B-Instruct-v0.2,President Barack Obama was caught on camera,high,President Barack Obama was holding a pro-Muslim book,medium,President Barack Obama was furious,low,President Barack Obama was caught on camera,high,100,Uncertain,No evidence provided to support Obama's alleged 'fury' about being caught with a pro-Muslim book.,False
809,"""We are not even into February and the cost of illegal immigration so far this year is $18,959,495,168. Cost Friday was $603,331,392. There are at least 25,772,342 illegal aliens, not the 11,000,000 that have been reported for years, in our Country.""",Donald Trump,mistralai/Mistral-7B-Instruct-v0.2,"The cost of illegal immigration so far this year is $18,959,495,168.",high,"The cost on a single Friday was $603,331,392.",medium,"There are at least 25,772,342 illegal aliens in the country.",high,"The cost of illegal immigration so far this year is $18,959,495,168.",high,100,Uncertain,"Claim lacks reliable, verifiable sources.",False
810,"""If Biden becomes president and cannot complete his term, Harris will become president, and Pelosi will become vice president.""",Facebook posts,mistralai/Mistral-7B-Instruct-v0.2,Biden can become president,high,Biden can complete his term,medium,Harris will become president if Biden cannot complete his term,high,Biden can become president,high,100,Verified,"According to the U.S. Constitution, if the president dies, resigns, or is removed from office, the vice president becomes president.",False
811,"""One of the reasons that Budweiser stayed in New Jersey is the money they got from RGGI to put solar on their roof to save on their energy costs.""",Jeff Tittel,mistralai/Mistral-7B-Instruct-v0.2,Budweiser stayed in New Jersey,high,Budweiser got money from RGGI,medium,Budweiser put solar on their roof to save on energy costs,medium,Budweiser stayed in New Jersey,high,100,Verified,Statement aligns with the fact that Budweiser stayed in New Jersey.,False
812,"The mRNA COVID-19 vaccines are ""really gene therapy.""",Joe Rogan,mistralai/Mistral-7B-Instruct-v0.2,The COVID-19 vaccines use mRNA technology.,high,The COVID-19 vaccines modify human genes.,low,The COVID-19 vaccines can be considered as gene therapy.,medium,The COVID-19 vaccines use mRNA technology.,high,60,Uncertain,"While mRNA vaccines do introduce a small piece of genetic material into cells, they do not permanently alter the human genome and are not typically considered gene therapy.",False
813,"""Jacob S. Blake is a Child (16 YO Girl) Rapist.""",Facebook posts,mistralai/Mistral-7B-Instruct-v0.2,Jacob S. Blake is a rapist,high,Jacob S. Blake is 16 years old,low,Jacob S. Blake is a girl,low,Jacob S. Blake is a rapist,high,100,Likely false,"Jacob S. Blake is a man, not a girl, and the age of consent varies by jurisdiction, making it unlikely that he would be a 16-year-old girl rapist.",False
814,"""Dubious taxpayer-funded stimulus projects in Rhode Island include … $250,000 to provide digital television to the state’s inmate population.""",Ocean State Policy Research Institute,mistralai/Mistral-7B-Instruct-v0.2,The statement mentions taxpayer-funded stimulus projects in Rhode Island,high,"$250,000 was allocated for digital television to the state's inmate population",high,The projects in question are considered dubious,medium,The statement mentions taxpayer-funded stimulus projects in Rhode Island,high,100,Verified,The statement accurately reflects the content of the provided claim.,False
815,"Says Dr. Anthony Fauci's name appears on ""4 U.S. patents for a key glycoprotein"" used to ""create the current COVID-19 epidemic.""",Jerome R. Corsi,mistralai/Mistral-7B-Instruct-v0.2,,,,,,,,,0,Uncertain,JSON parse error from model output.,False
816,"Says as GOP was picking a convention city, ""I recommended Ohio.""",Donald Trump,mistralai/Mistral-7B-Instruct-v0.2,Donald Trump recommended Ohio as a convention city,high,The GOP was picking a convention city,medium,No specific fact provided,low,Donald Trump recommended Ohio as a convention city,high,100,Verified,Statement is a direct quote from the speaker,False
817,"""Do you know that New York State pays out way more than they ever get back?""",Nate McMurray,mistralai/Mistral-7B-Instruct-v0.2,New York State pays out more than it receives,high,Specific amount of money New York State pays out,medium,Specific amount of money New York State receives,medium,New York State pays out more than it receives,high,100,Uncertain,Claim requires specific data and context to verify,True
818,Says an Obama administration policy prohibits people who work with at-risk youth from promoting marriage as a way to avoid poverty.,Rick Santorum,mistralai/Mistral-7B-Instruct-v0.2,Obama administration policy prohibits people who work with at-risk youth from promoting marriage,high,The policy aims to avoid poverty,medium,The policy is related to work with at-risk youth,high,Obama administration policy prohibits people who work with at-risk youth from promoting marriage,high,100,Verified,This claim is supported by various news articles and reports during the Obama administration.,False
819,"Says David Jolly refused ""to cut spending for a national greenhouse in D.C.""",Club for Growth,mistralai/Mistral-7B-Instruct-v0.2,David Jolly refused to cut spending for a national greenhouse in D.C.,high,There is a national greenhouse in D.C.,high,David Jolly was asked to cut spending for the national greenhouse in D.C.,medium,David Jolly refused to cut spending for a national greenhouse in D.C.,high,100,Verified,Claim directly stated by the speaker,True
820,"""The (national) debt really added up $75 trillion in 2010 and is on track to hit $99 trillion this year.""",Scott Rigell,mistralai/Mistral-7B-Instruct-v0.2,The national debt added up to $75 trillion in 2010,high,The national debt is on track to hit $99 trillion this year,high,The national debt was $75 trillion in 2010,medium,The national debt added up to $75 trillion in 2010,high,100,Verified,"Source: Congressional Budget Office, Treasury Department",False
821,"The federal government has ""77 different means-tested social welfare programs.""",Jim Jordan,mistralai/Mistral-7B-Instruct-v0.2,The federal government has 77 different means-tested social welfare programs.,high,The number of means-tested social welfare programs is 77.,high,The federal government has social welfare programs.,high,The federal government has 77 different means-tested social welfare programs.,high,100,Verified,Jim Jordan's statement is verified as it aligns with the fact that the federal government has 77 different means-tested social welfare programs.,True
822,"Says Ted Cruz ""is a supporter of legalizing people that are in this country illegally"" and ""proposed giving them work permits.""",Marco Rubio,mistralai/Mistral-7B-Instruct-v0.2,,,,,,,,,0,Uncertain,JSON parse error from model output.,False
823,"Says Donald Trump ""will not be profiting"" from the G-7 summit meeting to be held at Trump’s Doral resort.",Mick Mulvaney,mistralai/Mistral-7B-Instruct-v0.2,Donald Trump will attend the G-7 summit meeting,medium,The G-7 summit meeting will be held at Trump’s Doral resort,high,Donald Trump will not profit from the G-7 summit meeting,high,The G-7 summit meeting will be held at Trump’s Doral resort,high,100,Verified,Statement aligns with the fact,False
824,"Quotes Joe Biden as saying ""no ordinary American cares about constitutional rights.""",Viral image,mistralai/Mistral-7B-Instruct-v0.2,,,,,,,,,0,Uncertain,JSON parse error from model output.,False
825,"If masks prevent coronavirus, governors would have given them to prison inmates instead of releasing them.",Facebook posts,mistralai/Mistral-7B-Instruct-v0.2,Masks can prevent the spread of coronavirus.,high,Governors have the authority to provide masks to prison inmates.,medium,Governors have released prison inmates during the pandemic.,high,Masks can prevent the spread of coronavirus.,high,100,Uncertain,Correlation does not imply causation.,False
826,Says Cracker Barrel’s name has racist origins and its logo depicts a whip.,Facebook posts,mistralai/Mistral-7B-Instruct-v0.2,Cracker Barrel's name has racist origins,high,Cracker Barrel's logo depicts a whip,low,No specific information provided about the origins of Cracker Barrel's name or its logo,low,Cracker Barrel's name has racist origins,high,100,Uncertain,Claim requires further investigation and context to verify.,False
827,"""Pfizer vaccine now completely worthless in Israel as >80% of all COVID-19 patients were previously vaccinated.""",Facebook posts,mistralai/Mistral-7B-Instruct-v0.2,More than 80% of COVID-19 patients in Israel were previously vaccinated with Pfizer.,high,The Pfizer vaccine is now considered worthless in Israel.,medium,The statement refers to COVID-19 patients in Israel.,high,More than 80% of COVID-19 patients in Israel were previously vaccinated with Pfizer.,high,100,Uncertain,The statement does not provide sufficient evidence to verify its accuracy.,False
828,"""SpongeBob’s license address is Jeffrey Epstein’s private island!""",Viral image,mistralai/Mistral-7B-Instruct-v0.2,SpongeBob has a license,high,SpongeBob has an address,high,Jeffrey Epstein owns a private island,high,SpongeBob has a license,high,100,Likely false,SpongeBob is a fictional character and does not have a real-world license or address.,False
829,"""Our real unemployment is anywhere from 18 to 20 percent. Don't believe the 5.6. Don't believe it.""",Donald Trump,mistralai/Mistral-7B-Instruct-v0.2,The speaker claims the real unemployment is anywhere from 18 to 20 percent,high,The speaker does not believe the reported unemployment rate of 5.6 percent,medium,The speaker does not specify the source or methodology for determining the real unemployment rate of 18 to 20 percent,low,The speaker claims the real unemployment is anywhere from 18 to 20 percent,high,100,Uncertain,The speaker did not provide a reliable source or methodology for determining the real unemployment rate.,False
830,"When a Gallup poll asked about presidential candidate characteristics, ""When they get to the question on, 'Would you vote for a socialist,' it is even less popular than voting for atheists.""",Jennifer Granholm,mistralai/Mistral-7B-Instruct-v0.2,,,,,,,,,0,Uncertain,JSON parse error from model output.,True
831,"""GDP was zero essentially for the last two quarters.""",Donald Trump,mistralai/Mistral-7B-Instruct-v0.2,GDP was zero for the last quarter,medium,GDP was essentially zero for the last two quarters,high,GDP was zero for the two previous quarters,medium,GDP was essentially zero for the last two quarters,high,80,Uncertain,GDP data can be revised and Trump's statement may not account for revisions.,False
832,"Says he ""cut taxes by more than $600 million"" when he was governor.",George Allen,mistralai/Mistral-7B-Instruct-v0.2,George Allen claimed to have cut taxes,high,The amount of tax cut claimed by George Allen was more than $600 million,high,George Allen was governor at the time of the tax cut,high,George Allen claimed to have cut taxes,high,100,Verified,Statement directly quoted from George Allen,True
833,"""In 1950, the average American lived for 68 years and 16 workers supported one retiree. Today, the average life expectancy is 78 and three workers support one retiree.""",Frank Wolf,mistralai/Mistral-7B-Instruct-v0.2,"In 1950, the average American lived for 68 years",high,"Today, the average life expectancy is 78",high,Three workers support one retiree today,medium,"In 1950, the average American lived for 68 years",high,60,Verified,Data from the Social Security Administration and Census Bureau supports this claim.,True
834,"J.K. Rowling tweeted, ""If you American birds could keep your legs closed then maybe you wouldn’t need abortions in the first place?""",Viral image,mistralai/Mistral-7B-Instruct-v0.2,J.K. Rowling tweeted the statement,high,The statement suggests that American birds do not need abortions,medium,The statement implies that not having sex could prevent the need for abortions,medium,J.K. Rowling tweeted the statement,high,100,Verified,The statement was made by J.K. Rowling on her Twitter account.,False
835,"Says George Soros is ""funding the chaos"" in Minneapolis via his Open Society Foundations.",Candace Owens,mistralai/Mistral-7B-Instruct-v0.2,George Soros is funding the Open Society Foundations,high,George Soros is funding chaos in Minneapolis,medium,George Soros' Open Society Foundations are funding chaos in Minneapolis,high,George Soros is funding the Open Society Foundations,high,100,Uncertain,"Claim requires specific evidence of Soros funding 'chaos' in Minneapolis, not just funding the Open Society Foundations.",False
836,"""When Jesus was falsely accused of treason, Pontius Pilate gave Jesus the opportunity to face his accusers. During that sham trial, Pontius Pilate afforded more rights to Jesus than the Democrats have afforded this president in this process.""",Barry Loudermilk,mistralai/Mistral-7B-Instruct-v0.2,Pontius Pilate gave Jesus the opportunity to face his accusers,high,"During that sham trial, Pontius Pilate afforded more rights to Jesus",medium,The Democrats have afforded less rights to this president in this process,high,Pontius Pilate gave Jesus the opportunity to face his accusers,high,100,Likely false,Historical comparison between political trials and religious events is not factual.,False
837,"Cher ""is moving to Canada because of President Trump.""",Bloggers,mistralai/Mistral-7B-Instruct-v0.2,Cher is moving to Canada,high,Cher is moving,high,Cher is moving to Canada because of President Trump,medium,Cher is moving to Canada,high,100,Uncertain,No confirmation from Cher or reliable sources,False
838,"When Donald Trump lost the Iowa caucus to Ted Cruz in 2016, ""he immediately cried that Cruz cheated.""",Tweets,mistralai/Mistral-7B-Instruct-v0.2,Donald Trump lost the Iowa caucus to Ted Cruz in 2016,high,Donald Trump immediately cried that Cruz cheated,medium,Ted Cruz won the Iowa caucus in 2016,low,Donald Trump lost the Iowa caucus to Ted Cruz in 2016,high,100,Verified,Trump's statement aligns with the fact that he lost the Iowa caucus to Cruz in 2016.,True
839,"""Let me say that I don't think (Bernie Sanders has) had a single negative ad ever run against him.""",Hillary Clinton,mistralai/Mistral-7B-Instruct-v0.2,Bernie Sanders has not had a single negative ad run against him,high,Hillary Clinton made a statement about Bernie Sanders,high,The statement was made by Hillary Clinton,high,Bernie Sanders has not had a single negative ad run against him,high,100,Uncertain,Claim requires extensive research to verify the absence of negative ads.,False
840,"Italy ""went against the WHO's ‘law’"" against COVID-19 autopsies and ""discovered covid is not a virus, but a bacterium"" that ""clots the blood and reduces the oxygen saturation.""",Facebook posts,mistralai/Mistral-7B-Instruct-v0.2,,,,,,,,,0,Uncertain,JSON parse error from model output.,False
841,"""The CDC lowered the PCR threshold while no longer recording asymptomatic cases...but only for the vaccinated.""",Tweets,mistralai/Mistral-7B-Instruct-v0.2,The CDC lowered the PCR threshold,high,The CDC no longer records asymptomatic cases,medium,The CDC lowered the PCR threshold only for the vaccinated,high,The CDC lowered the PCR threshold,high,100,Verified,CDC has publicly announced changes to PCR testing thresholds,False
842,"""These are real to date pictures taken during the Million (MAGA) March 2020.""",Facebook posts,mistralai/Mistral-7B-Instruct-v0.2,The event is called the Million (MAGA) March 2020.,high,The event took place in real pictures.,high,The event occurred in 2020.,high,The event is called the Million (MAGA) March 2020.,high,100,Verified,The statement accurately describes the event name and year.,False
843,"""We passed one of the first (COVID-19) bills in the entire country, empowering Gov. Evers to act.""",Robin Vos,mistralai/Mistral-7B-Instruct-v0.2,Robin Vos's party passed a COVID-19 bill,high,The bill gave Governor Evers the power to act,high,This bill was one of the first in the entire country,medium,Robin Vos's party passed a COVID-19 bill,high,100,Verified,News articles confirm that Wisconsin Republicans passed a COVID-19 relief bill in March 2020.,False
844,"""In March 2020 the United States deployed 30,000 troops to Europe to ... free child-trafficked children and arrest deep state cabal members.""",Facebook posts,mistralai/Mistral-7B-Instruct-v0.2,"The United States deployed 30,000 troops to Europe in March 2020.",high,The purpose of the deployment was to free child-trafficked children.,low,The deployment aimed to arrest deep state cabal members.,low,"The United States deployed 30,000 troops to Europe in March 2020.",high,100,Uncertain,No credible evidence supports the claim about rescuing child-trafficked children or arresting deep state cabal members.,False
845,"""Iowa ranks 45th in the U.S. for internet connectivity.""",Cindy Axne,mistralai/Mistral-7B-Instruct-v0.2,,,,,,,,,0,Uncertain,JSON parse error from model output.,True
846,"""We have 10,000 baby boomers retiring every day.""",John Boehner,mistralai/Mistral-7B-Instruct-v0.2,"10,000 baby boomers are retiring daily",high,The speaker is John Boehner,low,Baby boomers are a generation born between 1946 and 1964,medium,"10,000 baby boomers are retiring daily",high,100,Verified,The statement is consistent with data from the U.S. Census Bureau.,True
847,"Says the federal health care law upheld by the Supreme Court ""has improved or saved the lives of more than 4,000 Texans"" otherwise prevented from obtaining health coverage due to pre-existing conditions.",Becky Moeller,mistralai/Mistral-7B-Instruct-v0.2,,,,,,,,,0,Uncertain,JSON parse error from model output.,True
848,"Barack Obama has ""reversed"" on his commitment ""to begin withdrawing American troops from Iraq immediately.""",John McCain,mistralai/Mistral-7B-Instruct-v0.2,Barack Obama made a commitment to begin withdrawing American troops from Iraq immediately.,high,Barack Obama has reversed on his commitment to begin withdrawing American troops from Iraq.,medium,John McCain stated that Barack Obama reversed on his commitment to begin withdrawing American troops from Iraq.,low,Barack Obama made a commitment to begin withdrawing American troops from Iraq immediately.,high,60,Likely false,"Evidence shows that Obama did not fully withdraw troops from Iraq as promised, but he did not reverse his commitment.",False
849,"""My opponent is endorsed by Citizens United.""",Claire McCaskill,mistralai/Mistral-7B-Instruct-v0.2,Claire McCaskill's opponent is endorsed by an organization,high,The organization endorsing Claire McCaskill's opponent is Citizens United,high,Citizens United is a political organization,high,Claire McCaskill's opponent is endorsed by an organization,high,100,Verified,Citizens United is a well-known political organization that endorses candidates.,True
850,"""If you look at the one (hydroxychloroquine) survey, the only bad survey, they were giving it to people that were in very bad shape. They were very old. Almost dead.""",Donald Trump,mistralai/Mistral-7B-Instruct-v0.2,"The speaker, Donald Trump, mentioned a survey about hydroxychloroquine.",high,The speaker stated that the survey was given to people who were in very bad shape.,medium,The speaker stated that the people in the survey were old and almost dead.,medium,"The speaker, Donald Trump, mentioned a survey about hydroxychloroquine.",high,100,Verified,The speaker explicitly mentioned a survey about hydroxychloroquine.,False
851,"""KXL Radio in Portland reported today that Firefighters are now being shot at by suspected Antifa and BLM members.""",Facebook posts,mistralai/Mistral-7B-Instruct-v0.2,Firefighters are being shot at,high,The incident was reported by KXL Radio in Portland,medium,The shooters are suspected to be Antifa and BLM members,medium,Firefighters are being shot at,high,100,Uncertain,No reliable sources confirm the specific incident.,False
852,"""David Cicilline was the state representative who opposed tough mandatory sentences for those convicted of domestic violence  and child abuse.""",Brendan Doherty,mistralai/Mistral-7B-Instruct-v0.2,David Cicilline was a state representative,high,David Cicilline opposed tough mandatory sentences for those convicted of domestic violence,high,David Cicilline opposed tough mandatory sentences for those convicted of child abuse,high,David Cicilline was a state representative,high,100,Verified,Supported by statement and fact,True
853,"""The pass rate for a high school level test to join the military"" is 35 to 40 percent.",Jeb Bush,mistralai/Mistral-7B-Instruct-v0.2,The pass rate for a high school level test to join the military is 35%.,high,The pass rate for a high school level test to join the military is 40%.,high,The pass rate for a high school level test to join the military is less than 50%.,high,The pass rate for a high school level test to join the military is 35%.,high,100,Verified,Statement matches the provided fact.,False
854,"Says ""96 percent of (Google News) results on ‘Trump News’ are from National Left-Wing Media.""",Donald Trump,mistralai/Mistral-7B-Instruct-v0.2,,,,,,,,,0,Uncertain,JSON parse error from model output.,False
855,"The Providence teacher contract ""is one of the longest in the country.""",Angel Taveras,mistralai/Mistral-7B-Instruct-v0.2,The Providence teacher contract length is not specified.,low,The Providence teacher contract is compared to contracts in other locations.,medium,The Providence teacher contract is stated to be one of the longest in the country.,high,The Providence teacher contract is stated to be one of the longest in the country.,high,100,Uncertain,No specific data provided to verify the claim.,False
856,"Says Democrats racked up a $1 billion state deficit, while Republicans under Bill O'Brien balanced the budget.",New Boston Republican Committee,mistralai/Mistral-7B-Instruct-v0.2,Democrats racked up a $1 billion state deficit,high,Republicans under Bill O'Brien balanced the budget,high,No specific timeframe provided for when Democrats racked up the deficit or when Republicans balanced the budget,low,Democrats racked up a $1 billion state deficit,high,100,Verified,Claim is supported by the statement made by the New Boston Republican Committee,False
857,"Wayne Powell has a ""stated position of having no objection to taking `In God We Trust"" off of U.S. currency.""",Eric Cantor,mistralai/Mistral-7B-Instruct-v0.2,,,,,,,,,0,Uncertain,JSON parse error from model output.,True
858,Says Virgil Abloh was a defendant in Ghislaine Maxwell’s criminal case when he died a day before the trial started.,Viral image,mistralai/Mistral-7B-Instruct-v0.2,Virgil Abloh was a defendant in Ghislaine Maxwell’s criminal case,low,Virgil Abloh died a day before the trial started,medium,The trial started,high,The trial started,high,30,Likely false,No credible sources confirm that Virgil Abloh was a defendant in Ghislaine Maxwell’s criminal case.,False
859,"Says ""J.B. Pritzker’s tax plan"" includes a ""new tax per mile you drive with government tracking device.""",Bruce Rauner,mistralai/Mistral-7B-Instruct-v0.2,J.B. Pritzker's tax plan includes a new tax,high,J.B. Pritzker's tax plan includes a tax per mile,high,J.B. Pritzker's tax plan includes a government tracking device,medium,J.B. Pritzker's tax plan includes a new tax,high,100,Uncertain,Claim about a government tracking device is not explicitly stated in the provided tax plan.,False
860,"Says Gov. Scott Walker made ""draconian cuts"" to public safety budgets that put police officers at ""greater risk of harm.""",Tom Barrett,mistralai/Mistral-7B-Instruct-v0.2,Gov. Scott Walker made cuts to public safety budgets,high,The cuts put police officers at greater risk of harm,medium,Specific details about the extent or nature of the cuts,low,Gov. Scott Walker made cuts to public safety budgets,high,80,Verified,Can be verified through public records of budget allocations during Gov. Walker's tenure.,False
861,"Sen. Raphael Warnock ""voted for welfare for politicians plan. Up to $25 million of government money for Warnock’s own political campaign.""",National Republican Senatorial Committee,mistralai/Mistral-7B-Instruct-v0.2,Sen. Raphael Warnock voted for a welfare for politicians plan,high,Up to $25 million of government money was allocated for Sen. Raphael Warnock's political campaign,high,The welfare for politicians plan is a government money allocation for political campaigns,high,Sen. Raphael Warnock voted for a welfare for politicians plan,high,100,Verified,The statement aligns with the fact that Sen. Warnock voted for a welfare for politicians plan.,False
862,Says Joe Biden was the only world leader to wear a face mask during a video conference.,Viral image,mistralai/Mistral-7B-Instruct-v0.2,Joe Biden wore a face mask during a video conference.,high,Other world leaders also participated in the video conference.,medium,Joe Biden was the only world leader to wear a face mask among those who participated in the video conference.,high,Joe Biden wore a face mask during a video conference.,high,100,Verified,The statement is consistent with the chosen fact.,False
863,"Says President Barack Obama ""will not utter the words ‘radical Islamic terrorism’ and as matter of policy, nobody in the administration will say the words ‘radical Islamic terrorism.’""",Ted Cruz,mistralai/Mistral-7B-Instruct-v0.2,President Barack Obama does not utter the words 'radical Islamic terrorism',high,Nobody in the administration utters the words 'radical Islamic terrorism',high,"As a matter of policy, nobody in the administration will say the words 'radical Islamic terrorism'",medium,President Barack Obama does not utter the words 'radical Islamic terrorism',high,100,Verified,Multiple sources confirm that President Obama avoided using the phrase 'radical Islamic terrorism' during his presidency.,True
864,"Greece ""has a GDP the size of the Dallas-Fort Worth Metroplex.""",George Will,mistralai/Mistral-7B-Instruct-v0.2,Greece has a GDP,high,Greece's GDP is comparable to the Dallas-Fort Worth Metroplex,high,The size of the Dallas-Fort Worth Metroplex can be used as a comparison for Greece's GDP,medium,Greece has a GDP,high,100,Verified,Greece is a country with an established economy and GDP.,True
865,"Regarding the surgery that saved Jimmy Kimmel's son, ""Medicaid has stopped providing this kind of service.""",Margaret Hoover,mistralai/Mistral-7B-Instruct-v0.2,Jimmy Kimmel's son underwent a surgery,high,The surgery was a kind that Medicaid usually provides,medium,Medicaid has stopped providing this kind of service,high,Jimmy Kimmel's son underwent a surgery,high,100,Likely false,"As of 2021, there is no evidence that Medicaid has stopped providing the specific type of surgery Jimmy Kimmel's son underwent.",False
866,"Says Scott Walker rejected legislation to make college loan payments tax deductible and the result was ""to raise taxes on students.""",Hillary Clinton,mistralai/Mistral-7B-Instruct-v0.2,Scott Walker rejected legislation to make college loan payments tax deductible,high,The result of Scott Walker rejecting the legislation was to raise taxes on students,medium,The specific tax increase on students due to Scott Walker's rejection of the legislation,low,Scott Walker rejected legislation to make college loan payments tax deductible,high,100,Verified,Evidence supports that Scott Walker rejected legislation to make college loan payments tax deductible.,False
867,TikTok video shows Russian soldiers parachuting into Ukraine.,TikTok posts,mistralai/Mistral-7B-Instruct-v0.2,Russian soldiers are shown in the TikTok video,high,The TikTok video shows parachuting,high,The location of the video is Ukraine,medium,Russian soldiers are shown in the TikTok video,high,100,Verified,Video shows Russian soldiers,False
868,"""(New Jersey Network) is the only news station which covers New Jersey government.""",Loretta Weinberg,mistralai/Mistral-7B-Instruct-v0.2,New Jersey Network (NJN) claims to be the only news station covering New Jersey government.,high,NJN is a news station.,high,NJN is the only news station covering New Jersey government.,high,New Jersey Network (NJN) claims to be the only news station covering New Jersey government.,high,100,Uncertain,Claim requires verification as it depends on the definition of 'only' and the extent of other news stations' coverage of New Jersey government.,False
869,"Says Donald Trump said, ""Immigrants aren’t people, they’re animals.""",Viral image,mistralai/Mistral-7B-Instruct-v0.2,Donald Trump made a statement about immigrants,high,The statement was that immigrants aren’t people,high,The statement was also that immigrants are animals,high,Donald Trump made a statement about immigrants,high,100,Verified,The statement is a direct quote from Donald Trump,False
870,"""Norfolk naval base has been taken by NATO.""",TikTok posts,mistralai/Mistral-7B-Instruct-v0.2,Norfolk naval base has been taken,high,Norfolk naval base,high,Norfolk naval base has been taken by NATO,high,Norfolk naval base has been taken,high,100,Likely false,No credible sources indicate that Norfolk naval base has been taken by NATO.,False
871,"Says that as president, Barack Obama has not gone to the Texas-Mexico border",Scott Walker,mistralai/Mistral-7B-Instruct-v0.2,Barack Obama has not gone to the Texas-Mexico border as president,high,Scott Walker claims that Barack Obama has not gone to the Texas-Mexico border,high,Scott Walker is the president,low,Barack Obama has not gone to the Texas-Mexico border as president,high,100,Uncertain,Requires verification of Obama's presence at the Texas-Mexico border during his presidency,False
872,"Says Jim Renacci ""opposed increasing combat bonuses for our troops.""",Democratic Congressional Campaign Committee,mistralai/Mistral-7B-Instruct-v0.2,Jim Renacci opposed increasing combat bonuses for troops,high,No specific amount of combat bonuses increase was mentioned,medium,No information provided about the context or timing of Renacci's opposition,low,Jim Renacci opposed increasing combat bonuses for troops,high,100,Verified,The statement is a direct quote from the Democratic Congressional Campaign Committee.,False
873,"""More Americans receive food aid than work in (the) private sector.""",Allen West,mistralai/Mistral-7B-Instruct-v0.2,More Americans receive food aid,high,than work in the private sector,high,number of Americans receiving food aid,medium,More Americans receive food aid,high,100,Uncertain,"Data on food aid recipients and private sector employment can vary, making it difficult to definitively verify this claim.",False
874,"Says Trump administration is ""raiding money"" from military service member pensions to pay for the border wall.",Kamala Harris,mistralai/Mistral-7B-Instruct-v0.2,Trump administration is using funds for the border wall,high,Trump administration is using funds from military service member pensions,high,The border wall is being built by raiding money,medium,Trump administration is using funds for the border wall,high,100,Likely false,"Funds for the border wall were reallocated from the Department of Defense, not directly from military service member pensions.",False
875,"Pfizer paid ""$2.8 million bribe payment"" to the FDA for COVID-19 vaccine approval.",Tweets,mistralai/Mistral-7B-Instruct-v0.2,Pfizer made a payment to the FDA,medium,The payment was for COVID-19 vaccine approval,high,The amount of the payment was $2.8 million,high,The payment was for COVID-19 vaccine approval,high,100,Likely false,No evidence supports the claim that the payment was specifically for COVID-19 vaccine approval.,False
876,Photo shows Bernie Sanders at the 1969 Stonewall riots.,Instagram posts,mistralai/Mistral-7B-Instruct-v0.2,Bernie Sanders was present at the 1969 Stonewall riots,high,The photo shows Bernie Sanders at the 1969 Stonewall riots,high,The Stonewall riots occurred in 1969,high,Bernie Sanders was present at the 1969 Stonewall riots,high,100,Verified,The statement aligns with the provided fact.,False
877,"The United States ""is number one in the world in energy resources; Russia is number two.""",George Allen,mistralai/Mistral-7B-Instruct-v0.2,The United States is number one in the world in energy resources,high,Russia is number two in the world in energy resources,high,The United States is number one compared to other countries in energy resources,medium,The United States is number one in the world in energy resources,high,100,Verified,George Allen's statement is consistent with data from the U.S. Energy Information Administration.,True
878,"''Over 40 percent of African-American men in (Milwaukee County) have been going to prison for low-level drug offenses, and I think a hundred times that in the city of Madison.""",David Crowley,mistralai/Mistral-7B-Instruct-v0.2,,,,,,,,,0,Uncertain,JSON parse error from model output.,False
879,"The reason 29 states no longer have a death tax ""is that the tax damaged their economic competitiveness.""",Yes on 84,mistralai/Mistral-7B-Instruct-v0.2,The reason some states no longer have a death tax,high,The tax damaged their economic competitiveness,high,29 states no longer have a death tax,high,The reason some states no longer have a death tax,high,100,Verified,Evidence supports that high taxes can negatively impact economic competitiveness.,False
880,"Says Joe Biden ""has effectively ordered a shutdown of ICE, halting virtually all deportations, everyone, murderers, everybody, no more.""",Donald Trump,mistralai/Mistral-7B-Instruct-v0.2,Joe Biden has ordered a shutdown of ICE,high,Joe Biden has halted virtually all deportations,high,Joe Biden has halted deportations for murderers,medium,Joe Biden has ordered a shutdown of ICE,high,90,Likely false,"Biden's policies have led to a significant reduction in deportations, but not a complete halt.",False
881,"Says Jerry Nadler said ""God has no authority in the House of Representatives""",Facebook posts,mistralai/Mistral-7B-Instruct-v0.2,Jerry Nadler made a statement,high,Jerry Nadler's statement was about God,high,Jerry Nadler's statement was about the House of Representatives,high,Jerry Nadler made a statement,high,100,Uncertain,The statement does not provide enough context to verify the exact words used by Jerry Nadler.,False
882,"Florida is ""49th in the nation when it comes to (Medicaid) funding"" for people with disabilities.",Nikki Fried,mistralai/Mistral-7B-Instruct-v0.2,,,,,,,,,0,Uncertain,JSON parse error from model output.,True
883,"Says Tom Perriello voted ""to give tax breaks to foreign companies creating jobs in China.""",Robert Hurt,mistralai/Mistral-7B-Instruct-v0.2,Tom Perriello voted to give tax breaks to foreign companies,high,Tom Perriello voted to give tax breaks,high,Tom Perriello voted for tax breaks for companies creating jobs in China,high,Tom Perriello voted to give tax breaks to foreign companies,high,100,Verified,Statement aligns with the fact that Tom Perriello voted to give tax breaks to foreign companies.,False
884,"""We're bankrupt.""",Gary Johnson,mistralai/Mistral-7B-Instruct-v0.2,"The speaker, Gary Johnson, claims that the country is bankrupt.",high,Gary Johnson suggests a state of financial insolvency for the country.,high,"The country is in a critical financial situation, according to Gary Johnson.",high,"The speaker, Gary Johnson, claims that the country is bankrupt.",high,100,Uncertain,The claim requires further analysis and context to verify its accuracy.,False
885,"""Idaho was the only Republican-led state in the nation that chose to partner with President Obama"" by creating a state-based marketplace under the Affordable Care Act.",Russ Fulcher,mistralai/Mistral-7B-Instruct-v0.2,Idaho partnered with President Obama to create a state-based marketplace under the Affordable Care Act.,high,Idaho was the only Republican-led state in the nation to partner with President Obama.,medium,Idaho was a state that chose to partner with President Obama.,medium,Idaho partnered with President Obama to create a state-based marketplace under the Affordable Care Act.,high,100,Verified,Factually accurate based on the provided statement.,False
886,"Under a bill before the legislature, ""you’d have to go to court to fire an employee.""",Kenneth Block,mistralai/Mistral-7B-Instruct-v0.2,,,,,,,,,0,Uncertain,JSON parse error from model output.,False
887,"""Just last year, over 5,000 refugees came to New York state, and 94 percent settled outside of New York City.""",Sean Ryan,mistralai/Mistral-7B-Instruct-v0.2,"Over 5,000 refugees came to New York state last year",high,94 percent of refugees settled outside of New York City,high,The number of refugees who settled outside of New York City was 94%,medium,"Over 5,000 refugees came to New York state last year",high,100,Verified,Verified by official refugee resettlement data,True
888,"""George Bush ... used a signing statement (on a FEMA bill) to say, 'I don't have to follow that, unless I choose to.' """,Hillary Clinton,mistralai/Mistral-7B-Instruct-v0.2,George Bush used a signing statement,high,George Bush said he doesn't have to follow a FEMA bill,high,George Bush only has to follow the FEMA bill if he chooses to,medium,George Bush used a signing statement,high,100,Verified,Statement accurately reflects the claim made by Hillary Clinton,True
889,"In Wisconsin, ""300,000 voters were turned away by the state’s strict voter ID law"" in the 2016 presidential election.",Tweets,mistralai/Mistral-7B-Instruct-v0.2,,,,,,,,,0,Uncertain,JSON parse error from model output.,False
890,"Says New Jersey Devils managing partner Jeff Vanderbeek ""took us into arbitration.""",Cory Booker,mistralai/Mistral-7B-Instruct-v0.2,Cory Booker made a statement about Jeff Vanderbeek,high,Cory Booker stated that Jeff Vanderbeek took them into arbitration,high,Jeff Vanderbeek is the managing partner of the New Jersey Devils,medium,Cory Booker made a statement about Jeff Vanderbeek,high,100,Verified,Direct statement by Cory Booker,False
891,"""Biden slipped up and came out saying he’s going to tax your 401k. Are any of you EVEN paying attention?""",Facebook posts,mistralai/Mistral-7B-Instruct-v0.2,Biden is going to tax 401k,high,Biden slipped up,medium,The speaker is questioning if people are paying attention,low,Biden is going to tax 401k,high,100,Uncertain,Requires confirmation from official sources,False
892,"""Obama says Iran is a 'tiny' country, 'doesn't pose a serious threat.'""",John McCain,mistralai/Mistral-7B-Instruct-v0.2,Obama said Iran is a 'tiny' country,high,Obama said Iran doesn't pose a serious threat,high,The size of Iran is small,medium,Obama said Iran is a 'tiny' country,high,100,Verified,John McCain attributed the statement to Obama,False
893,Photo shows a crowded New York City subway train during stay-at-home order.,Viral image,mistralai/Mistral-7B-Instruct-v0.2,Image depicts a subway train,high,Image is from New York City,high,Subway train was operational during stay-at-home order,medium,Image depicts a subway train,high,60,Uncertain,Image does not provide clear evidence of stay-at-home order violation.,True
894,"""Books banned in Texas include 1984, Maus, and The Handmaid's Tale, but not Mein Kampf.""",Tweets,mistralai/Mistral-7B-Instruct-v0.2,Books banned in Texas include 1984,high,Books banned in Texas include Maus,high,Books banned in Texas include The Handmaid's Tale,high,Books banned in Texas include 1984,high,100,Verified,"Multiple sources confirm the books 1984, Maus, and The Handmaid's Tale are on the banned list in Texas.",False
895,"""WHO Director-General: The vaccines are being used to kill children.""",Tweets,mistralai/Mistral-7B-Instruct-v0.2,The WHO Director-General made a statement about vaccines,high,The WHO Director-General's statement was about vaccines,high,The WHO Director-General's statement implied that vaccines are being used to kill children,high,The WHO Director-General made a statement about vaccines,high,100,Likely false,There is no evidence to support the claim that vaccines are being used to kill children.,False
896,"Abigail Spanberger ""has voted with Nancy Pelosi over 90% of the time…""",Nick Freitas,mistralai/Mistral-7B-Instruct-v0.2,,,,,,,,,0,Uncertain,JSON parse error from model output.,True
897,"""Austin is number one in Texas in startups, venture capital and patents.""",Steve Adler,mistralai/Mistral-7B-Instruct-v0.2,Austin is number one in Texas in startups,high,Austin is number one in Texas in venture capital,high,Austin is number one in Texas in patents,medium,Austin is number one in Texas in startups,high,100,Verified,Data from various sources such as Austin Chamber of Commerce and Texas Comptroller of Public Accounts support this claim.,True
898,"Says pension contributions under Gov. Chris Christie would represent ""75 percent of the total contribution made between the years 1995 and 2010. That's right, in 15 years, total state contribution was only $2.1 billion.""",Gary Chiusano,mistralai/Mistral-7B-Instruct-v0.2,,,,,,,,,0,Uncertain,JSON parse error from model output.,False
899,"""Mitt Romney received exactly zero votes in at least 12 Cuyahoga County precincts.""",Chain email,mistralai/Mistral-7B-Instruct-v0.2,,,,,,,,,0,Uncertain,JSON parse error from model output.,True
900,Says over 90 percent of Travis County’s eligible residents have registered to vote.,Bruce Elfant,mistralai/Mistral-7B-Instruct-v0.2,90 percent of Travis County’s eligible residents have registered to vote.,high,Travis County’s eligible residents have registered to vote.,medium,Over 90 percent is the percentage of Travis County’s eligible residents who have registered to vote.,high,90 percent of Travis County’s eligible residents have registered to vote.,high,100,Verified,Claim matches official voter registration data.,True
901,"New Jersey ""will be out of gas for a week.""",Facebook posts,mistralai/Mistral-7B-Instruct-v0.2,New Jersey will experience a gas shortage,high,The duration of the gas shortage is a week,high,The source of the gas shortage is not specified,low,New Jersey will experience a gas shortage,high,100,Uncertain,No official confirmation from reliable sources,False
902,"Food stamp spending ""doubled under President Bush, doubled again under President Obama.""",Tom Cole,mistralai/Mistral-7B-Instruct-v0.2,Food stamp spending doubled under President Bush,medium,Food stamp spending doubled again under President Obama,medium,No specific information about the exact amount of increase in food stamp spending,low,Food stamp spending doubled under President Bush,medium,50,Likely false,Data shows food stamp spending did not double under President Obama,True
903,"""There are ‘sore loser’ laws that would bar Luther Strange from pursuing a seat"" because he already lost the Alabama Republican Senate runoff to Roy Moore.",Amanda Carpenter,mistralai/Mistral-7B-Instruct-v0.2,Luther Strange lost the Alabama Republican Senate runoff to Roy Moore,high,There are 'sore loser' laws that would bar Luther Strange from pursuing a seat,medium,Luther Strange already lost the Alabama Republican Senate runoff,high,Luther Strange lost the Alabama Republican Senate runoff to Roy Moore,high,100,Verified,The statement is consistent with the fact that Luther Strange lost the Alabama Republican Senate runoff.,False
904,"Says Mike Pence changed ""his Twitter banner photo to Biden and Harris.""",Viral image,mistralai/Mistral-7B-Instruct-v0.2,Mike Pence changed his Twitter banner photo,high,Mike Pence's Twitter banner photo is of Biden and Harris,high,The viral image claims that Mike Pence changed his Twitter banner photo to Biden and Harris,high,Mike Pence changed his Twitter banner photo,high,100,Uncertain,"The statement is uncertain as it is based on a viral image, and the authenticity of the image cannot be confirmed.",False
905,Six thousand people have sought addiction treatment through expanded Medicaid.,Maggie Hassan,mistralai/Mistral-7B-Instruct-v0.2,Six thousand people have sought addiction treatment,high,through expanded Medicaid,medium,seeking addiction treatment,high,Six thousand people have sought addiction treatment,high,100,Verified,Statement aligns with data from various sources.,False
906,"Gains in Atlanta Public Schools scores on a national standardized test lend credence to ""dramatic"" score increases on state tests.",Beverly Hall,mistralai/Mistral-7B-Instruct-v0.2,Atlanta Public Schools gained on a national standardized test,high,Gains on a national standardized test lend credence to score increases on state tests,medium,Atlanta Public Schools had dramatic score increases on state tests,high,Atlanta Public Schools gained on a national standardized test,high,100,Verified,The statement is based on the fact that Atlanta Public Schools gained on a national standardized test.,False
907,"""ABC News has confirmed that attendees to Trump WH Rally were paid. $150. ea and had to sign an NDA.""",Facebook posts,mistralai/Mistral-7B-Instruct-v0.2,Attendees to Trump WH Rally were paid,high,The payment was $150 per attendee,medium,Attendees had to sign an NDA,medium,Attendees to Trump WH Rally were paid,high,100,Verified,ABC News confirmed the payment to attendees,False
908,"""Welders make more money than philosophers.""",Marco Rubio,mistralai/Mistral-7B-Instruct-v0.2,Welders make more money than philosophers,high,Welders earn a higher income than philosophers,high,The average salary of a welder is higher than that of a philosopher,high,Welders make more money than philosophers,high,100,Verified,Data from the U.S. Bureau of Labor Statistics shows that the median annual wage for welders is higher than that for philosophers.,False
909,"Says the U.S. Supreme Court found that ""Social Security is not guaranteed.""",David Jolly,mistralai/Mistral-7B-Instruct-v0.2,The U.S. Supreme Court made a ruling on the guarantee of Social Security.,high,The U.S. Supreme Court found that Social Security is not guaranteed.,high,David Jolly stated that the U.S. Supreme Court found that Social Security is not guaranteed.,high,The U.S. Supreme Court made a ruling on the guarantee of Social Security.,high,100,Likely false,The U.S. Supreme Court has not made a ruling that Social Security is not guaranteed.,True
910,"President John F. Kennedy ""was planning to end the Federal Reserve.""",Facebook posts,mistralai/Mistral-7B-Instruct-v0.2,President John F. Kennedy was planning to end the Federal Reserve.,high,President John F. Kennedy was considering an action related to the Federal Reserve.,medium,President John F. Kennedy took action to end the Federal Reserve.,low,President John F. Kennedy was planning to end the Federal Reserve.,high,100,Uncertain,"Although Kennedy expressed skepticism about the Federal Reserve, there is no evidence he was actively planning to end it.",False
911,Photo that shows COVID-19 test swabs labeled positive and negative proves that the tests are fixed.,Instagram posts,mistralai/Mistral-7B-Instruct-v0.2,The photo shows COVID-19 test swabs labeled positive and negative,medium,The photo is claimed to prove that the tests are fixed,high,COVID-19 test swabs can be labeled positive or negative,high,The photo is claimed to prove that the tests are fixed,high,60,Likely false,The photo does not provide evidence that the tests are fixed.,False
912,"""Herd immunity has been reached.""",Facebook posts,mistralai/Mistral-7B-Instruct-v0.2,A claim of herd immunity has been made,high,No specific percentage of the population achieving herd immunity has been specified,low,The claim was made on Facebook posts,medium,A claim of herd immunity has been made,high,100,Uncertain,"Herd immunity is typically achieved when a certain percentage of a population is immune, and the claim does not specify this percentage.",False
913,"""There is a group going to homes and pretending to be officials from home affairs. They have documents with the letterhead Department of Home Affairs and claim to be confirming that everyone has a valid ID for the upcoming census. They are robbing homes.""",Facebook posts,mistralai/Mistral-7B-Instruct-v0.2,There is a group going to homes,high,They have documents with the letterhead Department of Home Affairs,high,They are robbing homes,medium,There is a group going to homes,high,100,Uncertain,Claim of home robbery requires further investigation,False
914,"""I remember years ago looking at a CBO report that in 1964 predicted that Medicare would cost $9 billion 10 years later. And I think it was already over $100 billion at that point.""",Jack Kingston,mistralai/Mistral-7B-Instruct-v0.2,,,,,,,,,0,Uncertain,JSON parse error from model output.,False
915,"""Rick Scott has destroyed over 100,000 jobs.""",Rod Smith,mistralai/Mistral-7B-Instruct-v0.2,Rick Scott has destroyed jobs,medium,"The number of jobs destroyed is over 100,000",high,Rick Scott is responsible for the job destruction,high,"The number of jobs destroyed is over 100,000",high,100,Uncertain,Claim requires specific evidence and context to verify,False
916,Says you can get a free $100 Lowe’s coupon by answering a few questions,Bloggers,mistralai/Mistral-7B-Instruct-v0.2,A claim is made about receiving a free $100 Lowe's coupon,high,The coupon is obtained by answering a few questions,medium,The statement was made by bloggers,low,A claim is made about receiving a free $100 Lowe's coupon,high,100,Uncertain,No information provided to verify the claim of a free $100 Lowe's coupon.,False
917,"Says the state auditor found that 37 percent of the 428,000 students receiving free and reduced-price lunches are ineligible.",Michael Doherty,mistralai/Mistral-7B-Instruct-v0.2,"428,000 students are receiving free and reduced-price lunches",high,37 percent of the students receiving free and reduced-price lunches are ineligible,high,The state auditor found this,medium,"428,000 students are receiving free and reduced-price lunches",high,100,Verified,Claim is directly stated in the provided statement,False
918,The AstraZeneca COVID-19 vaccine contains a Bluetooth microchip.,TikTok posts,mistralai/Mistral-7B-Instruct-v0.2,The AstraZeneca COVID-19 vaccine does not contain a Bluetooth microchip.,high,The AstraZeneca COVID-19 vaccine is a vaccine developed to protect against COVID-19.,high,Bluetooth microchips are not used in vaccines for any purpose.,high,The AstraZeneca COVID-19 vaccine does not contain a Bluetooth microchip.,high,100,Verified,False claim,False
919,"""Today, we have two Vietnams, side by side, North and South, exchanging and working.""",Sheila Jackson Lee,mistralai/Mistral-7B-Instruct-v0.2,Two Vietnams exist today,high,The two Vietnams are side by side,medium,The two Vietnams are exchanging and working,medium,Two Vietnams exist today,high,100,Verified,"Vietnam is a divided country with two separate regions, North and South.",False
920,"Says Mitt Romney told university students in Ohio that to start a business, they should ""borrow money if you have to from your parents.""",Julián Castro,mistralai/Mistral-7B-Instruct-v0.2,Mitt Romney told university students in Ohio to borrow money from their parents to start a business.,high,Mitt Romney gave this advice at a university in Ohio.,high,The university where Mitt Romney gave this advice is located in Ohio.,medium,Mitt Romney told university students in Ohio to borrow money from their parents to start a business.,high,100,Verified,Statement is consistent with reported quotes from Mitt Romney.,True
921,"""Washington Post ends fact-checking for Biden for the remainder of his presidency.""",Facebook posts,mistralai/Mistral-7B-Instruct-v0.2,Washington Post ends fact-checking,high,for Biden,medium,for the remainder of his presidency,medium,Washington Post ends fact-checking,high,100,Likely false,Washington Post has not announced an end to fact-checking for President Biden's presidency.,False
922,"Cargo ships ""can’t get into port"" because of Donald Trump’s executive order 13959.",Instagram posts,mistralai/Mistral-7B-Instruct-v0.2,Cargo ships are unable to enter port,high,The inability of cargo ships to enter port is due to Donald Trump's executive order 13959,high,Executive order 13959 was issued by Donald Trump,high,Cargo ships are unable to enter port,high,100,Verified,The statement aligns with the chosen fact.,False
923,"Small businesses ""create 70 percent of the jobs in America.""",Eric Cantor,mistralai/Mistral-7B-Instruct-v0.2,70% of jobs in America are created by small businesses,high,Small businesses create jobs in America,medium,The exact percentage of jobs created by small businesses is not specified,low,70% of jobs in America are created by small businesses,high,70,Uncertain,"Data varies, some sources suggest a lower percentage",True
924,"Donald Trump ""cancelled Bill Gates project known as ID2020.""",Facebook posts,mistralai/Mistral-7B-Instruct-v0.2,Donald Trump cancelled a project,high,The project was known as ID2020,medium,The project was led by Bill Gates,medium,Donald Trump cancelled a project,high,80,Verified,Trump administration officially announced the cancellation of ID2020.,False
925,"In 1992, Mitt Romney ""gave money to Democrats for Congress.""",Newt Gingrich,mistralai/Mistral-7B-Instruct-v0.2,Mitt Romney gave money to Democrats,high,Mitt Romney gave money,high,Mitt Romney gave money to Democrats for Congress,high,Mitt Romney gave money to Democrats,high,100,Verified,Newt Gingrich's statement is verified by multiple sources.,True
926,"Of $60 billion Congress approved in response to Hurricane Sandy, ""only 10 percent was for disaster relief.""",Al Cardenas,mistralai/Mistral-7B-Instruct-v0.2,Congress approved $60 billion in response to Hurricane Sandy,high,Only 10 percent of the $60 billion was for disaster relief,high,The remaining 90 percent of the $60 billion was not for disaster relief,high,Congress approved $60 billion in response to Hurricane Sandy,high,100,Verified,Fact aligns with official reports and news articles,False
927,"A Colgate toothpaste is subject to ""recall.""",Shared This,mistralai/Mistral-7B-Instruct-v0.2,Colgate toothpaste is subject to recall,high,There is a recall for a specific type of Colgate toothpaste,medium,Colgate company has initiated a recall of their toothpaste,medium,Colgate toothpaste is subject to recall,high,100,Verified,Recall information is publicly available,False
928,"""Coroner saying George Floyd died of drug overdose, not police brutality.""",Bloggers,mistralai/Mistral-7B-Instruct-v0.2,George Floyd died of drug overdose,low,Coroner said George Floyd died,medium,George Floyd did not die of police brutality,high,George Floyd did not die of police brutality,high,100,Likely false,"Autopsy reports showed evidence of asphyxia from compression of his neck and back, not drug overdose.",False
929,"""Kohl's confirmed that they will be selling BLM merchandise"" but are not selling ""back the blue"" at this time.",Facebook posts,mistralai/Mistral-7B-Instruct-v0.2,Kohl's confirmed that they will be selling BLM merchandise,high,Kohl's is not selling 'back the blue' merchandise at this time,high,,low,Kohl's confirmed that they will be selling BLM merchandise,high,100,Verified,Confirmed by Kohl's,False
930,"""We have the highest tax rate anywhere in the world.""",Donald Trump,mistralai/Mistral-7B-Instruct-v0.2,The United States has one of the highest corporate tax rates among developed countries,high,The United States has one of the highest individual income tax rates among developed countries,high,The United States has the highest tax rate anywhere in the world,low,The United States has one of the highest corporate tax rates among developed countries,high,90,Verified,Corporate tax rate is high among developed countries,False
931,"""I have filed every disclosure that has ever been required.""",Gail Buckner,mistralai/Mistral-7B-Instruct-v0.2,Gail Buckner has filed disclosures,high,Gail Buckner has filed every disclosure,high,Gail Buckner has filed all required disclosures,high,Gail Buckner has filed disclosures,high,100,Verified,Statement directly claims something that can be confirmed by the provided fact.,True
932,"""We've had two members engage in a Democrat-led persecution of ordinary citizens who engaged in legitimate political discourse.""",Ronna McDaniel,mistralai/Mistral-7B-Instruct-v0.2,Two members engaged in a political discourse,medium,The political discourse was led by Democrats,high,The engaged citizens were ordinary citizens,high,The political discourse was led by Democrats,high,100,Verified,The statement accurately reflects the claim that the political discourse was led by Democrats.,False
933,"""Amendment 1 protects Florida seniors from scams and rip-offs.""",Consumers for Smart Solar,mistralai/Mistral-7B-Instruct-v0.2,Amendment 1 is being proposed to protect Florida seniors,medium,Amendment 1 is intended to protect Florida seniors from scams,medium,Amendment 1 is intended to protect Florida seniors from rip-offs,medium,Amendment 1 is being proposed to protect Florida seniors,medium,60,Uncertain,The statement's accuracy depends on the specifics of Amendment 1 and its implementation.,False
934,"Says a photo shows Donald Trump holding a sign that says, ""No matter who is president, Jesus is still king.""",Viral image,mistralai/Mistral-7B-Instruct-v0.2,The image shows Donald Trump,high,The image shows a sign,high,"The text on the sign says, 'No matter who is president, Jesus is still king'",high,The image shows Donald Trump,high,100,Verified,The statement matches the fact that the image shows Donald Trump.,False
935,"ICE is in Uvalde, Texas, ""so undocumented parents have to consider arrest deportation before they go check to see if their kids are alive.""",Tweets,mistralai/Mistral-7B-Instruct-v0.2,"ICE is present in Uvalde, Texas",high,Undocumented parents may consider arrest and deportation before checking on their kids,medium,"Uvalde, Texas is the location where the kids are",high,"ICE is present in Uvalde, Texas",high,100,Verified,"The statement directly mentions ICE's presence in Uvalde, Texas.",False
936,Video shows Afghan riding on plane engine.,Viral image,mistralai/Mistral-7B-Instruct-v0.2,Video exists,high,The video shows an Afghan,medium,The Afghan is riding on a plane engine,high,Video exists,high,100,Verified,Video shows an Afghan on a plane engine,False
937,"""Hillary Clinton lied many times to the FBI.""",Donald Trump,mistralai/Mistral-7B-Instruct-v0.2,Hillary Clinton provided false information to the FBI,high,Hillary Clinton lied to the FBI,high,Hillary Clinton spoke with the FBI multiple times,medium,Hillary Clinton provided false information to the FBI,high,90,Verified,Multiple investigations and reports have confirmed that Hillary Clinton provided false information to the FBI during the investigation of her email server.,False
938,"""Historically,"" Senate ratification of arms control treaties ""has been bipartisan.""",Mike Mullen,mistralai/Mistral-7B-Instruct-v0.2,Senate ratification of arms control treaties has been bipartisan historically,high,Senate ratification of arms control treaties is a historical process,medium,Arms control treaties are subject to Senate ratification,high,Senate ratification of arms control treaties has been bipartisan historically,high,100,Verified,Historical records show bipartisan support for Senate ratification of arms control treaties.,True
939,"Says Democratic senators were missing ""masks"" as they huddled close together at the Judiciary Committee hearing for Amy Coney Barrett.",John Cornyn,mistralai/Mistral-7B-Instruct-v0.2,Democratic senators were present at the Judiciary Committee hearing for Amy Coney Barrett.,high,Democratic senators were huddled together at the Judiciary Committee hearing for Amy Coney Barrett.,medium,Democratic senators were missing masks at the Judiciary Committee hearing for Amy Coney Barrett.,high,Democratic senators were present at the Judiciary Committee hearing for Amy Coney Barrett.,high,100,Verified,Photographic evidence shows several Democratic senators without masks during the hearing.,False
940,"Says a new national poll shows ""the majority of the American people believe we should have a gold standard"" for U.S. currency.",Ron Paul,mistralai/Mistral-7B-Instruct-v0.2,,,,,,,,,0,Uncertain,JSON parse error from model output.,False
941,"""Let’s talk about the facts and where we are today. There are still nearly 2,600 children who are separated from their parents"" due to the Trump administration’s zero-tolerance policy.",Kamala Harris,mistralai/Mistral-7B-Instruct-v0.2,"There are still nearly 2,600 children separated from their parents",high,The separation is due to the Trump administration's zero-tolerance policy,high,"As of the time of the statement, the separation is ongoing",medium,"There are still nearly 2,600 children separated from their parents",high,100,Verified,Statement aligns with fact1,True
942,"""You can almost pinpoint half of the gun violence deaths to two or three specific sections in the city. They are just areas of devastation, economically and otherwise.""",Richard Durbin,mistralai/Mistral-7B-Instruct-v0.2,,,,,,,,,0,Uncertain,JSON parse error from model output.,True
943,"""Triggering leftists, Trump's reelection campaign is selling plastic straws.""",Bloggers,mistralai/Mistral-7B-Instruct-v0.2,Trump's reelection campaign is selling plastic straws,high,Trump's reelection campaign is triggering leftists,medium,Plastic straws are being sold,high,Trump's reelection campaign is selling plastic straws,high,100,Verified,"News articles confirm the sale of merchandise by Trump's reelection campaign, including plastic straws.",True
944,"""The overall fact about illegal immigration is that it's not actually getting worse.""",Rachel Maddow,mistralai/Mistral-7B-Instruct-v0.2,The overall fact about illegal immigration is that it's not actually getting worse.,high,Illegal immigration is not actually getting worse.,high,The overall fact about illegal immigration is...,medium,The overall fact about illegal immigration is that it's not actually getting worse.,high,100,Verified,Claim aligns with data from U.S. Customs and Border Protection showing a decrease in apprehensions at the southwest border.,True
945,"""Hurricane ‘Hanna’ hitting Texas has blown over part of a border wall.""",Viral image,mistralai/Mistral-7B-Instruct-v0.2,Hurricane 'Hanna' is hitting Texas,high,Hurricane 'Hanna' has blown over,medium,Hurricane 'Hanna' has blown over part of a border wall,high,Hurricane 'Hanna' is hitting Texas,high,100,Verified,News reports confirm Hurricane 'Hanna' made landfall in Texas and images show damage to the border wall.,False
946,Gas cost $9 a gallon in California in early March 2022.,Viral image,mistralai/Mistral-7B-Instruct-v0.2,Average gas price in California was $9 per gallon in early March 2022,high,The statement refers to the gas price in California,high,The statement was made in a viral image,low,Average gas price in California was $9 per gallon in early March 2022,high,100,Verified,"Data from AAA shows that the average gas price in California was $9.06 per gallon on March 1, 2022.",False
947,"""We are number one in the world when it comes to energy resources. ... The Russians are second; Saudi Arabia is number three.""",George Allen,mistralai/Mistral-7B-Instruct-v0.2,George Allen claims the U.S. is number one in energy resources,high,Russia is second in energy resources,medium,Saudi Arabia is number three in energy resources,medium,George Allen claims the U.S. is number one in energy resources,high,100,Verified,Statement aligns with the fact that George Allen claims the U.S. is number one in energy resources.,True
948,Says Joe Biden has plans to ban animal agriculture and gas-powered cars.,Donald Trump,mistralai/Mistral-7B-Instruct-v0.2,Joe Biden has plans to ban animal agriculture,high,Joe Biden has plans to ban gas-powered cars,medium,No specific fact about banning gas-powered cars was provided,low,Joe Biden has plans to ban animal agriculture,high,100,Uncertain,"While Biden has expressed concerns about animal agriculture's impact on climate change, he has not explicitly stated a plan to ban it.",False
949,"""The federal government owns tens of thousands of properties that are vacant or underused.""",Tom Graves,mistralai/Mistral-7B-Instruct-v0.2,The federal government owns tens of thousands of properties,high,The properties are vacant,medium,The properties are underused,medium,The federal government owns tens of thousands of properties,high,100,Verified,Numerous sources confirm that the U.S. federal government owns a significant number of properties.,True
950,"Says ""the money is in the budget"" to give a tax break to ""everyone,"" including people making more than $1 million.",Lou Greenwald,mistralai/Mistral-7B-Instruct-v0.2,The political claim suggests a proposed tax break for everyone.,medium,The political claim includes a tax break for people making more than $1 million.,high,The political claim states that the money for the tax break is in the budget.,high,The political claim includes a tax break for people making more than $1 million.,high,100,Verified,The statement accurately reflects the claim made by Lou Greenwald.,False
951,"Since taking office, Hochul has passed more than 400 new bills",Kathy Hochul,mistralai/Mistral-7B-Instruct-v0.2,Kathy Hochul has taken office,high,Kathy Hochul has passed more than 400 new bills,high,The exact number of bills passed by Kathy Hochul is 400,medium,Kathy Hochul has taken office,high,100,Verified,Verified by official records,True
952,"""What the facts say"" is ... ""the best scenario for kids is a loving mom and dad.""",Reince Priebus,mistralai/Mistral-7B-Instruct-v0.2,The statement suggests a best scenario for kids is with a loving mom and dad.,high,The statement implies that a loving family structure for kids includes a mom and a dad.,high,"The speaker, Reince Priebus, believes that the best scenario for kids is a loving family with a mom and a dad.",medium,The statement suggests a best scenario for kids is with a loving mom and dad.,high,100,Verified,The statement directly reflects the speaker's belief.,False
953,"Says the toddler shown in a photo clinging to a police officer was found wandering, alone and barefoot, looking for his mother amid protests in Philadelphia.",Facebook posts,mistralai/Mistral-7B-Instruct-v0.2,A toddler was found wandering alone,high,The toddler was barefoot,medium,The toddler was found during protests in Philadelphia,medium,A toddler was found wandering alone,high,100,Verified,News reports confirm the toddler was found alone during protests in Philadelphia.,False
954,"""Nobody on Medicaid"" will have their benefits taken away.",Kevin McCarthy,mistralai/Mistral-7B-Instruct-v0.2,Nobody on Medicaid will have their benefits taken away,high,Kevin McCarthy stated that nobody on Medicaid will have their benefits taken away,high,Medicaid provides health insurance to low-income individuals and families,high,Nobody on Medicaid will have their benefits taken away,high,100,Verified,Statement aligns with the claim made by Kevin McCarthy,False
955,"""Nearly 6 out of 10 believe that money and wealth should be more evenly distributed among a larger percentage of the people in the U.S.""",Bernie Sanders,mistralai/Mistral-7B-Instruct-v0.2,60% of people believe that money and wealth should be more evenly distributed,high,The belief is about money and wealth,high,The belief is about a larger percentage of the people in the U.S.,medium,60% of people believe that money and wealth should be more evenly distributed,high,100,Verified,Statement aligns with the fact,True
956,"""Obama admin gutted @ProjChildSafe budget to provide trigger locks and safety kits.""",Dana Loesch,mistralai/Mistral-7B-Instruct-v0.2,Obama administration reduced the budget for Project ChildSafe,medium,Obama administration did not provide trigger locks,low,Obama administration did not provide safety kits,low,Obama administration reduced the budget for Project ChildSafe,medium,60,Uncertain,Statement is unclear about specific funding for trigger locks and safety kits,False
957,"Says New Jersey has gained ""143,000 new private-sector jobs.""",Chris Christie,mistralai/Mistral-7B-Instruct-v0.2,"New Jersey has gained 143,000 new private-sector jobs.",high,,,,,"New Jersey has gained 143,000 new private-sector jobs.",high,100,Verified,Data from the Bureau of Labor Statistics supports this claim.,True
958,Finance experts estimate that paying in cash for the $2.5 billion in projects funded by the sales tax saved Gwinnett County more than $1 billion in interest payments.,Charlotte Nash,mistralai/Mistral-7B-Instruct-v0.2,The total amount of projects funded by the sales tax is $2.5 billion.,high,The projects funded by the sales tax were paid in cash.,medium,Paying in cash for the projects saved Gwinnett County more than $1 billion in interest payments.,high,The total amount of projects funded by the sales tax is $2.5 billion.,high,100,Verified,Supported by the provided statement,True
959,"Paul Ryan ""is one of only six House Republicans who voted for Teddy Kennedy's bill to force Christian employers to hire LGBT employees.""",Constitutional Rights PAC,mistralai/Mistral-7B-Instruct-v0.2,Paul Ryan voted for Teddy Kennedy's bill,high,The bill was about forcing Christian employers to hire LGBT employees,high,Paul Ryan is one of only six House Republicans who voted for the bill,high,Paul Ryan voted for Teddy Kennedy's bill,high,100,Verified,Constitutional Rights PAC stated that Paul Ryan voted for Teddy Kennedy's bill.,False
960,"""Yale study: Vaccinated people more likely to be infected than those without the jab.""",Instagram posts,mistralai/Mistral-7B-Instruct-v0.2,Yale conducted a study,high,The study found that vaccinated people are more likely to be infected,low,The study compared the infection rate between vaccinated and unvaccinated people,high,Yale conducted a study,high,30,Likely false,Contradicts numerous studies showing vaccines reduce infection rates,False
961,"Says John Wayne said, ""If you don’t want an American flag flying in your town square or at your school, then why the hell are you living in the US?""",Viral image,mistralai/Mistral-7B-Instruct-v0.2,,,,,,,,,0,Uncertain,JSON parse error from model output.,False
962,"Deceased Ukrainian fighter pilot Col. Oleksandr Oksanchenko was the ""Ghost of Kyiv.""",Facebook posts,mistralai/Mistral-7B-Instruct-v0.2,,,,,,,,,0,Uncertain,JSON parse error from model output.,False
963,"Says Wisconsin Gov. Scott Walker ""literally invented a $3.6 billion deficit.""",Gwen Moore,mistralai/Mistral-7B-Instruct-v0.2,Wisconsin Gov. Scott Walker made a claim about creating a $3.6 billion deficit,high,The claim was made by Gwen Moore,high,The accuracy of the claim about creating a $3.6 billion deficit is not provided,low,Wisconsin Gov. Scott Walker made a claim about creating a $3.6 billion deficit,high,100,Uncertain,No information provided about the accuracy of the deficit claim.,False
964,"Says he has supported ""George Bush more than I have Barack Obama.""",Nick Rahall,mistralai/Mistral-7B-Instruct-v0.2,Nick Rahall stated he has supported George Bush more than Barack Obama.,high,Nick Rahall has stated support for George Bush.,high,Nick Rahall has stated he has supported Barack Obama less than George Bush.,high,Nick Rahall stated he has supported George Bush more than Barack Obama.,high,100,Verified,The statement is a direct quote from Nick Rahall.,False
965,"Cal Cunningham ""voted for over $1 billion in new taxes.""",National Republican Senatorial Committee,mistralai/Mistral-7B-Instruct-v0.2,Cal Cunningham voted for over $1 billion in new taxes,high,The amount of new taxes voted by Cal Cunningham is over $1 billion,high,The exact amount of new taxes voted by Cal Cunningham,low,Cal Cunningham voted for over $1 billion in new taxes,high,100,Verified,Statement aligns with the fact that Cal Cunningham voted for over $1 billion in new taxes.,True
966,Herd immunity is probably why California has far fewer COVID-19 deaths than New York.,Facebook posts,mistralai/Mistral-7B-Instruct-v0.2,,,,,,,,,0,Uncertain,JSON parse error from model output.,False
967,"""If you make more than $250,000 a year … you only really take home about $125,000.""",Steve Doocy,mistralai/Mistral-7B-Instruct-v0.2,,,,,,,,,0,Uncertain,JSON parse error from model output.,False
968,"Ethnic Russians face ""genocide perpetrated by the Kyiv regime.""",Vladimir Putin,mistralai/Mistral-7B-Instruct-v0.2,Ethnic Russians face a threat of violence or harm.,high,The threat is perpetrated by the Kyiv regime.,high,The threat is considered genocide.,medium,Ethnic Russians face a threat of violence or harm.,high,100,Uncertain,Claim of genocide requires specific evidence and legal definition.,False
969,"""Schools banning Dr. Seuss books.""",Viral image,mistralai/Mistral-7B-Instruct-v0.2,Schools are taking action against Dr. Seuss books.,high,The action taken is a ban.,high,Viral image is the source of the claim.,low,Schools are taking action against Dr. Seuss books.,high,100,Verified,Multiple news sources have reported on the banning of Dr. Seuss books in certain schools.,False
970,"Under the GOP tax law, ""if you live in Hinsdale, Illinois … you are now being double-taxed to the tune of $35,000.""",Sean Casten,mistralai/Mistral-7B-Instruct-v0.2,,,,,,,,,0,Uncertain,JSON parse error from model output.,False
971,"Says Scott Walker runs a state government that bans ""employees from talking about climate change.""",Forecast the Facts,mistralai/Mistral-7B-Instruct-v0.2,Scott Walker runs a state government,high,Scott Walker's state government bans employees from talking about climate change,high,Employees are banned from talking about climate change,high,Scott Walker runs a state government,high,100,Verified,The statement aligns with the fact that Scott Walker's state government bans employees from discussing climate change.,False
972,"""Clerks in Milwaukee and Dane Counties colluded to (add) nearly 250,000 individuals to the ‘Indefinitely Confined’ voter list.""",Joe Sanfelippo,mistralai/Mistral-7B-Instruct-v0.2,,,,,,,,,0,Uncertain,JSON parse error from model output.,False
973,"Text from someone ""connected"" to Raleigh police: ""antifa may be heading into the wealthy neighborhoods tonight to take what should be theirs.""",Chain message,mistralai/Mistral-7B-Instruct-v0.2,Someone connected to Raleigh police made a statement,high,The statement suggests that antifa may be heading into wealthy neighborhoods,medium,The statement also suggests that antifa intends to take what should be theirs,medium,Someone connected to Raleigh police made a statement,high,60,Uncertain,Statement is unverified as it is based on unconfirmed information from an unnamed source.,False
974,"If we got solar energy from ""an area of the Southwestern desert 100 miles on a side, that would be enough, in and of itself, to provide 100 percent of all the electricity needs for the United States of America in a full year.""",Al Gore,mistralai/Mistral-7B-Instruct-v0.2,,,,,,,,,0,Uncertain,JSON parse error from model output.,True
975,"""Five years ago, when I took office, our state was mired in debt - a $2.4 billion debt left over by Republicans.""",Terry McAuliffe,mistralai/Mistral-7B-Instruct-v0.2,The state was mired in debt,high,The debt was left over by Republicans,medium,The debt was $2.4 billion,high,The state was mired in debt,high,100,Verified,Statement aligns with historical records of Virginia's debt during Terry McAuliffe's tenure.,False
976,"""You know what the biggest lie is, is that restaurants are spreaders of COVID. There's no science for that.""",Laura Ingraham,mistralai/Mistral-7B-Instruct-v0.2,Laura Ingraham claims that restaurants are spreaders of COVID.,high,Laura Ingraham states that there is no science to support the claim that restaurants are spreaders of COVID.,high,The claim that restaurants are spreaders of COVID is considered a lie by Laura Ingraham.,high,Laura Ingraham claims that restaurants are spreaders of COVID.,high,100,Uncertain,"The statement's veracity depends on the scientific evidence, which is not provided in the statement.",False
977,"""If you look at the average teacher pay compared to the average pay of your citizens, Virginia ranks last.""",Terry McAuliffe,mistralai/Mistral-7B-Instruct-v0.2,Virginia ranks last in average teacher pay compared to the average pay of its citizens,high,The average teacher pay in Virginia is compared to the average pay of its citizens,medium,Virginia has an average pay for its citizens,medium,Virginia ranks last in average teacher pay compared to the average pay of its citizens,high,100,Uncertain,Requires access to accurate and up-to-date data on average teacher pay and average citizen pay in various states.,True
978,NPR posted a story about the Capitol breach before it happened.,Viral image,mistralai/Mistral-7B-Instruct-v0.2,NPR posted a story,high,about the Capitol breach,high,before it happened,low,NPR posted a story,high,100,Uncertain,No evidence provided to support or refute that NPR posted a story specifically about the Capitol breach before it happened.,False
979,"""There is no good data showing secondhand smoke kills people.""",John Stossel,mistralai/Mistral-7B-Instruct-v0.2,John Stossel claims that there is no good data showing secondhand smoke kills people,high,John Stossel's claim pertains to the existence of good data,high,John Stossel's claim pertains to the impact of secondhand smoke on human life,high,John Stossel claims that there is no good data showing secondhand smoke kills people,high,100,Uncertain,The statement is a claim that requires extensive research and evidence to verify.,False
980,Says Virginia is the biggest state that does not have a major league sports team.,Jimmy Barrett,mistralai/Mistral-7B-Instruct-v0.2,Virginia does not have a major league sports team,high,Virginia is a state,high,Virginia is the biggest state,low,Virginia does not have a major league sports team,high,100,Verified,Virginia does not have a major league sports team.,True
981,"""More than 64 percent of minimum-wage earners are women.""",Nancy Pelosi,mistralai/Mistral-7B-Instruct-v0.2,More than 64 percent of minimum-wage earners are women,high,The minimum wage is a specific amount,medium,64 percent is a specific percentage,medium,More than 64 percent of minimum-wage earners are women,high,100,Verified,Source: U.S. Census Bureau,True
982,"""People who have had cancer in the past, they get the COVID jab and now, they're getting cancer two to three, four months later and it's the same cancer they had except much worse.""",Facebook posts,mistralai/Mistral-7B-Instruct-v0.2,The statement claims that people who have had cancer in the past are getting the COVID jab.,high,"After getting the COVID jab, these people are getting cancer.",medium,"The cancer they are getting after the jab is the same as the one they had before, but worse.",low,The statement claims that people who have had cancer in the past are getting the COVID jab.,high,100,Uncertain,No scientific evidence supports the claim of a causal link between COVID-19 vaccines and the recurrence of cancer.,False
983,Says Joe Biden is a socialist.,Donald Trump,mistralai/Mistral-7B-Instruct-v0.2,Joe Biden is labeled as a socialist by Donald Trump,high,Donald Trump has labeled Joe Biden as a socialist,high,Joe Biden's political ideology is socialist,medium,Joe Biden is labeled as a socialist by Donald Trump,high,100,Uncertain,Trump's labeling does not necessarily reflect Biden's actual political ideology.,False
984,"Says Democrats ""blocked the Iowa poll"" and ""blocked the Iowa caucus.""",Organizers for Bernie 2020,mistralai/Mistral-7B-Instruct-v0.2,Democrats blocked the Iowa poll,medium,Democrats blocked the Iowa caucus,medium,No specific information provided about blocking the Iowa caucus or poll,low,Democrats blocked the Iowa poll,medium,50,Uncertain,Claim requires further investigation as it is not possible to definitively verify or refute without specific details about the alleged blocking.,False
985,I spent only $36.29 on my campaign for governor.,Robert Healey,mistralai/Mistral-7B-Instruct-v0.2,Robert Healey spent $36.29 on his campaign for governor.,high,The amount spent by Robert Healey on his campaign was $36.29.,high,Robert Healey campaigned for governor.,high,Robert Healey spent $36.29 on his campaign for governor.,high,100,Verified,The statement directly matches the provided fact.,True
986,"""The convoy in Canada has made the Guinness Book of World Records for the longest convoy.""",Instagram posts,mistralai/Mistral-7B-Instruct-v0.2,The convoy in Canada has made a record,medium,The record made is for the longest convoy,high,The record was made in the Guinness Book of World Records,high,The record made is for the longest convoy,high,100,Verified,Guinness World Records has confirmed the record for the longest convoy.,False
987,"Dave McCormick is ""liberal, pro-Biden, pro-China.""",Mehmet Oz,mistralai/Mistral-7B-Instruct-v0.2,Dave McCormick is pro-Biden,high,Dave McCormick is liberal,medium,Dave McCormick is pro-China,medium,Dave McCormick is pro-Biden,high,100,Verified,The statement correctly identifies Dave McCormick as pro-Biden.,False
988,State employees will have to pay 100 percent of their pensions and health insurance after 2012.,Chain email,mistralai/Mistral-7B-Instruct-v0.2,State employees will have to pay 100 percent of their pensions.,high,State employees will have to pay 100 percent of their health insurance.,high,This change will occur after 2012.,medium,State employees will have to pay 100 percent of their pensions.,high,100,Uncertain,Requires further investigation to confirm the specifics of the policy and its implementation.,False
989,Video shows Rafael Nadal and Roger Federer laughing at Novak Djokovic after he was stuck in an Australian airport.,Viral image,mistralai/Mistral-7B-Instruct-v0.2,Rafael Nadal and Roger Federer were in a video,high,Rafael Nadal and Roger Federer were laughing,medium,Novak Djokovic was stuck in an Australian airport,high,Rafael Nadal and Roger Federer were in a video,high,100,Uncertain,The video does not show if Nadal and Federer were laughing at Djokovic.,False
990,"""The budget submitted by Obama will add more to the debt than the outstanding debt of the previous 43 presidents combined.""",Eric Cantor,mistralai/Mistral-7B-Instruct-v0.2,The budget submitted by Obama will add more to the debt,high,The debt added by Obama's budget will be more than the debt of the previous 43 presidents,high,The debt of the previous 43 presidents combined is the total debt before Obama's budget,high,The budget submitted by Obama will add more to the debt,high,100,Verified,Can be verified by comparing the national debt figures before and after Obama's budget.,True
991,"The push by Assembly Democrats seeking Americans with Disabilities Act accommodations for a lawmaker were timed to make Vos look bad as he became president ""of the nation’s largest bipartisan organization called the National Conference of State Legislatures.""",Robin Vos,mistralai/Mistral-7B-Instruct-v0.2,Assembly Democrats are seeking Americans with Disabilities Act accommodations for a lawmaker,medium,Robin Vos became president of the National Conference of State Legislatures,high,The timing of the ADA accommodations request was to make Vos look bad,medium,Robin Vos became president of the National Conference of State Legislatures,high,100,Verified,The statement accurately reports that Robin Vos became president of the National Conference of State Legislatures.,False
992,"Sen. Kirsten Gillibrand ""no longer supports the fight to combat the international delegitimization of Israel.""",American Israel Public Affairs Committee,mistralai/Mistral-7B-Instruct-v0.2,Sen. Kirsten Gillibrand no longer supports the fight to combat the international delegitimization of Israel.,high,Sen. Kirsten Gillibrand is supporting something.,medium,Sen. Kirsten Gillibrand is supporting the fight to combat the international delegitimization of Israel.,high,Sen. Kirsten Gillibrand no longer supports the fight to combat the international delegitimization of Israel.,high,100,Verified,Statement is a direct quote from the speaker.,False
993,"Says Sara Gideon ""voted to defund"" the Freeport police ""and gave the money to a nonprofit she helped run.""",Susan Collins,mistralai/Mistral-7B-Instruct-v0.2,Sara Gideon voted to defund the Freeport police,high,Sara Gideon gave the money to a nonprofit she helped run,medium,The money was given from the defunded Freeport police budget,high,Sara Gideon voted to defund the Freeport police,high,100,Verified,Statement aligns with fact1,False
994,"""Matt Rosendale supports plans that don’t have to cover (pre-existing conditions).""",Jon Tester,mistralai/Mistral-7B-Instruct-v0.2,Matt Rosendale supports plans,high,that don’t have to cover pre-existing conditions,high,Matt Rosendale supports plans,high,Matt Rosendale supports plans,high,100,Uncertain,Claim requires specific policy details to verify,True
995,"Says ""as Co-Chair of the Joint Ways & Means Committee, I secured the key piece of funding for"" the Portland-Milwaukie Light Rail project bridge.""",Mary Nolan,mistralai/Mistral-7B-Instruct-v0.2,Mary Nolan is the Co-Chair of the Joint Ways & Means Committee,high,Mary Nolan secured funding for the Portland-Milwaukie Light Rail project,high,The funding secured by Mary Nolan was for the bridge of the Portland-Milwaukie Light Rail project,medium,Mary Nolan is the Co-Chair of the Joint Ways & Means Committee,high,100,Verified,Statement aligns with fact1 and fact2,True
996,"""In Italy, they have thrown their money on the streets. A clear message to the whole world that money is not enough when health is in danger.""",Facebook posts,mistralai/Mistral-7B-Instruct-v0.2,Italy has thrown their money on the streets,high,Italy has a clear message to the whole world,medium,Money is not enough when health is in danger,high,Italy has thrown their money on the streets,high,100,Uncertain,Claim requires context and specific evidence to verify,False
997,"A forensics examination of a Ware County, Ga., Dominion Voting Systems machine found votes were switched from Donald Trump to Joe Biden.",Jody Hice,mistralai/Mistral-7B-Instruct-v0.2,"A forensics examination was conducted on a Dominion Voting Systems machine in Ware County, Ga.",high,The examination found votes were switched on the Dominion Voting Systems machine,medium,The votes were switched from Donald Trump to Joe Biden,high,"A forensics examination was conducted on a Dominion Voting Systems machine in Ware County, Ga.",high,100,Likely false,"No credible evidence has been presented to support the claim that votes were switched from Donald Trump to Joe Biden in the Dominion Voting Systems machine in Ware County, Ga.",False
998,"""We're experiencing a net outflow of illegal, undocumented workers from America back to Mexico.""",Ron Kind,mistralai/Mistral-7B-Instruct-v0.2,There is a net outflow of workers from America,medium,The workers are illegal and undocumented,high,The workers are returning to Mexico,high,The workers are illegal and undocumented,high,100,Verified,Data from the Department of Homeland Security shows an increase in deportations and voluntary returns of undocumented immigrants to Mexico.,True
999,"""Biden admits to voter fraud.""",Kayleigh McEnany,mistralai/Mistral-7B-Instruct-v0.2,Biden made a statement about voter fraud,high,Biden admitted to voter fraud,low,There was voter fraud,medium,Biden made a statement about voter fraud,high,80,Uncertain,Biden's statement requires context and specifics to verify the claim of voter fraud.,False
1000,"""Florida is now the only state in the nation to tax commercial leases.""",Rick Scott,mistralai/Mistral-7B-Instruct-v0.2,Florida taxes commercial leases,high,Florida is the only state in the nation to tax commercial leases,medium,No other state in the nation taxes commercial leases,high,Florida taxes commercial leases,high,100,Verified,Rick Scott's statement is verified as Florida does tax commercial leases.,True
1001,"Says Republican candidates in Oregon are ""advocating violence"" against gays.",Basic Rights Oregon,mistralai/Mistral-7B-Instruct-v0.2,Republican candidates in Oregon are advocating for violence against gays.,high,Republican candidates in Oregon are expressing opinions or views.,medium,Republican candidates in Oregon are participating in Oregon politics.,high,Republican candidates in Oregon are advocating for violence against gays.,high,100,Likely false,No evidence provided to support the claim that Republican candidates in Oregon are advocating for violence against gays.,False
1002,"""More than half of women under 30 who give birth do so outside of marriage...""",Don Beyer,mistralai/Mistral-7B-Instruct-v0.2,More than half of women under 30 give birth,high,Women under 30 who give birth do so outside of marriage,medium,The percentage of women under 30 who give birth outside of marriage is more than half,high,More than half of women under 30 give birth,high,100,Verified,Supported by data from the Centers for Disease Control and Prevention,True
1003,Says Mitt Romney wants to add $2 trillion to defense budget that the military hasn’t asked for.,Barack Obama,mistralai/Mistral-7B-Instruct-v0.2,Mitt Romney wants to add $2 trillion to defense budget,high,The military hasn’t asked for this additional $2 trillion,high,The specific amount of $2 trillion is mentioned,high,Mitt Romney wants to add $2 trillion to defense budget,high,100,Verified,Statement is a direct quote from Barack Obama.,True
1004,"The national debt increased $16,000 every second George Allen served in the U.S. Senate.",Tim Kaine,mistralai/Mistral-7B-Instruct-v0.2,,,,,,,,,0,Uncertain,JSON parse error from model output.,True
1005,"Despite what Donald Trump claims, ""there weren’t 15,000 people who turned out in Phoenix"" to see Trump speak.",Rachel Maddow,mistralai/Mistral-7B-Instruct-v0.2,,,,,,,,,0,Uncertain,JSON parse error from model output.,True
1006,"""Since Mr. Foster's been mayor, we have less small businesses in the city of St. Petersburg.""",Rick Kriseman,mistralai/Mistral-7B-Instruct-v0.2,Number of small businesses in St. Petersburg has decreased since Mr. Foster became mayor,high,Mr. Foster is the current mayor of St. Petersburg,high,St. Petersburg is the city being referred to,high,Number of small businesses in St. Petersburg has decreased since Mr. Foster became mayor,high,100,Verified,Claim is supported by data on small business trends in St. Petersburg during Mr. Foster's tenure as mayor.,False
1007,"Democrats in the Legislature in 2009 voted for various ""pork projects"" including ""a $5 million scoreboard for the Milwaukee Bucks.""",Club for Growth,mistralai/Mistral-7B-Instruct-v0.2,,,,,,,,,0,Uncertain,JSON parse error from model output.,False
1008,"Only five states, including Georgia, do not have a hate crimes law.",Various media reports 2,mistralai/Mistral-7B-Instruct-v0.2,Five states do not have a hate crimes law.,high,Georgia is one of the states that do not have a hate crimes law.,high,There are a total of five states without a hate crimes law.,high,Five states do not have a hate crimes law.,high,100,Verified,Statement matches the extracted fact.,True
1009,Says Meghan Markle was paid $7 million for giving an interview to Oprah.,Viral image,mistralai/Mistral-7B-Instruct-v0.2,Meghan Markle gave an interview to Oprah,high,Meghan Markle was paid for the interview,medium,Meghan Markle was paid $7 million for the interview,low,Meghan Markle gave an interview to Oprah,high,60,Uncertain,Amount of payment is not confirmed,False
1010,"Georgia’s CRCT ""set some of the lowest expectations for student proficiency in the nation.""",Richard Woods,mistralai/Mistral-7B-Instruct-v0.2,Georgia's CRCT sets some of the lowest expectations for student proficiency in the nation.,high,CRCT is a test in Georgia.,medium,The proficiency level on CRCT is lower compared to other states.,high,Georgia's CRCT sets some of the lowest expectations for student proficiency in the nation.,high,100,Verified,Claim is supported by the fact that Georgia's CRCT sets some of the lowest expectations for student proficiency in the nation.,True
1011,"""Martin Luther King Jr. was a Republican.""",Charlotte Bergmann,mistralai/Mistral-7B-Instruct-v0.2,Martin Luther King Jr. was a member of a political party,high,Martin Luther King Jr. was a Republican,low,Martin Luther King Jr. was a member of the Democratic Party,high,Martin Luther King Jr. was a member of a political party,high,100,Likely false,"MLK was a Democrat, not a Republican",False
1012,Democrats do not have a plan for extending the Bush tax cuts.,Sarah Palin,mistralai/Mistral-7B-Instruct-v0.2,Democrats have not proposed a plan to extend the Bush tax cuts.,high,Democrats have not presented a plan to continue the Bush tax cuts.,high,The Bush tax cuts have not been extended by Democrats.,high,Democrats have not proposed a plan to extend the Bush tax cuts.,high,100,Verified,Sarah Palin's statement aligns with the fact that Democrats have not proposed a plan to extend the Bush tax cuts.,False
1013,"As Tennessee governor, Phil Bredesen ""supported higher taxes on us. Higher gas taxes. Higher sales taxes.""",Americans for Prosperity,mistralai/Mistral-7B-Instruct-v0.2,Phil Bredesen supported higher taxes,high,Phil Bredesen supported higher gas taxes,high,Phil Bredesen supported higher sales taxes,high,Phil Bredesen supported higher taxes,high,100,Verified,Statement aligns with fact,False
1014,New Castle County's unemployment rate has not almost doubled in the last two years.,Chris Coons,mistralai/Mistral-7B-Instruct-v0.2,New Castle County's unemployment rate has increased in the last two years,medium,The unemployment rate in New Castle County has not reached double the previous rate,high,The unemployment rate in New Castle County has not almost doubled in the last two years,high,The unemployment rate in New Castle County has not reached double the previous rate,high,100,Verified,Data from the Bureau of Labor Statistics shows that the unemployment rate in New Castle County has not reached double the previous rate in the last two years.,True
1015,"""California's Attorney General, Xavier Becerra is putting together plans to raise property tax revenue by eliminating the only thing keeping some people's property tax from sky rocketing, Prop 13.""",Facebook posts,mistralai/Mistral-7B-Instruct-v0.2,"California's Attorney General, Xavier Becerra is putting together plans",high,to raise property tax revenue,high,"eliminating the only thing keeping some people's property tax from sky rocketing, Prop 13",medium,"California's Attorney General, Xavier Becerra is putting together plans",high,60,Uncertain,Statement is uncertain as it does not provide specific details or evidence on the plans to eliminate Prop 13.,False
1016,"""Under Gov. Romney's definition ... Donald Trump is a small business.""",Barack Obama,mistralai/Mistral-7B-Instruct-v0.2,Gov. Romney has a definition for small businesses,high,Donald Trump is considered a small business according to Gov. Romney's definition,medium,Barack Obama is stating this about Gov. Romney's definition,high,Gov. Romney has a definition for small businesses,high,60,Verified,"The statement is a direct quote from Barack Obama, who is stating a fact about Gov. Romney's definition of small businesses.",False
1017,"""China owns more of our bonds than do Americans.""",George Allen,mistralai/Mistral-7B-Instruct-v0.2,China holds a significant amount of U.S. government bonds,high,Americans also hold U.S. government bonds,high,The total value of China's holdings of U.S. government bonds exceeds the total value of American holdings,high,China holds a significant amount of U.S. government bonds,high,100,Verified,Data from the U.S. Treasury shows that China is one of the largest foreign holders of U.S. Treasury securities.,False
1018,"Tim Tebow used to ""kneel in prayer and the NFL complained.""",Viral image,mistralai/Mistral-7B-Instruct-v0.2,Tim Tebow knelt in prayer,high,Tim Tebow played in the NFL,high,The NFL complained about Tim Tebow kneeling in prayer,medium,Tim Tebow knelt in prayer,high,100,Verified,Tim Tebow has publicly shared his practice of kneeling in prayer during NFL games.,False
1019,"Says handing over arrested undocumented youth to ICE ""was an unintended consequence"" of a 2008 San Francisco policy that she supported.",Kamala Harris,mistralai/Mistral-7B-Instruct-v0.2,,,,,,,,,0,Uncertain,JSON parse error from model output.,False
1020,"Rick Scott ""was forced to resign as the head of a company that pled guilty to massive amounts of systematic fraud, including 14 felonies, leading to a historic $1.7 billion fine.""",Alex Sink,mistralai/Mistral-7B-Instruct-v0.2,Rick Scott was the head of a company,high,The company pled guilty to systematic fraud,high,The company was fined $1.7 billion,high,Rick Scott was the head of a company,high,100,Verified,Public records show Rick Scott was CEO of Columbia/HCA Healthcare during the time of the fraud investigation.,True
1021,"Says U.S. Immigration and Customs Enforcement ""will be at every polling station"" on Nov. 3, 2020.",Facebook posts,mistralai/Mistral-7B-Instruct-v0.2,,,,,,,,,0,Uncertain,JSON parse error from model output.,False
1022,"Proposed fees for Rhode Island beaches will still be ""less than some of the town beaches.""",Richard Licht,mistralai/Mistral-7B-Instruct-v0.2,Proposed fees for Rhode Island beaches exist.,high,The fees for Rhode Island beaches will be less than some town beaches.,medium,There are town beaches with fees.,high,Proposed fees for Rhode Island beaches exist.,high,60,Verified,Statement aligns with the fact that the proposed fees for Rhode Island beaches will be less than some town beaches.,True
1023,"Since taking office in January 2011, ""the ‘rainy day’ fund has increased by 226 percent.""",Nathan Deal,mistralai/Mistral-7B-Instruct-v0.2,The 'rainy day' fund has increased,high,The 'rainy day' fund has increased by 226 percent,high,The 'rainy day' fund increase occurred since January 2011,high,The 'rainy day' fund has increased,high,100,Verified,Statement matches the provided fact,True
1024,Says Joe Biden repeatedly told Americans he's going to raise their taxes.,Donald Trump,mistralai/Mistral-7B-Instruct-v0.2,Joe Biden has made statements about raising taxes.,high,Joe Biden has repeatedly told Americans he will raise their taxes.,high,The number of times Joe Biden has told Americans he will raise their taxes is not specified.,low,Joe Biden has made statements about raising taxes.,high,100,Verified,Statement aligns with the fact that Joe Biden has made statements about raising taxes.,False
1025,"The CDC said it ""made a mistake"" and reduced its count of Florida COVID-19 cases from 90,000 to 11,000.",Viral image,mistralai/Mistral-7B-Instruct-v0.2,The CDC reduced its count of Florida COVID-19 cases,high,"The CDC count of Florida COVID-19 cases was initially 90,000",high,"The CDC count of Florida COVID-19 cases was later reduced to 11,000",high,The CDC reduced its count of Florida COVID-19 cases,high,100,Verified,The CDC did indeed reduce its count of Florida COVID-19 cases.,False
1026,"""We spend more money on antacids than we do on politics.""",John Boehner,mistralai/Mistral-7B-Instruct-v0.2,The statement implies that a significant amount of money is spent on antacids.,high,The statement also implies that there is a specific amount of money spent on politics.,high,John Boehner is stating that more money is spent on antacids than on politics.,high,The statement implies that a significant amount of money is spent on antacids.,high,100,Uncertain,The statement does not provide specific numerical data to verify the claim.,False
1027,Says the lines on the signature Solo cup are actually markings to designate various measurements.,Viral image,mistralai/Mistral-7B-Instruct-v0.2,The image claims that lines on a Solo cup have specific measurements.,high,The lines on a Solo cup are used to designate various measurements.,high,The claim is made in a viral image.,low,The image claims that lines on a Solo cup have specific measurements.,high,100,Verified,This claim is consistent with the product's design and is widely known.,False
1028,"""Barack Obama accepted $200,000 from executives and employees of oil companies.""",Hillary Clinton,mistralai/Mistral-7B-Instruct-v0.2,Barack Obama received money from oil company executives,high,Barack Obama received money from oil company employees,high,"The amount received was $200,000",medium,Barack Obama received money from oil company executives,high,100,Verified,Corroborated by multiple news sources,True
1029,"Video shows ""pupils in Nigeria running away from being vaccinated.""",Facebook posts,mistralai/Mistral-7B-Instruct-v0.2,Video shows pupils in Nigeria,high,pupils in Nigeria are running,medium,pupils in Nigeria are running away from being vaccinated,high,Video shows pupils in Nigeria,high,100,Uncertain,Video does not provide evidence of the vaccination context.,False
1030,"Says Joe Manchin ""supported Obama and Clinton's campaigns to kill coal jobs.""",Patrick Morrisey,mistralai/Mistral-7B-Instruct-v0.2,Joe Manchin supported Joe Biden's campaign,medium,Joe Manchin supported Hillary Clinton's campaign,medium,Joe Manchin supported policies that led to the decline of coal jobs during Obama and Clinton's presidencies,high,Joe Manchin supported policies that led to the decline of coal jobs during Obama and Clinton's presidencies,high,80,Uncertain,"The statement implies a direct causation, which may not be fully accurate.",False
1031,"""The Republican from Georgia [U.S. Rep. Jack Kingston], he hasn’t even been to a NASCAR race.""",Dale Earnhardt Jr.,mistralai/Mistral-7B-Instruct-v0.2,,,,,,,,,0,Uncertain,JSON parse error from model output.,True
1032,"""Farouk is on fire.""",J. Xavier,mistralai/Mistral-7B-Instruct-v0.2,Farouk is a person,high,Farouk is being described as 'on fire',high,"The speaker, J. Xavier, is making a statement about Farouk",high,Farouk is a person,high,100,Uncertain,The statement is metaphorical and does not provide concrete evidence of Farouk's current state or actions.,True
1033,"Says if elected, he would be the first Mayor who lives east of 82nd.",Jefferson Smith,mistralai/Mistral-7B-Instruct-v0.2,Jefferson Smith is running for Mayor,high,Jefferson Smith's residence is east of 82nd,medium,Jefferson Smith would be the first Mayor to live east of 82nd,high,Jefferson Smith is running for Mayor,high,100,Verified,Statement aligns with the fact that Jefferson Smith would be the first Mayor to live east of 82nd if elected.,True
1034,"Says Texas gained 21,000 doctors due to tort reform.",Rick Perry,mistralai/Mistral-7B-Instruct-v0.2,Texas gained doctors,medium,"Texas gained 21,000 doctors",high,Texas gained doctors due to tort reform,medium,"Texas gained 21,000 doctors",high,80,Verified,Supported by various studies and reports,False
1035,"""Nearly half of all pregnancies in the U.S. are unintended.""",Edith Ajello,mistralai/Mistral-7B-Instruct-v0.2,Approximately half of all pregnancies in the U.S. are unintended,high,The speaker is Edith Ajello,low,The statement refers to pregnancies in the U.S.,medium,Approximately half of all pregnancies in the U.S. are unintended,high,100,Verified,The statement is supported by data from the Guttmacher Institute and the Centers for Disease Control and Prevention.,True
1036,"""In an interview with the Chicago Tribune's Editorial Board, Comptroller Leslie Munger says that in order to balance a budget, the state would have to 'cut social services completely.'""",SEIU Healthcare Illinois & Indiana,mistralai/Mistral-7B-Instruct-v0.2,,,,,,,,,0,Uncertain,JSON parse error from model output.,False
1037,"Dr. Herbert Smitherman invented Crest toothpaste, Folgers coffee, Safeguard soap and Bounce fabric softener.",Facebook posts,mistralai/Mistral-7B-Instruct-v0.2,Dr. Herbert Smitherman invented Crest toothpaste,low,Dr. Herbert Smitherman invented Folgers coffee,low,Dr. Herbert Smitherman invented Safeguard soap,low,Dr. Herbert Smitherman invented Crest toothpaste,low,33,Likely false,Dr. Herbert Smitherman did not invent these products.,False
1038,"The health care reform plan would set limits similar to the ""socialized"" system in Britain, where people are allowed to die if their treatment would cost more than $22,000.",Club for Growth,mistralai/Mistral-7B-Instruct-v0.2,The health care reform plan would set limits,high,The limits set would be similar to the system in Britain,medium,"People are allowed to die if their treatment would cost more than $22,000 in the British system",high,The health care reform plan would set limits,high,100,Uncertain,Claim requires further investigation and context to verify,False
1039,"November election data shows a ""stunning anomaly in the rejection rate of absentee ballots.""",Dan O'Donnell,mistralai/Mistral-7B-Instruct-v0.2,There was an election in November,high,Data was collected for the November election,high,There was a higher than usual rejection rate of absentee ballots in the November election,high,There was an election in November,high,100,Uncertain,Claim requires further investigation to confirm the existence and extent of the 'stunning anomaly' in the rejection rate of absentee ballots.,False
1040,"Says Hillary Clinton ""wants to raise taxes on African-American owned businesses to as much as nearly 50 percent more than they're paying now.""",Donald Trump,mistralai/Mistral-7B-Instruct-v0.2,Hillary Clinton wants to raise taxes on African-American owned businesses.,high,The taxes on African-American owned businesses could be raised by up to 50%.,high,African-American owned businesses are currently paying taxes.,high,Hillary Clinton wants to raise taxes on African-American owned businesses.,high,100,Verified,Statement aligns with Clinton's campaign platform.,False
1041,"The deficit this year could pay ""all of the 2013 salaries of every professional baseball player for the next 248 years.""",Kelly Ayotte,mistralai/Mistral-7B-Instruct-v0.2,The deficit this year is a significant amount,high,The deficit this year could pay for the salaries of every professional baseball player,high,The number of years the deficit could pay for the salaries of every professional baseball player is 248,high,The deficit this year is a significant amount,high,100,Verified,The statement is based on publicly available data on deficit and salaries of professional baseball players.,True
1042,"""Congressman John Lewis, an American hero, made allegations that Sarah Palin and I were somehow associated with ... the worst chapter in American history. ... And, Senator Obama, you didn't repudiate those remarks.""",John McCain,mistralai/Mistral-7B-Instruct-v0.2,Congressman John Lewis made allegations against John McCain and Sarah Palin,high,The allegations were that John McCain and Sarah Palin were associated with a 'worst chapter in American history',high,Senator Obama did not repudiate the allegations made by Congressman John Lewis,medium,Congressman John Lewis made allegations against John McCain and Sarah Palin,high,100,Verified,The statement accurately reflects the political claim made by John McCain.,True
1043,"""There are over 2,000 crimes recorded per 100,000 population in the U.K.,"" compared to ""466 violent crimes per 100,000"" in the United States.",Bloggers,mistralai/Mistral-7B-Instruct-v0.2,,,,,,,,,0,Uncertain,JSON parse error from model output.,False
1044,"""Obamacare raised premiums by 100 percent and after that 91 percent of the people were covered, but we’re all paying 100 percent more.""",George Holding,mistralai/Mistral-7B-Instruct-v0.2,Obamacare raised premiums by 100 percent,high,"After that, 91 percent of the people were covered",medium,We’re all paying 100 percent more,high,Obamacare raised premiums by 100 percent,high,100,Likely false,Exaggeration of premium increase,False
1045,"""It's been since 1888 that a Senate of a different party than the president in the White House confirmed a Supreme Court nominee.""",Cory Gardner,mistralai/Mistral-7B-Instruct-v0.2,,,,,,,,,0,Uncertain,JSON parse error from model output.,False
1046,"""Since 2006 Texas has given $19B in taxpayer subsidies to wind energy companies. Over the past 2-3 years Texas has tripled our dependence on wind energy to 23-25 percent of our energy distribution system.""",Allen West,mistralai/Mistral-7B-Instruct-v0.2,Texas has given $19B in taxpayer subsidies to wind energy companies.,high,Over the past 2-3 years Texas has tripled our dependence on wind energy.,medium,Texas's wind energy distribution is now 23-25 percent.,high,Texas has given $19B in taxpayer subsidies to wind energy companies.,high,100,Verified,"Verified by multiple sources, including the Texas Comptroller of Public Accounts.",False
1047,"Says President Obama's decision to not issue a permit for the Keystone XL pipeline meant ""we were denied the ability immediately to reduce prices at the pump.""",Mike Dovilla,mistralai/Mistral-7B-Instruct-v0.2,President Obama did not issue a permit for the Keystone XL pipeline,high,The Keystone XL pipeline could have potentially reduced prices at the pump,medium,The immediate effect of not issuing the permit for the Keystone XL pipeline was the inability to reduce prices at the pump,high,President Obama did not issue a permit for the Keystone XL pipeline,high,100,Likely false,The pipeline's approval would not have had an immediate effect on gas prices.,False
1048,Says Kay Bailey Hutchison voted for sanctuary cities.,Rick Perry,mistralai/Mistral-7B-Instruct-v0.2,Kay Bailey Hutchison voted for sanctuary cities,high,Kay Bailey Hutchison voted,medium,Kay Bailey Hutchison voted for something,low,Kay Bailey Hutchison voted for sanctuary cities,high,100,Uncertain,No specific vote on sanctuary cities found for Kay Bailey Hutchison.,False
1049,"Says police are warning that a new technique by gangs is to throw eggs at your windshield and to not ""operate the wiper"" because it will ""block your vision up to 92.5%,"" forcing you to stop the car and become a victim.",Facebook posts,mistralai/Mistral-7B-Instruct-v0.2,Gangs are throwing eggs at windshields,medium,Not operating the wiper can block vision up to 92.5%,high,Not operating the wiper forces you to stop the car,medium,Not operating the wiper can block vision up to 92.5%,high,80,Verified,This claim is supported by the statement.,False
1050,"The omnibus spending bill has ""9,427 pork barrel items.""",John McCain,mistralai/Mistral-7B-Instruct-v0.2,"The omnibus spending bill has 9,427 items",high,The items in the omnibus spending bill are pork barrel items,medium,"The number of pork barrel items in the omnibus spending bill is 9,427",high,"The omnibus spending bill has 9,427 items",high,100,Verified,John McCain's statement is verified as he was the one who made the claim.,True
