id,statement,statement_originator,model,fact1,fact1_label,fact2,fact2_label,fact3,fact3_label,chosen_fact,chosen_fact_label,chosen_fact_score,statement_verification_label,statement_verification_justification,original_true_false
1,"""Prior to Obamacare here in Wisconsin, 95 percent of Wisconsinites were covered by insurance. After Obamacare, 95 percent of Wisconsinites were covered by insurance. It hasn’t had an impact.""",Ron Johnson,meta-llama/llama-3.1-8b-instruct,95 percent of Wisconsinites were covered by insurance prior to Obamacare,high,95 percent of Wisconsinites were covered by insurance after Obamacare,high,Obamacare had no impact on insurance coverage in Wisconsin,low,95 percent of Wisconsinites were covered by insurance prior to Obamacare,high,80,Likely false,Contradicts data showing increased insurance coverage after Obamacare,False
2,"""CDC officials admit more hospitalizations of young people from vaccine than from the actual COVID virus.""",Instagram posts,meta-llama/llama-3.1-8b-instruct,CDC officials admit more hospitalizations of young people from vaccine than from the actual COVID virus.,low,CDC officials admit hospitalizations of young people from vaccine are higher than from COVID virus.,medium,Hospitalizations of young people from vaccine are higher than from COVID virus.,high,Hospitalizations of young people from vaccine are higher than from COVID virus.,high,80,Likely false,CDC data shows vaccine-related hospitalizations are lower than COVID-19 hospitalizations.,False
3,"The Texas leg of the Keystone pipeline ""has already created 4,800 jobs in just the year it's been up and running.""",John Cornyn,meta-llama/llama-3.1-8b-instruct,The Texas leg of the Keystone pipeline exists.,high,The Keystone pipeline has been up and running for a year.,high,"4,800 jobs have been created in Texas due to the Keystone pipeline.",medium,The Texas leg of the Keystone pipeline exists.,high,60,Uncertain,"Claim of 4,800 jobs created is not independently verifiable.",False
4,"""When you look for a job, you can't find it and you give up. You are now considered statistically employed.""",Donald Trump,meta-llama/llama-3.1-8b-instruct,You can't find a job when looking for one.,low,You give up looking for a job.,low,Being statistically employed is a thing.,medium,Being statistically employed is a thing.,medium,80,Verified,"This is a real economic concept, often used in labor statistics.",False
5,"""Creeping defense commitments in (the Middle East) and globally now consume over half the U.S. discretionary budget annually.""",Marcy Kaptur,meta-llama/llama-3.1-8b-instruct,Creeping defense commitments consume over half the U.S. discretionary budget annually.,high,Defense commitments are increasing globally.,medium,The U.S. discretionary budget is consumed by various factors.,low,Creeping defense commitments consume over half the U.S. discretionary budget annually.,high,80,Verified,"According to the Congressional Budget Office, defense spending has consistently exceeded 50% of discretionary spending since 2007.",True
6,"As secretary of the Department of Energy under former President Bill Clinton, ""I created reserves of home heating oil.""",Bill Richardson,meta-llama/llama-3.1-8b-instruct,Bill Richardson was secretary of the Department of Energy under former President Bill Clinton,high,Bill Richardson created reserves of home heating oil,medium,Bill Richardson was secretary of the Department of Energy,high,Bill Richardson was secretary of the Department of Energy under former President Bill Clinton,high,80,Verified,Bill Richardson's official biography confirms his tenure as Energy Secretary,True
7,"""Due to the large number of people who will refuse the forthcoming COVID-19 vaccine because it will include tracking microchips, the Gates Foundation is now spending billions to ensure that all medical and dental injections and procedures include the chips.""",Facebook posts,meta-llama/llama-3.1-8b-instruct,COVID-19 vaccine will include tracking microchips,high,Gates Foundation is spending billions on medical and dental injections and procedures,medium,people will refuse the COVID-19 vaccine,high,COVID-19 vaccine will include tracking microchips,high,80,Likely false,There is no credible evidence to support the claim that COVID-19 vaccines contain tracking microchips.,False
8,"German chemist Andreas Noack was ""assassinated just hours after publishing the secret of the vax by government operatives.""",Facebook posts,meta-llama/llama-3.1-8b-instruct,Andreas Noack was a German chemist.,low,Andreas Noack was assassinated.,medium,Government operatives were involved in his assassination.,high,Government operatives were involved in his assassination.,high,80,Likely false,There is no credible evidence to support this claim.,False
9,"Says Merrick Garland is investigating Donald Trump’s ""tax evasion case.""",Facebook posts,meta-llama/llama-3.1-8b-instruct,Merrick Garland is investigating Donald Trump,high,Donald Trump has a tax evasion case,medium,Merrick Garland is a judge,high,Merrick Garland is investigating Donald Trump,high,80,Verified,"Merrick Garland is the Attorney General, and he has been investigating Trump's finances.",False
10,"""I had prostate cancer, five, six years ago. My chance of surviving prostate cancer, and thank God I was cured of it, in the United States, 82%. My chances of surviving prostate cancer in England, only 44% under socialized medicine.""",Rudy Giuliani,meta-llama/llama-3.1-8b-instruct,Rudy Giuliani had prostate cancer,high,Rudy Giuliani survived prostate cancer,high,Prostate cancer survival rate in the US is 82%,high,Rudy Giuliani had prostate cancer,high,90,Verified,"According to the American Cancer Society, the 5-year survival rate for prostate cancer in the US is around 92%.",False
11,Says 11 soccer players on the U.S. Men’s National Team are immigrants.,Nancy Pelosi,meta-llama/llama-3.1-8b-instruct,11 soccer players on the U.S. Men's National Team are immigrants.,high,The U.S. Men's National Team exists.,low,There are 11 players on the U.S. Men's National Team.,medium,11 soccer players on the U.S. Men's National Team are immigrants.,high,80,Verified,This can be verified through the U.S. Soccer Federation's official roster.,False
12,"""We have 80,000 abortions in Texas every year.""",Dan Patrick,meta-llama/llama-3.1-8b-instruct,"80,000 abortions occur in Texas annually.",high,Texas has a high abortion rate.,medium,Abortion is a contentious issue in Texas.,low,"80,000 abortions occur in Texas annually.",high,90,Verified,"According to the Texas Department of State Health Services, there were 54,324 reported abortions in 2020.",True
13,"As a result of climate change, ice fishermen in Wisconsin ""are already noticing fewer days they can be out on our ice covered lakes.""",Mark Pocan,meta-llama/llama-3.1-8b-instruct,ice fishermen in Wisconsin are already noticing fewer days they can be out on our ice covered lakes,high,,,,,ice fishermen in Wisconsin are already noticing fewer days they can be out on our ice covered lakes,high,100,Verified,"This is a direct observation from ice fishermen in Wisconsin, making it a verified claim.",True
14,"""Donald Trump and Hillary Clinton and Bernie Sanders have the identical position on health care, which is they want to put the government in charge of you and your doctor.""",Ted Cruz,meta-llama/llama-3.1-8b-instruct,"Donald Trump, Hillary Clinton, and Bernie Sanders have the same position on healthcare",medium,They want to put the government in charge of healthcare,high,They want to put the government in charge of you and your doctor,high,They want to put the government in charge of healthcare,high,80,Likely false,"This is a common talking point by Ted Cruz, but fact-checking organizations have found no evidence to support this claim.",False
15,"Says Joe Biden ""has issued more executive fiats than anyone in such a short period of time, ever, more than Obama, more than Trump, more than anyone.""",Marco Rubio,meta-llama/llama-3.1-8b-instruct,Joe Biden has issued more executive orders than Obama,low,Joe Biden has issued more executive orders than Trump,medium,Joe Biden has issued more executive orders than anyone in a short period of time,high,Joe Biden has issued more executive orders than anyone in a short period of time,high,80,Verified,"According to the American Presidency Project, Biden has issued over 70 executive orders in his first year, more than any other president in a similar timeframe.",True
16,229 Christian missionaries were sentenced to death in Afghanistan.,Facebook posts,meta-llama/llama-3.1-8b-instruct,229 Christian missionaries were sentenced to death in Afghanistan.,high,Christian missionaries were sentenced to death in Afghanistan.,high,229 people were sentenced to death in Afghanistan.,medium,229 Christian missionaries were sentenced to death in Afghanistan.,high,80,Verified,Multiple news sources confirm the incident.,False
17,"In President Barack Obama’s 2015 State of the Union address, ""the words ‘al-Qaida’ were never used, the first time those words have not been used in a State of the Union address since February 2001.""",Bret Baier,meta-llama/llama-3.1-8b-instruct,President Barack Obama gave a State of the Union address in 2015,high,The words 'al-Qaida' were not used in the 2015 State of the Union address,high,The last time 'al-Qaida' was not mentioned in a State of the Union address was in February 2001,medium,President Barack Obama gave a State of the Union address in 2015,high,90,Verified,Bret Baier is a Fox News anchor and would have access to State of the Union transcripts,True
18,"""Our doctors get more money if somebody dies from COVID. … So what they do is they say, ‘I'm sorry, but, you know, everybody dies of COVID.’""",Donald Trump,meta-llama/llama-3.1-8b-instruct,Doctors get more money if a patient dies from COVID.,high,Doctors say patients die from COVID to increase payment.,medium,Everybody dies of COVID.,low,Doctors get more money if a patient dies from COVID.,high,80,Likely false,This claim has been widely debunked by medical professionals and fact-checking organizations.,False
19,An audio message lists five ways people can prevent the novel coronavirus.,Chain message,meta-llama/llama-3.1-8b-instruct,An audio message exists.,high,The audio message lists ways to prevent the novel coronavirus.,high,There are five ways listed.,medium,An audio message exists.,high,80,Verified,This is a direct claim from the speaker's statement.,False
20,"""Nobody’s health is at risk right now"" from PFAS contamination, as long as they are receiving bottled drinking water",Scott Manley,meta-llama/llama-3.1-8b-instruct,PFAS contamination is a health risk,high,bottled drinking water is safe from PFAS contamination,medium,PFAS contamination is widespread,high,PFAS contamination is a health risk,high,80,Verified,Bottled water is regulated and tested for PFAS contamination,False
21,"""When I was U.S. Attorney we wound up putting 10 percent of the state Legislature in jail during my seven years.""",Chris Christie,meta-llama/llama-3.1-8b-instruct,Chris Christie was U.S. Attorney,high,10 percent of the state Legislature was put in jail,high,the event occurred during seven years,low,Chris Christie was U.S. Attorney,high,80,Verified,Chris Christie's office confirmed the statistic in 2013.,False
22,"The Southern strategy is a ""myth"" that ""never happened.""",Candace Owens,meta-llama/llama-3.1-8b-instruct,The Southern strategy is a concept in American politics.,high,The Southern strategy is associated with the Republican Party.,medium,The Southern strategy is considered a real historical event by many historians.,high,The Southern strategy is a concept in American politics.,high,80,Likely false,Many historians consider the Southern strategy a real historical event.,False
23,Says Josh Mandel’s campaign is under FBI investigation,Workers' Voice,meta-llama/llama-3.1-8b-instruct,Josh Mandel's campaign is under FBI investigation,high,,,,,Josh Mandel's campaign is under FBI investigation,high,100,Verified,This claim can be verified through public records and news sources.,False
24,Says CNN reported Queen Elizabeth II died.,Facebook posts,meta-llama/llama-3.1-8b-instruct,CNN reported Queen Elizabeth II died.,low,Queen Elizabeth II died.,low,Facebook posts reported CNN reported Queen Elizabeth II died.,low,CNN reported Queen Elizabeth II died.,low,0,Likely false,This is a false claim as Queen Elizabeth II is still alive.,False
25,"When Mitt Romney chose Paul Ryan as his vice-presidential running mate, ""that was the end"" of Romney’s chances to win.",Donald Trump,meta-llama/llama-3.1-8b-instruct,Mitt Romney chose Paul Ryan as his vice-presidential running mate,high,Paul Ryan was chosen as vice-presidential running mate,high,Mitt Romney's chances to win were affected by Paul Ryan's selection,medium,Mitt Romney chose Paul Ryan as his vice-presidential running mate,high,80,Verified,"This is a verified fact, as Romney did choose Ryan as his running mate in 2012.",False
26,"""If you're a black woman, you're 320% more likely to die from complications in childbirth.""",Andrew Yang,meta-llama/llama-3.1-8b-instruct,You're a black woman,low,you're 320% more likely to die from complications in childbirth,high,in childbirth,low,you're 320% more likely to die from complications in childbirth,high,80,Verified,"According to the CDC, black women in the US are 3-4 times more likely to die from pregnancy-related complications than white women.",True
27,"""Any votes counted after midnight"" on Election Day in Michigan ""are fraud.""",Viral image,meta-llama/llama-3.1-8b-instruct,Votes counted after midnight on Election Day in Michigan are fraud.,high,Votes are counted after midnight on Election Day in Michigan.,medium,Election Day in Michigan exists.,low,Votes counted after midnight on Election Day in Michigan are fraud.,high,80,Likely false,Michigan election officials verify votes counted after midnight.,False
28,"As Dane County executive, Kathleen Falk raised property taxes by ""millions of dollars every year"" and approved the second highest increase in the state in 2010.",Rebecca Kleefisch,meta-llama/llama-3.1-8b-instruct,Kathleen Falk was Dane County executive,high,Kathleen Falk raised property taxes,high,The increase was the second highest in the state in 2010,high,Kathleen Falk was Dane County executive,high,80,Verified,This fact can be verified through official county records and state data.,True
29,"If Joe Biden can’t serve his full term, Kamala Harris ""cannot by constitutional law become president.""",Facebook posts,meta-llama/llama-3.1-8b-instruct,Joe Biden can't serve his full term,high,Kamala Harris can't become president,high,Kamala Harris can't become president by constitutional law,high,Joe Biden can't serve his full term,high,80,Verified,The 25th Amendment allows the Vice President to assume the presidency if the President is unable to serve.,False
30,"Says ""Ruth Bader Ginsburg was nominated and confirmed 43 days before an election.""",Facebook posts,meta-llama/llama-3.1-8b-instruct,Ruth Bader Ginsburg was nominated and confirmed 43 days before an election.,high,,,,,Ruth Bader Ginsburg was nominated and confirmed 43 days before an election.,high,100,Verified,"This is a verified fact, as Ruth Bader Ginsburg was nominated on June 14, 1993, and confirmed on August 3, 1993, 146 days before the 1994 midterm elections, not 43 days before an election.",False
31,"About 800 people refused to get a drug screening because they are ""out there on drugs.""",Paige Kreegel,meta-llama/llama-3.1-8b-instruct,About 800 people refused to get a drug screening.,medium,They are out there on drugs.,low,They refused to get a drug screening because they are on drugs.,high,They refused to get a drug screening because they are on drugs.,high,80,Verified,The statement directly quotes the speaker's claim about the reason for refusal.,False
32,"The Obama administration has put out ""more of these major rules than the Clinton administration or the Bush administration during comparable times.""",Rob Portman,meta-llama/llama-3.1-8b-instruct,The Obama administration has put out more major rules than the Clinton administration.,high,The Obama administration has put out more major rules than the Bush administration.,high,The Obama administration has put out major rules during comparable times.,medium,The Obama administration has put out more major rules than the Clinton administration.,high,90,Verified,"According to the Government Accountability Office, the Obama administration issued more major rules than the Clinton and Bush administrations.",True
33,"Electric utility FirstEnergy's annual revenues are greater ""than the GDP of Haiti, Kyrgyzstan, Iceland, or 15 African nations.""",Marcy Kaptur,meta-llama/llama-3.1-8b-instruct,FirstEnergy's annual revenues are greater than the GDP of Haiti,high,FirstEnergy's annual revenues are greater than the GDP of Kyrgyzstan,high,FirstEnergy's annual revenues are greater than the GDP of Iceland,high,FirstEnergy's annual revenues are greater than the GDP of Haiti,high,100,Verified,According to FirstEnergy's annual reports and GDP data from reputable sources.,True
34,"Says Hillary Clinton is ""proposing to print instant work permits for millions of illegal immigrants to come in and take everybody's jobs, including low-income African-Americans.""",Donald Trump,meta-llama/llama-3.1-8b-instruct,Hillary Clinton proposes to print instant work permits for millions of illegal immigrants.,high,Illegal immigrants will take jobs from low-income African-Americans.,high,Hillary Clinton's proposal is to print work permits for millions of illegal immigrants.,high,Hillary Clinton proposes to print instant work permits for millions of illegal immigrants.,high,80,Likely false,"This claim is likely false as Clinton's actual proposal was to provide a pathway to citizenship for undocumented immigrants, not print work permits.",False
35,"""Ivanka Trump charged with major crime.""",Facebook posts,meta-llama/llama-3.1-8b-instruct,Ivanka Trump was charged with a major crime.,low,Ivanka Trump was involved in a legal issue.,medium,Ivanka Trump was charged with a crime.,medium,Ivanka Trump was involved in a legal issue.,medium,20,Likely false,No credible sources support this claim.,False
36,"Former slave Nancy Green, the first Aunt Jemima model, died ""as one of America’s first black millionaires.""",Facebook posts,meta-llama/llama-3.1-8b-instruct,Nancy Green was a former slave.,high,Nancy Green was the first Aunt Jemima model.,high,Nancy Green died as one of America's first black millionaires.,high,Nancy Green was a former slave.,high,80,Likely false,There is no credible evidence to support Nancy Green being one of America's first black millionaires.,False
37,"Says when Rhode Island Lottery was proposed, ""state residents were enticed to vote for it with the promise that the money would be used for education.""",Harold Metts,meta-llama/llama-3.1-8b-instruct,Rhode Island Lottery was proposed,high,state residents were enticed to vote for it,medium,money would be used for education,high,Rhode Island Lottery was proposed,high,80,Verified,"This is a direct quote from Harold Metts, implying the claim is accurate.",False
38,"""Democrats forced our GREAT troops to sleep on the ground of a PARKING garage after dragging them to DC for photo ops!""",Facebook posts,meta-llama/llama-3.1-8b-instruct,Democrats forced our GREAT troops to sleep on the ground of a PARKING garage,high,troops were dragged to DC for photo ops,medium,Democrats forced our troops to sleep on the ground,high,Democrats forced our GREAT troops to sleep on the ground of a PARKING garage,high,80,Likely false,There is no credible evidence to support this claim,False
39,"""Our national debt ... is on track to exceed the size of our entire economy ... in just two more years.""",John Boehner,meta-llama/llama-3.1-8b-instruct,Our national debt is on track to exceed the size of our entire economy,high,The national debt is increasing,medium,Two more years is a specific timeframe,low,Our national debt is on track to exceed the size of our entire economy,high,80,Verified,This claim is consistent with historical data and economic projections,True
40,"Says Joe Biden plans to ""mandate net-zero carbon emissions for homes, offices and all new buildings by 2030. That basically means no windows, no nothing.""",Donald Trump,meta-llama/llama-3.1-8b-instruct,"Joe Biden plans to mandate net-zero carbon emissions for homes, offices, and all new buildings by 2030.",high,This means no windows will be allowed in new buildings.,low,New buildings will be constructed starting in 2030.,medium,"Joe Biden plans to mandate net-zero carbon emissions for homes, offices, and all new buildings by 2030.",high,80,Uncertain,"Claim is partially true, but Trump's interpretation of 'no windows' is likely an exaggeration.",False
41,"""Most Americans are now getting their news from Facebook.""",Rebecca Kleefisch,meta-llama/llama-3.1-8b-instruct,Most Americans are now getting their news from Facebook.,low,Facebook is a popular news source.,medium,A majority of Americans use Facebook.,medium,Facebook is a popular news source.,medium,20,Likely false,"This claim contradicts multiple studies showing most Americans get news from multiple sources, not just Facebook.",False
42,"""CDC says expect a polio-like outbreak coming in children in the next four months.""",Instagram posts,meta-llama/llama-3.1-8b-instruct,CDC says expect a polio-like outbreak coming in children in the next four months.,high,,,,,CDC says expect a polio-like outbreak coming in children in the next four months.,high,80,Uncertain,CDC has not publicly announced a polio-like outbreak in children in the next four months.,False
43,Ron Howard wrote a Facebook post about being a liberal.,Facebook posts,meta-llama/llama-3.1-8b-instruct,Ron Howard wrote a Facebook post,high,Ron Howard is a liberal,medium,Ron Howard wrote a post on Facebook,high,Ron Howard wrote a Facebook post,high,80,Verified,This fact is directly stated in the claim.,False
44,Says Fran DeWine’s made-from-scratch dinner rolls are a delicious favorite in a traditional Thanksgiving dinner.,Mike DeWine,meta-llama/llama-3.1-8b-instruct,Fran DeWine makes dinner rolls from scratch.,low,Dinner rolls are a traditional Thanksgiving dinner component.,low,Fran DeWine's dinner rolls are delicious.,medium,Fran DeWine's dinner rolls are delicious.,medium,80,Verified,Mike DeWine is likely endorsing his wife's cooking.,True
45,"The Green New Deal ""costs an average American household almost $700,000 through 2029.""",Ben Cline,meta-llama/llama-3.1-8b-instruct,The Green New Deal exists,high,"The Green New Deal costs an average American household almost $700,000 through 2029",low,The Green New Deal is a policy proposal,high,The Green New Deal exists,high,0,Likely false,Multiple analyses have disputed this claim as an exaggeration,False
46,Mercedes said high taxes and the cost of doing business in New Jersey worked to Georgia’s advantage in landing the company's USA corporate headquarters.,Mark Drewniak,meta-llama/llama-3.1-8b-instruct,Mercedes said high taxes and the cost of doing business in New Jersey worked to Georgia’s advantage,high,New Jersey has high taxes,high,Georgia has a business-friendly environment,medium,Mercedes said high taxes and the cost of doing business in New Jersey worked to Georgia’s advantage,high,80,Verified,Mercedes' statement directly supports the claim,True
47,"""There's no court session between now and the end of this election.""",Joe Biden,meta-llama/llama-3.1-8b-instruct,There's no court session between now and the end of this election.,high,,,,,There's no court session between now and the end of this election.,high,80,Verified,This statement is accurate according to current election schedules.,False
48,"""One of the first states in the union to pass a voter ID bill was Rhode Island, 85 percent Democratic legislature.""",Ann Coulter,meta-llama/llama-3.1-8b-instruct,Rhode Island passed a voter ID bill,high,Rhode Island has an 85 percent Democratic legislature,high,Rhode Island was one of the first states to pass a voter ID bill,medium,Rhode Island passed a voter ID bill,high,80,Verified,"According to the National Conference of State Legislatures, Rhode Island's legislature was 85% Democratic in 2011.",False
49,Says she is a registered nurse.,Laurie Monnes Anderson,meta-llama/llama-3.1-8b-instruct,Laurie Monnes Anderson is a registered nurse.,high,,,,,Laurie Monnes Anderson is a registered nurse.,high,100,Verified,This is a direct statement about her profession.,False
50,"""Under the Romney/Ryan budget, interest rates on federal student loans would be allowed to double.""",Barack Obama,meta-llama/llama-3.1-8b-instruct,Interest rates on federal student loans would double,high,Romney/Ryan budget,medium,Federal student loans,high,Interest rates on federal student loans would double,high,80,Verified,This claim is verified by fact-checking organizations.,False
51,"Says former President Barack Obama ""took similar action against Cuban refugees"" as President Donald Trump did in his executive order.",Mario Diaz-Balart,meta-llama/llama-3.1-8b-instruct,President Barack Obama took similar action against Cuban refugees,medium,President Donald Trump issued an executive order,high,Cuban refugees were affected by the executive order,low,President Donald Trump issued an executive order,high,80,Verified,Trump's executive order was widely reported and documented,False
52,"""We’re sending back the vast majority of the families that are coming.""",Joe Biden,meta-llama/llama-3.1-8b-instruct,We're sending back the vast majority of the families that are coming.,high,the vast majority of the families that are coming,high,families that are coming,medium,We're sending back the vast majority of the families that are coming.,high,80,Verified,"According to US Customs and Border Protection data, the majority of families are being returned.",False
53,"""The black unemployment rate (has) increased since the recovery has begun.""",Marc Morial,meta-llama/llama-3.1-8b-instruct,The black unemployment rate has increased,high,The recovery has begun,low,unemployment rate is a specific metric,medium,The black unemployment rate has increased,high,80,Verified,"According to the Bureau of Labor Statistics, the black unemployment rate has indeed increased since the recovery began.",True
54,"""I am the only person in this field who is against amnesty. Every other person in this field wants to allow people who are here illegally to be able to stay here, in one form or another.""",Rick Santorum,meta-llama/llama-3.1-8b-instruct,Rick Santorum is against amnesty,high,Every other person in the field wants to allow people who are here illegally to stay,medium,There are people in the field who want to allow people who are here illegally to stay,medium,Rick Santorum is against amnesty,high,90,Verified,Rick Santorum's stance on amnesty is well-documented,False
55,"Rhode Island’s voter identification law was pushed by ""a black Democrat in the House, a black Democrat in the Senate. That's a fact.""",Ann Coulter,meta-llama/llama-3.1-8b-instruct,Rhode Island has a voter identification law,high,the law was pushed by a black Democrat in the House,medium,the law was pushed by a black Democrat in the Senate,medium,Rhode Island has a voter identification law,high,100,Verified,"Rhode Island has a voter ID law, which is a verifiable fact",True
56,"Kip Kinkel and Clackamas Town Center shootings ""both where citizen with gun stopped the crime""",Oregon Citizens Lobby,meta-llama/llama-3.1-8b-instruct,Kip Kinkel committed a shooting,high,a citizen with a gun stopped the Clackamas Town Center shooting,low,the Clackamas Town Center shooting occurred,high,Kip Kinkel committed a shooting,high,80,Verified,The Clackamas Town Center shooting is a verified event.,False
57,"""Obama put a 10 percent tax on tanning.""",Snooki,meta-llama/llama-3.1-8b-instruct,Obama put a tax on tanning,high,The tax was 10 percent,medium,The tax was implemented by Obama,high,Obama put a tax on tanning,high,80,Verified,This is a verifiable fact from 2010,True
58,"""Forty-three million Americans are on food stamps.""",Donald Trump,meta-llama/llama-3.1-8b-instruct,Forty-three million Americans are on food stamps.,high,,,,,Forty-three million Americans are on food stamps.,high,80,Uncertain,The exact number of Americans on food stamps is difficult to verify.,True
59,"""Mickey Mouse was registered to vote (in Florida).""",Eric Eisnaugle,meta-llama/llama-3.1-8b-instruct,Mickey Mouse was registered to vote in Florida.,high,Eric Eisnaugle made a statement.,low,The statement was made in Florida.,medium,Mickey Mouse was registered to vote in Florida.,high,80,Verified,This fact has been widely reported and verified by multiple sources.,False
60,"""Black Lives Matter of Atlanta Charged with Wire Fraud, Money Laundering and Allegedly Using almost 500k in Donations For Personal Use.""",Tweets,meta-llama/llama-3.1-8b-instruct,Black Lives Matter of Atlanta was charged with crimes.,high,The charges were for Wire Fraud and Money Laundering.,high,Almost 500k in donations were allegedly used for personal use.,high,Black Lives Matter of Atlanta was charged with crimes.,high,90,Verified,Multiple news sources reported on the charges and allegations.,False
61,"""Here is the fire drone video that Twitter, Google, and YouTube didn't want us to see.""",Tweets,meta-llama/llama-3.1-8b-instruct,"Twitter, Google, and YouTube didn't want us to see the video.",medium,There is a video of a fire drone.,low,"Twitter, Google, and YouTube have control over what content is visible on their platforms.",high,"Twitter, Google, and YouTube have control over what content is visible on their platforms.",high,80,Uncertain,The claim relies on unnamed sources and lacks concrete evidence.,False
62,"When he took office in 2009, President Barack Obama ""had the biggest Democratic majorities in Congress since Lyndon Johnson.""",Haley Barbour,meta-llama/llama-3.1-8b-instruct,President Barack Obama took office in 2009,high,President Barack Obama had Democratic majorities in Congress,medium,Lyndon Johnson had Democratic majorities in Congress,medium,President Barack Obama took office in 2009,high,90,Verified,"According to historical records, President Obama took office on January 20, 2009.",False
63,Students no longer say the Pledge of Allegiance in schools.,Viral image,meta-llama/llama-3.1-8b-instruct,Students no longer say the Pledge of Allegiance in schools.,low,Students are no longer required to say the Pledge of Allegiance in schools.,medium,The Pledge of Allegiance is no longer recited in schools.,high,The Pledge of Allegiance is no longer recited in schools.,high,80,Verified,This is a widely reported and documented change in US education policy.,False
64,"""Right now we are spending at an all-time high, close to 25 percent of our GDP [is] being spent on the federal government. But our revenues are at an almost all-time low of about 15 percent [of GDP].""",Mark Warner,meta-llama/llama-3.1-8b-instruct,The federal government is spending close to 25 percent of GDP.,high,Revenues are at an almost all-time low of about 15 percent of GDP.,high,The current spending level is an all-time high.,high,The federal government is spending close to 25 percent of GDP.,high,80,Verified,"According to the Congressional Budget Office, federal spending is indeed near 25% of GDP.",True
65,"""Even Fairfax County doesn’t pay the kind of (school administration) salaries that Richmond is paying right now.""",Kim Gray,meta-llama/llama-3.1-8b-instruct,Fairfax County doesn't pay school administration salaries as high as Richmond's current salaries.,high,Richmond pays high school administration salaries.,high,Fairfax County exists.,low,Fairfax County doesn't pay school administration salaries as high as Richmond's current salaries.,high,80,Verified,Fairfax County's salary data supports this claim.,False
66,"Says U.N. arms treaty will mandate a ""new international gun registry.""",Steve Stockman,meta-llama/llama-3.1-8b-instruct,U.N. arms treaty exists,high,Treaty will mandate a new international gun registry,low,Steve Stockman is a politician,medium,U.N. arms treaty exists,high,80,Verified,The U.N. arms treaty is a real international agreement.,False
67,"""Suicide is the second-leading cause of death among 15-19 year olds and 25-34 year olds in Missouri.""",Tracy McCreery,meta-llama/llama-3.1-8b-instruct,Suicide is the second-leading cause of death among 15-19 year olds in Missouri.,high,15-19 year olds are affected by this issue in Missouri.,medium,Missouri is the location where this issue occurs.,high,Suicide is the second-leading cause of death among 15-19 year olds in Missouri.,high,90,Verified,"According to the Centers for Disease Control and Prevention (CDC), suicide is a leading cause of death among young people in the US, including Missouri.",True
68,"Says a Republican bill ""pays for school construction with teacher pay raises.""",Wiley Nickel,meta-llama/llama-3.1-8b-instruct,A Republican bill exists.,low,The bill pays for school construction.,medium,The bill pays for school construction with teacher pay raises.,high,The bill pays for school construction with teacher pay raises.,high,80,Likely false,The bill's actual funding mechanism is unclear.,False
69,Says North Carolina just landed an auto plant.,Donald Trump,meta-llama/llama-3.1-8b-instruct,North Carolina landed an auto plant,medium,Donald Trump made this statement,low,The auto plant is located in North Carolina,high,The auto plant is located in North Carolina,high,80,Verified,This can be verified through news reports and official announcements,False
70,"Says of Gov. Tony Evers and 2020 violence in Kenosha after the police shooting of Jacob Blake: ""It took the loss of lives before help finally came.""",Empower Wisconsin,meta-llama/llama-3.1-8b-instruct,Gov. Tony Evers was in office during the 2020 violence in Kenosha.,high,A police shooting occurred in Kenosha in 2020.,high,Jacob Blake was shot by police in Kenosha in 2020.,high,Gov. Tony Evers was in office during the 2020 violence in Kenosha.,high,100,Verified,Multiple news sources confirm the police shooting of Jacob Blake in Kenosha in 2020.,False
71,"Says longstanding Food and Drug Administration regulations ""created barriers to the private industry creating a test quickly"" for the coronavirus.",Dan Crenshaw,meta-llama/llama-3.1-8b-instruct,Food and Drug Administration regulations exist,high,FDA regulations create barriers to private industry,high,Private industry can create a test quickly,low,Food and Drug Administration regulations exist,high,80,Verified,Multiple sources confirm FDA regulations can hinder private industry development of medical tests.,True
72,"""Over the next two years, this $1.8 billion deficit will cost individual Wisconsinites $300 each, or $1,200 for families of four.""",Chris Larson,meta-llama/llama-3.1-8b-instruct,The deficit is $1.8 billion,high,The deficit will last for two years,medium,Individual Wisconsinites will be charged $300 each,high,The deficit is $1.8 billion,high,90,Verified,This fact is directly stated in the claim.,False
73,"I am ""the only candidate for lieutenant governor to oppose in-state tuition for illegal immigrants.""",Dan Patrick,meta-llama/llama-3.1-8b-instruct,Dan Patrick is a candidate for lieutenant governor,high,in-state tuition is for illegal immigrants,high,Dan Patrick opposes in-state tuition for illegal immigrants,high,Dan Patrick is a candidate for lieutenant governor,high,100,Verified,Dan Patrick explicitly stated his opposition to in-state tuition for illegal immigrants.,False
74,"The company I created, Point Judith Capital, ""is the only venture capital firm in Rhode Island.""",Gina Raimondo,meta-llama/llama-3.1-8b-instruct,Gina Raimondo created Point Judith Capital,high,Point Judith Capital is a venture capital firm,high,Point Judith Capital is the only venture capital firm in Rhode Island,medium,Gina Raimondo created Point Judith Capital,high,80,Likely false,Other venture capital firms may exist in Rhode Island,True
75,"U.S. Reps. John Barrow and Sanford Bishop and their fellow Democrats ""went on a spending spree and now their credit card is maxed out.""",National Republican Congressional Committee,meta-llama/llama-3.1-8b-instruct,U.S. Reps. John Barrow and Sanford Bishop are Democrats.,high,They went on a spending spree.,medium,Their credit card is maxed out.,low,U.S. Reps. John Barrow and Sanford Bishop are Democrats.,high,80,Verified,The statement accurately identifies the political affiliation of the mentioned representatives.,False
76,"""Every single month since 1985 has been warmer than the historic average. All 12 of the warmest years on record have come in the last 15 years.""",Rush Holt,meta-llama/llama-3.1-8b-instruct,Every single month since 1985 has been warmer than the historic average.,high,All 12 of the warmest years on record have come in the last 15 years.,high,1985 is the starting year for the comparison.,low,Every single month since 1985 has been warmer than the historic average.,high,90,Verified,NASA and NOAA data confirm this trend.,True
77,"Said Dianne Feinstein said ""there is no collusion"" between the Trump campaign and Russia.",Donald Trump,meta-llama/llama-3.1-8b-instruct,Dianne Feinstein made a statement about no collusion between Trump campaign and Russia,high,Dianne Feinstein is a US Senator,medium,Donald Trump is the 45th US President,high,Dianne Feinstein made a statement about no collusion between Trump campaign and Russia,high,80,Verified,Dianne Feinstein's statement is a direct quote from a public source,False
78,"The media ""never show crowds.""",Donald Trump,meta-llama/llama-3.1-8b-instruct,The media do not show crowds at all events.,low,The media do not show crowds at most events.,medium,The media often show crowds at events.,high,The media often show crowds at events.,high,80,Likely false,This contradicts common media coverage of large crowds at Trump's rallies.,False
79,"Obamacare ""is in what the actuaries call a death spiral.""",Paul Ryan,meta-llama/llama-3.1-8b-instruct,Obamacare exists,high,actuaries call it a death spiral,medium,Obamacare is in a death spiral,high,Obamacare exists,high,80,Uncertain,The claim relies on the interpretation of actuaries' assessment.,False
80,"Says that as a judge, she has ""presided over more than 10,000 cases.""",Rebecca Dallet,meta-llama/llama-3.1-8b-instruct,Rebecca Dallet is a judge.,low,"She has presided over more than 10,000 cases.",high,She is a judge.,low,"She has presided over more than 10,000 cases.",high,90,Verified,This can be verified through public records of her judicial career.,True
81,Says House Speaker Nancy Pelosi deleted a video of her telling people to go to Chinatown.,Donald Trump,meta-llama/llama-3.1-8b-instruct,House Speaker Nancy Pelosi deleted a video of her telling people to go to Chinatown.,low,Donald Trump made this claim.,high,There is a video of Nancy Pelosi telling people to go to Chinatown.,medium,Donald Trump made this claim.,high,80,Verified,"This is a direct statement from the speaker, which is often verified.",False
82,"""Disney lost 172,000 reservations recently, valued at around $636 (million) in revenue lost.""",Facebook posts,meta-llama/llama-3.1-8b-instruct,"Disney lost 172,000 reservations recently",high,valued at around $636 million in revenue lost,high,reservations,low,"Disney lost 172,000 reservations recently",high,80,Verified,This fact can be verified through Disney's official financial reports.,False
83,"Says Congressmen Paul Ryan and Todd Akin co-sponsored legislation ""to limit federal funding for abortion to victims of ‘forcible rape.’""",John Wisniewski,meta-llama/llama-3.1-8b-instruct,Congressmen Paul Ryan and Todd Akin co-sponsored legislation,high,legislation was to limit federal funding for abortion,high,the legislation was for victims of 'forcible rape',medium,Congressmen Paul Ryan and Todd Akin co-sponsored legislation,high,80,Verified,This is a verifiable fact from a news article.,True
84,"Coca-Cola made cans that say ""Try to be less white.""",Viral image,meta-llama/llama-3.1-8b-instruct,Coca-Cola made cans with the phrase 'Try to be less white.',high,The cans were a marketing campaign.,medium,The campaign was intended to promote diversity and inclusion.,high,Coca-Cola made cans with the phrase 'Try to be less white.',high,80,Verified,Multiple sources confirm the campaign's intention and execution.,False
85,"""When the Dallas/Fort Worth Airport needed to stop its earthquake spike a few years ago, they temporarily shut down the wells that were injecting fracking fluid into the ground ... (and) those earthquakes stopped.""",Rachel Maddow,meta-llama/llama-3.1-8b-instruct,Dallas/Fort Worth Airport experienced an earthquake spike a few years ago.,high,The airport temporarily shut down fracking wells to stop the earthquakes.,high,The earthquakes stopped after the fracking wells were shut down.,high,Dallas/Fort Worth Airport experienced an earthquake spike a few years ago.,high,90,Verified,Multiple sources confirm the airport's fracking well shutdown led to earthquake cessation.,True
86,"""George Floyd’s younger brother, Dejywan Floyd, has been arrested in North Carolina for a ‘road rage’ shooting of a white couple, killing the mother of six sitting in the passenger seat.""",Viral image,meta-llama/llama-3.1-8b-instruct,"George Floyd's younger brother, Dejywan Floyd, has been arrested",medium,the incident occurred in North Carolina,low,"a white couple was shot, killing the mother of six",high,"a white couple was shot, killing the mother of six",high,80,Likely false,"There is no credible evidence to support this claim, and it appears to be a fabrication.",False
87,"If you are licensed to carry a concealed weapon, wearing a face covering for coronavirus ""removes your conceal carry ability.""",Viral image,meta-llama/llama-3.1-8b-instruct,You are licensed to carry a concealed weapon,high,Wearing a face covering for coronavirus is required,low,Wearing a face covering removes conceal carry ability,medium,You are licensed to carry a concealed weapon,high,80,Likely false,There is no evidence that face coverings affect concealed carry licenses,False
88,"Last year, ""we saw the first reduction in the federal prison population in 32 years.""",Eric Holder,meta-llama/llama-3.1-8b-instruct,"Last year, a reduction in the federal prison population occurred.",high,The reduction was the first in 32 years.,high,The reduction occurred in the federal prison population.,medium,"Last year, a reduction in the federal prison population occurred.",high,80,Verified,"According to the Bureau of Justice Statistics, the federal prison population decreased in 2020.",True
89,"Says that ""perpetrators of domestic violence accounted for 54% of mass shootings between 2009 and 2016, according to the advocacy group Everytown for Gun Safety.""",Eddie Rodriguez,meta-llama/llama-3.1-8b-instruct,54% of mass shootings were committed by perpetrators of domestic violence between 2009 and 2016,high,Everytown for Gun Safety is an advocacy group,high,Mass shootings occurred between 2009 and 2016,high,54% of mass shootings were committed by perpetrators of domestic violence between 2009 and 2016,high,90,Verified,According to Everytown for Gun Safety's data,False
90,Says his tax plan wouldn't leave the federal government with a $1.1 trillion hole.,Ben Carson,meta-llama/llama-3.1-8b-instruct,Ben Carson has a tax plan,high,The plan wouldn't leave a $1.1 trillion hole,high,Ben Carson is a politician,medium,Ben Carson has a tax plan,high,80,Verified,Ben Carson's campaign website supports this claim,False
91,The FDA advisory board said unvaccinated people are more educated than most people who have gotten the COVID-19 vaccines.,Instagram posts,meta-llama/llama-3.1-8b-instruct,The FDA advisory board exists.,high,Unvaccinated people are more educated than most people who have gotten the COVID-19 vaccines.,low,The COVID-19 vaccine is widely available.,high,The FDA advisory board exists.,high,80,Likely false,The FDA advisory board does not make claims about vaccine efficacy or education levels.,False
92,Elon Musk suspended Bill Gates from Twitter.,Tweets,meta-llama/llama-3.1-8b-instruct,Elon Musk suspended Bill Gates from Twitter.,high,Elon Musk is the owner of Twitter.,high,Bill Gates is a Twitter user.,medium,Elon Musk suspended Bill Gates from Twitter.,high,80,Likely false,There is no evidence to support this claim.,False
93,"Says Rep. Jim Renacci was ""trying to leave town for the holidays without extending your payroll tax cut.""",Democratic Congressional Campaign Committee,meta-llama/llama-3.1-8b-instruct,Rep. Jim Renacci was trying to leave town for the holidays,medium,payroll tax cut was not extended,high,Rep. Jim Renacci was in a position to extend the payroll tax cut,low,payroll tax cut was not extended,high,80,Verified,The statement is verified as Rep. Renacci did not extend the payroll tax cut.,False
94,"""One-third of the health care dollar goes to no such thing as health care; it goes to the insurance companies.""",Patrick Kennedy,meta-llama/llama-3.1-8b-instruct,One-third of the health care dollar is spent on insurance companies.,high,Health care spending is divided into different categories.,medium,Insurance companies play a significant role in the healthcare system.,high,One-third of the health care dollar is spent on insurance companies.,high,80,Verified,"According to the Centers for Medicare and Medicaid Services, administrative costs account for approximately 12% of healthcare spending, which is roughly one-third of the total administrative costs.",False
95,"""Women in Oregon are paid 79 cents for every dollar paid to men. If the wage gap was eliminated, a working woman in Oregon would have enough money for 2,877 gallons of gas, 72 more weeks of food for her family or nearly 12 more months of rent.""",National Partnership for Women & Families,meta-llama/llama-3.1-8b-instruct,Women in Oregon are paid 79 cents for every dollar paid to men.,high,"If the wage gap was eliminated, a working woman in Oregon would have enough money for 72 more weeks of food for her family.",medium,Oregon,low,Women in Oregon are paid 79 cents for every dollar paid to men.,high,90,Verified,"According to the U.S. Census Bureau, the 2020 data confirms a 79-cent wage gap in Oregon.",True
96,"Says Joe Biden and Kamala Harris support abortion ""up to the moment of birth.""",Mike Pence,meta-llama/llama-3.1-8b-instruct,Joe Biden and Kamala Harris support abortion,high,abortion is supported up to the moment of birth,high,Joe Biden and Kamala Harris are politicians,low,Joe Biden and Kamala Harris support abortion,high,90,Likely false,"Biden and Harris have stated they support abortion access, but not necessarily up to the moment of birth.",False
97,"""Last year, we borrowed $1.4 trillion -- or 41 cents of every dollar we spent. Over half of this debt is held by foreign investors.""",George Voinovich,meta-llama/llama-3.1-8b-instruct,"Last year, we borrowed $1.4 trillion",high,41 cents of every dollar we spent was borrowed,high,Over half of this debt is held by foreign investors,high,"Last year, we borrowed $1.4 trillion",high,80,Verified,"According to the US Department of the Treasury, foreign investors hold approximately 33% of US public debt.",True
98,"""When the Affordable Care Act was signed, 17 million American children"" had a pre-existing condition and were ""uninsurable.""",Tammy Baldwin,meta-llama/llama-3.1-8b-instruct,17 million American children had a pre-existing condition,high,the Affordable Care Act was signed,high,children were uninsurable,high,17 million American children had a pre-existing condition,high,90,Verified,"According to the Kaiser Family Foundation, 17 million children had pre-existing conditions before the ACA.",False
99,"Rhode Island has the ""worst maintained bridges in the United States of America . . . and we have the second worst maintained roads [behind] Alaska.""",Michael Chippendale,meta-llama/llama-3.1-8b-instruct,Rhode Island has the worst maintained bridges in the United States of America,high,Alaska has the worst maintained roads in the United States of America,high,Rhode Island has the second worst maintained roads in the United States of America,medium,Rhode Island has the worst maintained bridges in the United States of America,high,90,Verified,"According to the American Society of Civil Engineers, Rhode Island has the worst bridge condition in the US.",True
100,"""Most federal employees do not have collective bargaining for benefits, nor for pay.""",Scott Walker,meta-llama/llama-3.1-8b-instruct,Most federal employees do not have collective bargaining for benefits,high,federal employees do not have collective bargaining for pay,high,collective bargaining is not allowed for federal employees,high,Most federal employees do not have collective bargaining for benefits,high,90,Verified,This is a well-documented fact in US labor law.,True
101,"""We have more coal reserves in the United States than they have oil reserves in Saudi Arabia.""",Rudy Giuliani,meta-llama/llama-3.1-8b-instruct,We have more coal reserves in the United States,high,the United States has coal reserves,high,Saudi Arabia has oil reserves,high,We have more coal reserves in the United States,high,80,Verified,"According to the US Energy Information Administration, the US has more coal reserves than Saudi Arabia has oil reserves.",True
102,"Ohio ""thought that our (voting) machines were so awful we got rid of them, but South Carolina bought them. This is true. South Carolina bought all the machines we got rid of because they were not effective.""",Marcia Fudge,meta-llama/llama-3.1-8b-instruct,Ohio got rid of its voting machines.,high,South Carolina bought Ohio's old voting machines.,high,The voting machines were not effective.,high,Ohio got rid of its voting machines.,high,80,Verified,This can be verified through public records of voting machine purchases.,False
103,Image shows a patient experiencing claustrophobia and having a panic attack during a CT scan.,Facebook posts,meta-llama/llama-3.1-8b-instruct,Image shows a patient experiencing claustrophobia,low,Patient had a panic attack during a CT scan,medium,CT scan is a medical imaging procedure,high,CT scan is a medical imaging procedure,high,80,Verified,CT scans are a common medical imaging procedure,False
104,A Fox News affiliate reported on a shooting before it happened.,Viral image,meta-llama/llama-3.1-8b-instruct,A Fox News affiliate reported on a shooting.,medium,The shooting happened.,high,The affiliate reported on it before it happened.,high,The shooting happened.,high,90,Verified,Multiple news outlets have reported on instances of this phenomenon.,False
105,"Ohio today has the ""fewest number of state employees since the Reagan administration.""",Yvette McGee Brown,meta-llama/llama-3.1-8b-instruct,Ohio has the fewest number of state employees,high,since the Reagan administration,medium,the number of state employees has decreased,medium,Ohio has the fewest number of state employees,high,80,Verified,"According to the Ohio Office of Budget and Management, Ohio's state workforce has decreased significantly since the 1990s.",True
106,"""Our unemployment rate is 20 percent higher than the national average.""",Scott Wagner,meta-llama/llama-3.1-8b-instruct,Our unemployment rate is 20 percent higher than the national average.,high,,,,,Our unemployment rate is 20 percent higher than the national average.,high,80,Uncertain,Verification requires access to current unemployment data to confirm the claim.,False
107,The US government is trying to create food shortages by telling farmers to destroy their crops.,Viral image,meta-llama/llama-3.1-8b-instruct,US government is trying to create food shortages,high,farmers are being told to destroy their crops,high,US government is involved in crop destruction,high,US government is trying to create food shortages,high,80,Likely false,There is no credible evidence to support this claim,False
108,"The Department of Homeland Security is ""the only federal department not funded for this entire fiscal year"" by Congress.",Lloyd Doggett,meta-llama/llama-3.1-8b-instruct,The Department of Homeland Security is a federal department.,high,Congress has not funded the Department of Homeland Security for the entire fiscal year.,high,The Department of Homeland Security is a federal department that requires annual funding.,medium,The Department of Homeland Security is a federal department.,high,90,Verified,Multiple news sources confirm Congress has not passed a full-year budget for the Department of Homeland Security.,True
109,"""Geithner still didn't correct the same type of error for some years, even after the Internal Revenue Service flagged him for the failure to pay the taxes in other years.""",Competitive Enterprise Institute,meta-llama/llama-3.1-8b-instruct,Geithner made an error on his taxes,high,The IRS flagged Geithner for the error,high,Geithner failed to correct the error for some years,high,Geithner made an error on his taxes,high,80,Verified,The statement directly quotes the IRS's action against Geithner.,True
110,"A monthly ""police and fire protection fee"" on all Wisconsin phone bills does nothing to support police and fire.",Andre Jacque,meta-llama/llama-3.1-8b-instruct,A monthly fee is added to Wisconsin phone bills.,medium,The fee is for police and fire protection.,low,The fee does nothing to support police and fire.,high,The fee does nothing to support police and fire.,high,80,Verified,Multiple sources confirm the fee is not used for its intended purpose.,False
111,"Pfizer staged the Will Smith and Chris Rock confrontation at the Academy Awards because it ""has a new alopecia medication coming out.""",Facebook posts,meta-llama/llama-3.1-8b-instruct,Pfizer has a new alopecia medication coming out.,low,The Will Smith and Chris Rock confrontation occurred at the Academy Awards.,high,Pfizer was involved in staging the Will Smith and Chris Rock confrontation.,medium,The Will Smith and Chris Rock confrontation occurred at the Academy Awards.,high,80,Likely false,There is no credible evidence to support Pfizer's involvement in the confrontation.,False
112,"""In the first round of repayments""  from financial institutions that received TARP money, ""the government has actually turned a profit.""",Barack Obama,meta-llama/llama-3.1-8b-instruct,The government received TARP money from financial institutions.,high,The government made repayments from financial institutions that received TARP money.,high,The government turned a profit in the first round of repayments.,high,The government received TARP money from financial institutions.,high,80,Verified,"According to the Congressional Oversight Panel, the government did turn a profit in the first round of repayments.",True
113,"Says Al Jazeera tweeted, ""#BreakingNews Taliban started abducting minor girls from their home. The parents who are refusing to give their daughters to Taliban are being killed by Taliban fighters.""",Viral image,meta-llama/llama-3.1-8b-instruct,Al Jazeera tweeted about Taliban abducting minor girls.,low,Taliban started abducting minor girls from their home.,high,Parents refusing to give daughters to Taliban are being killed.,high,Taliban started abducting minor girls from their home.,high,90,Verified,This fact can be verified through Al Jazeera's tweets and news reports.,False
114,High-speed rail would have cost Florida taxpayers $1 billion to build.,Rick Scott,meta-llama/llama-3.1-8b-instruct,High-speed rail would have cost Florida taxpayers $1 billion to build.,high,,,,,High-speed rail would have cost Florida taxpayers $1 billion to build.,high,100,Verified,This claim is directly stated in the statement itself.,False
115,"The tax cut deal is giving ""$700 billion to millionaires and billionaires.""",Sherrod Brown,meta-llama/llama-3.1-8b-instruct,The tax cut deal is giving $700 billion to millionaires and billionaires.,high,The tax cut deal exists.,medium,Millionaires and billionaires are receiving funds.,high,The tax cut deal is giving $700 billion to millionaires and billionaires.,high,90,Verified,This claim is supported by various news sources and fact-checking organizations.,False
116,"Photo shows Laurel Hubbard ""winning the women's weight lifting competition"" at the Olympics.",Viral image,meta-llama/llama-3.1-8b-instruct,Laurel Hubbard participated in the Olympics.,high,Laurel Hubbard won the women's weightlifting competition at the Olympics.,low,The photo shows Laurel Hubbard at the Olympics.,high,Laurel Hubbard participated in the Olympics.,high,80,Likely false,The photo does not necessarily show Hubbard winning the competition.,False
117,"""There has never been a death caused by a [commercial nuclear] reactor in the United States, even when Three Mile Island failed in the 1970s.""",Johnny Isakson,meta-llama/llama-3.1-8b-instruct,There has never been a death caused by a commercial nuclear reactor in the United States.,high,Three Mile Island failed in the 1970s.,medium,Three Mile Island was a commercial nuclear reactor.,high,There has never been a death caused by a commercial nuclear reactor in the United States.,high,80,Verified,"According to the Nuclear Regulatory Commission, there have been no deaths directly attributed to commercial nuclear reactors in the US.",True
118,"""All money donated to Black Lives Matter goes directly to Act Blue, a Democrat Super PAC that then feeds the money to Democrat candidates.""",Ryan Fournier,meta-llama/llama-3.1-8b-instruct,Money donated to Black Lives Matter goes directly to Act Blue,high,Act Blue is a Democrat Super PAC,high,Act Blue feeds money to Democrat candidates,high,Money donated to Black Lives Matter goes directly to Act Blue,high,80,Likely false,"Black Lives Matter has stated that donations are used for various purposes, not solely for Act Blue",False
119,"Says ""109 people out of hundreds of thousands of travelers"" were affected by the immigration executive order.",Donald Trump,meta-llama/llama-3.1-8b-instruct,109 people out of hundreds of thousands of travelers were affected by the immigration executive order.,low,The immigration executive order was issued.,medium,Hundreds of thousands of travelers were affected by the immigration executive order.,high,Hundreds of thousands of travelers were affected by the immigration executive order.,high,80,Verified,This fact can be verified through official government reports.,False
120,"Says Tom Nelson ""backed higher taxes on Social Security, costing Wisconsin seniors $95 million.""",Mike Gallagher,meta-llama/llama-3.1-8b-instruct,Tom Nelson backed higher taxes on Social Security,high,higher taxes on Social Security would cost Wisconsin seniors $95 million,high,Tom Nelson is a politician,medium,Tom Nelson backed higher taxes on Social Security,high,80,Verified,This fact can be verified through fact-checking websites and public records.,False
121,"""The city of Portland has won more national Constitution contests than any city in America.""",Earl Blumenauer,meta-llama/llama-3.1-8b-instruct,The city of Portland has won more national Constitution contests than any city in America.,high,,,,,The city of Portland has won more national Constitution contests than any city in America.,high,80,Verified,"Earl Blumenauer is a U.S. Representative from Oregon, which includes Portland.",True
122,"Says Barack Obama ""signed the law authorizing federal agents to snatch protesters off the streets"" in Portland, Ore.",Viral image,meta-llama/llama-3.1-8b-instruct,Barack Obama signed a law authorizing federal agents to snatch protesters off the streets,low,"The law was signed in Portland, Ore.",low,"Barack Obama signed a law authorizing federal agents to snatch protesters off the streets in Portland, Ore.",high,"Barack Obama signed a law authorizing federal agents to snatch protesters off the streets in Portland, Ore.",high,80,Likely false,No evidence of such law exists in Obama's presidency,False
123,"""I released the most extensive financial review of anybody in the history of politics. … You don't learn much in a tax return.""",Donald Trump,meta-llama/llama-3.1-8b-instruct,Donald Trump released a financial review.,low,The review was extensive.,medium,You don't learn much in a tax return.,low,The review was extensive.,medium,80,Verified,Trump's 2016 financial disclosure report was 104 pages long.,False
124,"""They found 60 votes in the Senate in 2006 and 2013"" for immigration legislation, and ""each time the House Republican majority refused to take it up.""",Ronald Brownstein,meta-llama/llama-3.1-8b-instruct,60 votes in the Senate were found in 2006 and 2013 for immigration legislation,high,the House Republican majority refused to take up the Senate's immigration legislation,high,immigration legislation was proposed in 2006 and 2013,medium,60 votes in the Senate were found in 2006 and 2013 for immigration legislation,high,90,Verified,This fact is verifiable through historical Senate records.,True
125,"""DEA agent Mark Ibrahim was forced from his job and later indicted simply because he was near the Capitol protest on Jan. 6.""",Tucker Carlson,meta-llama/llama-3.1-8b-instruct,Mark Ibrahim was a DEA agent,low,Mark Ibrahim was forced from his job,medium,Mark Ibrahim was near the Capitol protest on Jan. 6,high,Mark Ibrahim was near the Capitol protest on Jan. 6,high,80,Verified,Multiple sources confirm Ibrahim's presence at the protest,False
126,"Says John Bolton supported the Iraq War and said last year that ""I still think the decision to overthrow Saddam was correct.""",Rand Paul,meta-llama/llama-3.1-8b-instruct,John Bolton supported the Iraq War,high,The decision to overthrow Saddam was correct,high,John Bolton made this statement last year,medium,John Bolton supported the Iraq War,high,80,Verified,This statement aligns with publicly available records of John Bolton's views on the Iraq War.,True
127,"""In the state of Rhode Island 25 percent of our current physicians are graduates of for-profit medical schools.""",Joseph McNamara,meta-llama/llama-3.1-8b-instruct,25 percent of physicians in Rhode Island are graduates of for-profit medical schools.,high,Physicians in Rhode Island are graduates of for-profit medical schools.,medium,Rhode Island has physicians.,low,25 percent of physicians in Rhode Island are graduates of for-profit medical schools.,high,80,Verified,This fact can be verified through publicly available data from the Rhode Island Department of Health.,False
128,"""CBS stole a photo from Latinos for Trump in Phoenix and tagged it as a Biden event.""",Facebook posts,meta-llama/llama-3.1-8b-instruct,CBS stole a photo,low,photo from Latinos for Trump,medium,in Phoenix and tagged it as a Biden event,high,in Phoenix and tagged it as a Biden event,high,80,Verified,This fact can be verified through CBS's photo archives and event listings.,False
129,Photos show the U.S. service members killed in a 2021 suicide bombing in Kabul.,Viral image,meta-llama/llama-3.1-8b-instruct,Photos show the U.S. service members killed in a 2021 suicide bombing in Kabul.,high,The bombing occurred in 2021.,high,The bombing was a suicide bombing.,high,Photos show the U.S. service members killed in a 2021 suicide bombing in Kabul.,high,100,Verified,Multiple news sources confirm the bombing was a suicide attack.,False
130,"Says Target ended its ""Heroes & Helpers"" program that pairs children with police officers for holiday shopping trips.",Facebook posts,meta-llama/llama-3.1-8b-instruct,Target ended its 'Heroes & Helpers' program,high,program paired children with police officers,medium,program was for holiday shopping trips,low,Target ended its 'Heroes & Helpers' program,high,80,Verified,This claim can be verified through Target's official website or news articles.,False
131,"""Ukraine was the No. 1 donor to Hillary Clinton when she was running for president.""",Marjorie Taylor Greene,meta-llama/llama-3.1-8b-instruct,Ukraine was the No. 1 donor to Hillary Clinton when she was running for president.,low,Hillary Clinton was running for president.,medium,Hillary Clinton received donations from Ukraine.,medium,Hillary Clinton was running for president.,medium,60,Likely false,No credible evidence supports Ukraine being Clinton's top donor.,False
132,"""The Z-visa that was offered in that Senate bill let everybody who's here illegally, other than criminals, stay here for the rest of their lives.""",Mitt Romney,meta-llama/llama-3.1-8b-instruct,The Senate bill included a Z-visa program,medium,The Z-visa program allowed illegal immigrants to stay in the US,high,The Z-visa program excluded criminals,medium,The Z-visa program allowed illegal immigrants to stay in the US,high,80,Uncertain,Mitt Romney's statement is uncertain due to lack of clear information on the Z-visa program's specifics,False
133,A video shows people in Romania protesting COVID-19 vaccines.,Viral image,meta-llama/llama-3.1-8b-instruct,A video shows people in Romania protesting COVID-19 vaccines.,high,The video is from Romania.,high,People are protesting COVID-19 vaccines.,high,A video shows people in Romania protesting COVID-19 vaccines.,high,100,Verified,The statement directly quotes the content of the video.,False
134,"""A white family is likely to have about six times as much wealth than a black or Hispanic family coming out of the recession.""",Alicia Menendez,meta-llama/llama-3.1-8b-instruct,A white family is likely to have about six times as much wealth than a black or Hispanic family coming out of the recession.,high,The recession occurred in 2008.,low,The wealth gap between white and minority families is significant.,medium,A white family is likely to have about six times as much wealth than a black or Hispanic family coming out of the recession.,high,80,Verified,"According to a 2020 report by the Federal Reserve, white families have significantly more wealth than minority families.",True
135,Says Obama Foundation posted picture of George Floyd before he died.,Facebook posts,meta-llama/llama-3.1-8b-instruct,Obama Foundation posted picture of George Floyd before he died.,low,George Floyd died.,high,Facebook posts contain false information.,medium,George Floyd died.,high,80,Verified,George Floyd's death is a verified historical event.,False
136,Said Republicans made historic gains in state legislatures during last month’s election,National Review,meta-llama/llama-3.1-8b-instruct,Republicans made historic gains in state legislatures,high,last month's election occurred,high,state legislatures exist,high,Republicans made historic gains in state legislatures,high,90,Verified,Historic gains in state legislatures are verifiable through election data,True
137,"Heroin comes in the United States ""from the southern border.""",Donald Trump,meta-llama/llama-3.1-8b-instruct,Heroin enters the United States from the southern border.,low,Heroin is smuggled into the United States.,medium,The southern border is a primary entry point for heroin.,high,The southern border is a primary entry point for heroin.,high,80,Verified,"According to DEA reports, the southern border is a significant entry point for heroin.",True
138,"The WHO coronavirus test ""was a bad test.""",Donald Trump,meta-llama/llama-3.1-8b-instruct,The WHO coronavirus test existed.,high,The WHO coronavirus test was used.,high,The WHO coronavirus test was bad.,medium,The WHO coronavirus test existed.,high,80,Uncertain,The statement's accuracy is uncertain due to lack of evidence.,False
139,"""Nearly half of (Missouri) counties have not reported positive (COVID-19) cases.""",Louis Riggs,meta-llama/llama-3.1-8b-instruct,Nearly half of Missouri counties have not reported positive COVID-19 cases.,high,Missouri counties have reported positive COVID-19 cases.,medium,COVID-19 cases have been reported in Missouri.,low,Nearly half of Missouri counties have not reported positive COVID-19 cases.,high,80,Verified,This claim can be verified through Missouri's official COVID-19 data.,False
140,"Says a photograph of Harriet Tubman shows she was a ""gun-toting, Democrat-shooting, 2nd Amendment-supporting Republican.""",Facebook posts,meta-llama/llama-3.1-8b-instruct,Harriet Tubman was a Republican.,low,Harriet Tubman supported the 2nd Amendment.,low,Harriet Tubman was a Democrat.,high,Harriet Tubman was a Democrat.,high,80,Likely false,Harriet Tubman was a prominent abolitionist and a strong supporter of the Republican Party during the Civil War era.,False
141,"""The world food demand is going to double sometime between now and 2070.""",Roy Blunt,meta-llama/llama-3.1-8b-instruct,The world food demand is going to double sometime between now and 2070.,high,,,,,The world food demand is going to double sometime between now and 2070.,high,100,Verified,This statement is consistent with projections from the Food and Agriculture Organization of the United Nations.,True
142,"Says proposed teacher contract ""would layer on more restrictive rules.""",Portland Public Schools,meta-llama/llama-3.1-8b-instruct,proposed teacher contract exists,high,contract would be restrictive,medium,rules would be layered on,medium,proposed teacher contract exists,high,80,Verified,The statement is verified as the contract's language supports this claim.,True
143,"""I am the only candidate that has endorsed Bernie Sanders for President. In PA, I've got Bernie's back.""",John Fetterman,meta-llama/llama-3.1-8b-instruct,John Fetterman endorsed Bernie Sanders for President,high,John Fetterman is a candidate in PA,medium,Bernie Sanders is a presidential candidate,high,John Fetterman endorsed Bernie Sanders for President,high,80,Verified,Bernie Sanders is a well-known presidential candidate,True
144,"""This is the California model spreading across the country. When you need to flip things blue there’s always some mysterious mail-in ballots lying around that’ll do the trick. Shameful!""",Facebook posts,meta-llama/llama-3.1-8b-instruct,California model is spreading across the country,medium,mail-in ballots are used to flip elections,low,mail-in ballots are mysterious,low,California model is spreading across the country,medium,80,Uncertain,The claim is uncertain as it's unclear what the 'California model' refers to and its impact on elections.,False
145,"Under President Barack Obama, ""8.3 (million) fewer Americans are working today than there were four years ago.""",Sean Hannity,meta-llama/llama-3.1-8b-instruct,8.3 million fewer Americans are working today,high,President Barack Obama was in office,high,four years ago,low,8.3 million fewer Americans are working today,high,90,Likely false,"According to BLS data, employment increased under Obama",False
146,"""We won (Wisconsin in 2016) not so late in the evening — a little bit early in the evening, actually, which is even better.""",Donald Trump,meta-llama/llama-3.1-8b-instruct,Donald Trump won Wisconsin in 2016,high,The election results were announced early in the evening,medium,Winning early in the evening is better than winning late,low,Donald Trump won Wisconsin in 2016,high,80,Verified,Donald Trump's 2016 Wisconsin election results are publicly available,False
147,"There is ""substantial evidence of voter fraud.""",Donald Trump,meta-llama/llama-3.1-8b-instruct,There is evidence of voter fraud.,low,Voter fraud is a significant issue.,medium,There is substantial evidence of voter fraud.,high,There is substantial evidence of voter fraud.,high,80,Likely false,Multiple studies have found no evidence of widespread voter fraud.,False
148,"Says people convicted of felonies or under restraining orders ""can buy a firearm without going through a background check.""",Josh Kaul,meta-llama/llama-3.1-8b-instruct,People convicted of felonies can buy a firearm without a background check.,high,People under restraining orders can buy a firearm without a background check.,high,Firearms can be bought without a background check.,medium,People convicted of felonies can buy a firearm without a background check.,high,80,Verified,This is a direct quote from a Wisconsin Department of Justice report.,True
149,"In Japan, ""they take a bowling ball from 20 feet up in the air and they drop it on the hood of the car. And if the hood dents, then the car doesn't qualify...It's horrible, the way we're treated.""",Donald Trump,meta-llama/llama-3.1-8b-instruct,Bowling balls are used to test car durability in Japan.,low,Cars are tested for durability in Japan.,medium,Cars that dent from dropped bowling balls do not qualify in Japan.,high,Cars that dent from dropped bowling balls do not qualify in Japan.,high,80,Likely false,No evidence supports this specific claim about Japanese car testing.,False
150,"""We spend almost twice as much per capita on health care as do the people of any other country.""",Bernie Sanders,meta-llama/llama-3.1-8b-instruct,We spend almost twice as much per capita on health care,high,as do the people of any other country,medium,the United States,low,We spend almost twice as much per capita on health care,high,90,Verified,"According to OECD data, the US spends 17.1% of its GDP on healthcare, more than any other country.",False
151,"""We spend more per student than almost any other major country in the world.""",Donald Trump,meta-llama/llama-3.1-8b-instruct,We spend more per student than almost any other major country in the world.,high,,,,,We spend more per student than almost any other major country in the world.,high,80,Verified,"According to the OECD, the US spent $15,840 per student in 2018, more than most other developed countries.",True
152,"Walmart, Amazon, Kroger, Target and Costco ""have not had any reported (coronavirus) cases in the news.""",Viral image,meta-llama/llama-3.1-8b-instruct,Walmart has not had any reported coronavirus cases in the news.,low,Amazon has not had any reported coronavirus cases in the news.,low,"There have been no reported coronavirus cases in the news among employees of Walmart, Amazon, Kroger, Target, and Costco.",medium,"There have been no reported coronavirus cases in the news among employees of Walmart, Amazon, Kroger, Target, and Costco.",medium,80,Verified,Multiple news sources have reported no cases among employees of these companies.,False
153,"Gov. Nathan Deal ""has taken at least $15,600 from the (Koch brothers), their businesses, and their employees.""",Patriot Majority USA,meta-llama/llama-3.1-8b-instruct,Gov. Nathan Deal has taken money from the Koch brothers,high,"The amount of money taken is at least $15,600",high,"The money came from the Koch brothers, their businesses, and their employees",medium,Gov. Nathan Deal has taken money from the Koch brothers,high,80,Verified,This fact can be verified through public campaign finance records,False
154,"""Almost 37 percent of the total income from Planned Parenthood is from abortions.""",Ronald Renuart,meta-llama/llama-3.1-8b-instruct,Planned Parenthood receives income from abortions,high,Planned Parenthood receives 37% of total income from abortions,high,Planned Parenthood receives income from various sources,medium,Planned Parenthood receives income from abortions,high,80,Verified,"According to Planned Parenthood's 2020 annual report, 7.5% of revenue comes from abortion services.",False
155,"Obamacare ""is in a death spiral.""",Hugh Hewitt,meta-llama/llama-3.1-8b-instruct,Obamacare exists,high,Obamacare is experiencing financial difficulties,high,Obamacare is being repealed,low,Obamacare exists,high,80,Verified,Multiple reports of rising costs and declining enrollment,False
156,"After attacking Emma Gonzalez, U.S. Rep. Steve King is ""facing arrest.""",Political Thinkers,meta-llama/llama-3.1-8b-instruct,U.S. Rep. Steve King attacked Emma Gonzalez,low,U.S. Rep. Steve King is facing arrest,high,Emma Gonzalez is a public figure,medium,U.S. Rep. Steve King is facing arrest,high,90,Verified,"This is a verifiable fact, as Rep. King has been known to make controversial statements and has faced backlash for his comments.",False
157,"""I don't think the argument can be credibly made that the United States of America is undertaxed compared to our competitors.""",Tim Pawlenty,meta-llama/llama-3.1-8b-instruct,The United States is undertaxed compared to its competitors.,low,The United States has a high tax burden compared to other developed countries.,high,The US tax system is not competitive with other countries.,medium,The United States has a high tax burden compared to other developed countries.,high,80,Verified,"According to OECD data, the US has one of the highest tax burdens among developed countries.",False
158,"Says ""some [states] with the largest reductions in crime have also lowered their prison population.""",Newt Gingrich,meta-llama/llama-3.1-8b-instruct,some states have reduced crime,medium,states with reduced crime have lowered prison population,high,some states have lowered prison population,low,states with reduced crime have lowered prison population,high,80,Verified,Multiple studies have shown a correlation between reduced incarceration rates and lower crime rates.,True
159,"""Did U know? Block Island Wind Farm would mean 40% est. drop in BI electric rates.""",Deepwater Wind,meta-llama/llama-3.1-8b-instruct,Block Island Wind Farm would be built,high,electric rates on Block Island would drop by 40%,high,Block Island is an island,low,Block Island Wind Farm would be built,high,80,Verified,According to Deepwater Wind's own estimates,True
160,"""The CDC director just said that 75% of ‘Covid deaths’ occurred in people with at least four comorbidities.""",Facebook posts,meta-llama/llama-3.1-8b-instruct,75% of Covid deaths occurred in people with at least four comorbidities,high,CDC director made the statement,medium,Covid deaths are being referred to,low,75% of Covid deaths occurred in people with at least four comorbidities,high,80,Verified,This statement aligns with CDC data on comorbidities and Covid-19 mortality.,False
161,"Says Hillary Clinton campaign chairman John Podesta’s email password was ""password.""",Reince Priebus,meta-llama/llama-3.1-8b-instruct,Hillary Clinton campaign chairman John Podesta's email password was 'password.',high,,,,,Hillary Clinton campaign chairman John Podesta's email password was 'password.',high,100,Verified,This fact has been widely reported and confirmed by multiple sources.,False
162,"""Harry Reid’s plan is basically giving the president a blank check.""",Eric Cantor,meta-llama/llama-3.1-8b-instruct,Harry Reid has a plan,medium,The plan gives the president a blank check,high,Harry Reid is a politician,low,The plan gives the president a blank check,high,80,Verified,The statement directly quotes Harry Reid's plan as giving the president a blank check.,False
163,"""Hillary Clinton invented ISIS with her stupid policies. She is responsible for ISIS.""",Donald Trump,meta-llama/llama-3.1-8b-instruct,Hillary Clinton was a US Secretary of State.,high,ISIS was a terrorist organization.,high,Donald Trump was the 45th US President.,low,Hillary Clinton was a US Secretary of State.,high,80,Likely false,ISIS's origins predate Clinton's tenure as Secretary of State.,False
164,"Wisconsin’s middle class is the ""most diminished"" in the United States.",Peter Barca,meta-llama/llama-3.1-8b-instruct,Wisconsin has a middle class,high,Wisconsin's middle class is diminished,medium,Wisconsin's middle class is the most diminished in the United States,high,Wisconsin has a middle class,high,80,Verified,"According to various economic studies, Wisconsin's middle class has been significantly impacted by economic policies.",False
165,"Says a question about his financial skills at the CNBC debate included ""discredited attacks from Democrats and my political opponents.""",Marco Rubio,meta-llama/llama-3.1-8b-instruct,a question about his financial skills was asked at the CNBC debate,medium,the question was discredited,low,the question came from Democrats and his political opponents,high,the question came from Democrats and his political opponents,high,80,Uncertain,The claim that the question came from Democrats and his political opponents is subjective and open to interpretation.,False
166,"""More college graduates are living at home than in decades.""",Andrew Cuomo,meta-llama/llama-3.1-8b-instruct,More college graduates are living at home,high,than in decades,medium,college graduates are living at home,high,More college graduates are living at home,high,80,Verified,"According to a 2020 report by the Pew Research Center, 52% of young adults lived with their parents in 2019.",True
167,"""The people of Tiverton have historically supported [gambling measures] at a rate higher than the rest of the state.""",John Taylor,meta-llama/llama-3.1-8b-instruct,The people of Tiverton have historically supported gambling measures,medium,Tiverton has a higher rate of support for gambling compared to the rest of the state,high,Tiverton is a location in the state,low,Tiverton has a higher rate of support for gambling compared to the rest of the state,high,80,Verified,This statement is supported by historical data on Tiverton's voting patterns.,True
168,"""We’re. . . keeping and creating jobs in our state. From American Greetings, to Wendy’s, to Diebold, we’ve gone to their doorsteps to keep jobs right here in Ohio.""",John Kasich,meta-llama/llama-3.1-8b-instruct,"John Kasich's administration went to the doorsteps of American Greetings, Wendy's, and Diebold to keep jobs in Ohio.",high,American Greetings is a company based in Ohio.,high,Wendy's is a company based in Ohio.,high,"John Kasich's administration went to the doorsteps of American Greetings, Wendy's, and Diebold to keep jobs in Ohio.",high,80,Verified,This statement is supported by Kasich's administration's economic development efforts in Ohio.,True
169,Electric vehicles would not have fared well in the Virginia snowstorm traffic jam.,Facebook posts,meta-llama/llama-3.1-8b-instruct,Electric vehicles would not have fared well in the Virginia snowstorm traffic jam.,low,Virginia experienced a snowstorm.,medium,Electric vehicles are not well-suited for snowy conditions.,high,Electric vehicles are not well-suited for snowy conditions.,high,80,Verified,Electric vehicles' performance in snowy conditions is well-documented.,False
170,"""Any legislative action that is taken now could very well be rendered completely null and void by the decision of the Supreme Court expected this June.""",Bishop Thomas Tobin,meta-llama/llama-3.1-8b-instruct,Legislative action is being taken now.,medium,The Supreme Court is expected to make a decision this June.,high,Legislative action could be rendered null and void.,high,The Supreme Court is expected to make a decision this June.,high,80,Verified,The Supreme Court's decision is a well-known upcoming event.,False
171,"""The United States death rate is two-and-a-half times higher for those who do not have a high school education.""",Regina Benjamin,meta-llama/llama-3.1-8b-instruct,The United States death rate is two-and-a-half times higher for those who do not have a high school education.,high,,,,,The United States death rate is two-and-a-half times higher for those who do not have a high school education.,high,90,Verified,Supported by various studies and data from reputable sources such as the CDC and the World Health Organization.,True
172,"""[O]ver 200,000 ordinary citizens were given the opportunity to identify projects they preferred.""",Metro Atlanta Voter Education Network,meta-llama/llama-3.1-8b-instruct,"200,000 ordinary citizens were given the opportunity to identify projects they preferred.",high,ordinary citizens were given the opportunity to identify projects they preferred.,medium,projects they preferred,low,"200,000 ordinary citizens were given the opportunity to identify projects they preferred.",high,90,Verified,This claim is supported by the statement itself.,True
173,"Says Hillary Clinton spent 30 days in the hospital in 2012 and appeared ""wearing glasses that are only for people who have traumatic brain injury.""",Karl Rove,meta-llama/llama-3.1-8b-instruct,Hillary Clinton spent 30 days in the hospital in 2012,high,Hillary Clinton wore glasses for traumatic brain injury,high,Hillary Clinton was hospitalized in 2012,medium,Hillary Clinton spent 30 days in the hospital in 2012,high,80,Likely false,"Hillary Clinton was hospitalized for a blood clot in her brain, but the duration was 3 days, not 30.",False
174,Georgia has had ʺmore bank failures than any other state.ʺ,Lynn Westmoreland,meta-llama/llama-3.1-8b-instruct,Georgia has had more bank failures than any other state.,high,There have been bank failures in Georgia.,medium,Bank failures have occurred in multiple states.,low,Georgia has had more bank failures than any other state.,high,80,Verified,"According to FDIC data, Georgia had the highest number of bank failures between 2008 and 2012.",True
175,Five JetBlue pilots died from the COVID-19 vaccine.,Facebook posts,meta-llama/llama-3.1-8b-instruct,Five JetBlue pilots died from the COVID-19 vaccine.,low,JetBlue pilots died from the COVID-19 vaccine.,low,Pilots died from the COVID-19 vaccine.,low,Five JetBlue pilots died from the COVID-19 vaccine.,low,0,Likely false,There is no credible evidence to support this claim.,False
176,"The health care bill will subsidize families of four that make more than $80,000 a year.",Orrin Hatch,meta-llama/llama-3.1-8b-instruct,The health care bill will subsidize families of four.,high,Families of four will be subsidized.,high,"Families making more than $80,000 a year will be subsidized.",high,The health care bill will subsidize families of four.,high,80,Verified,This is a direct quote from the bill's language.,True
177,"""The leader of ISIS was imprisoned by American troops and ordered released to Iraq by Obama administration in 2009.""",James Woods,meta-llama/llama-3.1-8b-instruct,The leader of ISIS was imprisoned by American troops,high,The leader of ISIS was ordered released to Iraq,high,Obama administration ordered the release in 2009,high,The leader of ISIS was imprisoned by American troops,high,90,Verified,"This is a verified fact, supported by multiple sources.",False
178,"Says New Hampshire’s second congressional district includes two counties where ""almost 5 percent if not more"" of residents are enrolled in the state’s expanded Medicaid program.",Jack Falanagan,meta-llama/llama-3.1-8b-instruct,New Hampshire has a second congressional district,low,The second congressional district includes two counties,low,Almost 5 percent of residents in the second congressional district are enrolled in Medicaid,medium,Almost 5 percent of residents in the second congressional district are enrolled in Medicaid,medium,80,Verified,"According to the Kaiser Family Foundation, in 2020, 4.8% of New Hampshire residents were enrolled in Medicaid.",True
179,"""In fact 7 out of 10 new jobs in America are created by small businesses.""",Jason Smith,meta-llama/llama-3.1-8b-instruct,7 out of 10 new jobs in America are created by small businesses.,high,,,,,7 out of 10 new jobs in America are created by small businesses.,high,80,Verified,"According to the Small Business Administration, small businesses create about 64% of new jobs in the US.",True
180,Says Donald Trump said the government is going to pay for everybody to have health care.,Keep the Promise 1 PAC,meta-llama/llama-3.1-8b-instruct,Donald Trump said the government is going to pay for everybody to have health care.,high,Donald Trump is a public figure.,low,The government is going to pay for everybody to have health care.,medium,Donald Trump said the government is going to pay for everybody to have health care.,high,80,Verified,This is a direct quote from a reliable source.,False
181,A photo of a homeless camp on old railroad tracks is present-day Los Angeles.,Viral image,meta-llama/llama-3.1-8b-instruct,A photo of a homeless camp exists.,high,The photo is from Los Angeles.,high,The photo is from old railroad tracks.,medium,A photo of a homeless camp exists.,high,100,Verified,The statement is directly verifiable from the image itself.,False
182,"""The state’s tax burden has, according to census figures released today, cost our state another 190,000 residents in 2009.""",Tom Kean Jr.,meta-llama/llama-3.1-8b-instruct,The state's tax burden has cost our state residents in 2009.,medium,Census figures were released in 2009.,low,"190,000 residents left the state in 2009.",high,"190,000 residents left the state in 2009.",high,80,Verified,This fact can be verified through census data.,False
183,"""A witness will testify against Hillary Clinton.""",Bloggers,meta-llama/llama-3.1-8b-instruct,A witness will testify against Hillary Clinton.,high,Hillary Clinton is a public figure.,medium,A witness will testify in court.,high,A witness will testify against Hillary Clinton.,high,80,Verified,This statement is likely true as it refers to a specific event with a witness and a public figure.,False
184,"""Kavanaugh accuser’s husband breaks his silence, exposes ‘sick issue’ his wife has.""",Bloggers,meta-llama/llama-3.1-8b-instruct,Kavanaugh accuser's husband breaks his silence,medium,exposes 'sick issue' his wife has,low,Kavanaugh accuser's husband,high,Kavanaugh accuser's husband,high,80,Uncertain,The statement's accuracy is uncertain without further information about the 'sick issue'.,False
185,"H.R. 1 ""would allow the Boston bomber to have a right to vote.""",Charlie Kirk,meta-llama/llama-3.1-8b-instruct,H.R. 1 exists,high,Boston bomber is a convicted felon,high,Felons can vote in some states,medium,H.R. 1 exists,high,80,Verified,Felons are generally prohibited from voting in federal elections.,False
186,"Says President Donald Trump ""has given more financial disclosure than anybody else.""",Steve Mnuchin,meta-llama/llama-3.1-8b-instruct,President Donald Trump has given financial disclosure,high,Donald Trump is the President of the United States,medium,Steve Mnuchin is a former US Secretary of the Treasury,low,President Donald Trump has given financial disclosure,high,80,Verified,This is a verifiable claim based on public records of Trump's financial disclosures.,False
187,"""President Trump just announced that the ‘biological’ lab in Wuhan where the COVID-19 virus was created was ‘funded’ by President Barak (sp) Hussein Obama in 2015 to the tune of $3,800,000 American dollars!""",Bloggers,meta-llama/llama-3.1-8b-instruct,President Trump announced a lab in Wuhan was involved in COVID-19 creation.,high,The lab in Wuhan was funded by President Obama.,medium,"The funding was $3,800,000 in 2015.",high,President Trump announced a lab in Wuhan was involved in COVID-19 creation.,high,80,Likely false,No credible evidence supports Obama funding a lab in Wuhan.,False
188,"""Collectively states are spending more on Medicaid than they do on K-12 education.""",Eric Cantor,meta-llama/llama-3.1-8b-instruct,States are spending more on Medicaid than they do on K-12 education.,high,States are spending on Medicaid.,medium,K-12 education spending is lower than Medicaid spending.,medium,States are spending more on Medicaid than they do on K-12 education.,high,80,Uncertain,This claim is uncertain due to varying state-by-state spending data.,True
189,"""Richard Nixon was the last president to be impeached.""",Jimmy Kimmel,meta-llama/llama-3.1-8b-instruct,Richard Nixon was the last president to be impeached.,low,Richard Nixon resigned before impeachment.,high,Bill Clinton was impeached by the House of Representatives.,medium,Richard Nixon resigned before impeachment.,high,80,Likely false,"Nixon resigned before impeachment, contradicting the statement.",False
190,"""The fact is it's not amnesty.""",John McCain,meta-llama/llama-3.1-8b-instruct,The US government has a policy of granting amnesty to certain individuals.,low,The policy in question is not amnesty.,high,The policy in question is related to immigration.,medium,The policy in question is not amnesty.,high,80,Verified,The speaker explicitly denies the policy is amnesty.,True
191,"""You people hate on Trump but he put on a child protective force that found over 300 missing kids in less than 30 days.""",Facebook posts,meta-llama/llama-3.1-8b-instruct,Trump put on a child protective force,medium,the force found over 300 missing kids,high,the force found missing kids in less than 30 days,high,the force found over 300 missing kids,high,80,Uncertain,The claim about the number of missing kids found is difficult to verify without more information.,False
192,"Under a proposal by Rep. Paul Ryan, people on Medicare will only have $15,000 from the federal government to spend on their health care.",Bill Maher,meta-llama/llama-3.1-8b-instruct,Rep. Paul Ryan proposed a Medicare plan,high,"Medicare recipients will have $15,000 to spend on healthcare",high,The federal government will cover healthcare costs,low,Rep. Paul Ryan proposed a Medicare plan,high,80,Verified,This claim is directly stated in the proposal,False
193,"A serial killer is targeting women in Hot Springs, Ark.",Facebook posts,meta-llama/llama-3.1-8b-instruct,"A serial killer is targeting women in Hot Springs, Ark.",high,The serial killer is targeting women,high,"The location is Hot Springs, Ark.",medium,"A serial killer is targeting women in Hot Springs, Ark.",high,80,Likely false,"No credible evidence supports the claim of a serial killer targeting women in Hot Springs, Ark.",False
194,"""Over the last six years, the state of Illinois spent about $320 million on illegal immigrants.""",Bill Mitchell,meta-llama/llama-3.1-8b-instruct,The state of Illinois spent about $320 million on illegal immigrants.,high,The state of Illinois spent $320 million on illegal immigrants over six years.,high,The state of Illinois spent money on illegal immigrants.,medium,The state of Illinois spent about $320 million on illegal immigrants.,high,80,Uncertain,Verification requires documentation of specific expenditures.,True
195,"An email from Dr. Anthony Fauci shows ""everyone was lied to"" about wearing masks to prevent the spread of COVID-19.",Instagram posts,meta-llama/llama-3.1-8b-instruct,An email from Dr. Anthony Fauci exists.,low,Dr. Anthony Fauci was lied to about wearing masks to prevent the spread of COVID-19.,medium,Everyone was lied to about wearing masks to prevent the spread of COVID-19.,high,Everyone was lied to about wearing masks to prevent the spread of COVID-19.,high,80,Likely false,There is no evidence to support the claim that everyone was lied to about wearing masks to prevent the spread of COVID-19.,False
196,"State employees in Wisconsin earn ""about 8 percent less"" than if they worked in the private sector.",Bryan Kennedy,meta-llama/llama-3.1-8b-instruct,State employees in Wisconsin earn about 8 percent less than private sector employees.,medium,State employees in Wisconsin exist.,high,Wisconsin has a private sector.,high,State employees in Wisconsin exist.,high,80,Verified,Studies have consistently shown this wage gap.,False
197,Sen. Marsha Blackburn made a white power symbol at Ketanji Brown Jackson.,Tweets,meta-llama/llama-3.1-8b-instruct,Sen. Marsha Blackburn made a white power symbol,high,Ketanji Brown Jackson is a judge,low,The white power symbol is a hate symbol,high,Sen. Marsha Blackburn made a white power symbol,high,80,Likely false,There is no credible evidence to support this claim,False
198,"The Medicare proposal by Rep. Paul Ryan, R-Wis., would ""allow insurance companies to deny you coverage and drop you for pre-existing conditions.""",Debbie Wasserman Schultz,meta-llama/llama-3.1-8b-instruct,Rep. Paul Ryan proposed a Medicare plan,medium,The plan would allow insurance companies to deny coverage,high,The plan would allow insurance companies to drop coverage for pre-existing conditions,high,The plan would allow insurance companies to deny coverage,high,80,Verified,This is a direct quote from Rep. Ryan's Medicare proposal,False
199,"""Were you aware the $3.5 Trillion Human Infrastructure package includes an animal agriculture tax of $2,600‼️ per head of cattle? $500 for swine!!!""",Facebook posts,meta-llama/llama-3.1-8b-instruct,The $3.5 Trillion Human Infrastructure package exists.,high,The package includes an animal agriculture tax.,medium,"The tax is $2,600 per head of cattle.",high,The $3.5 Trillion Human Infrastructure package exists.,high,80,Likely false,No credible sources confirm the tax rate or its inclusion in the package.,False
200,"Says you can determine a bell pepper’s gender by its ""bumps.""",Viral image,meta-llama/llama-3.1-8b-instruct,Bell peppers have bumps.,low,Bell peppers have a gender.,low,You can determine a bell pepper's gender by its bumps.,low,Bell peppers have bumps.,low,0,Likely false,There is no scientific basis for determining a bell pepper's gender by its appearance.,False
201,"Says Chris Christie told Donald Trump to interrupt Joe Biden during the debate because ""people who overcome stuttering have a harder time maintaining their train of thought when interrupted. Keep interrupting him and he’ll stumble when he tries to speak. This will enforce the ‘senile’ narrative.""",Facebook posts,meta-llama/llama-3.1-8b-instruct,Chris Christie told Donald Trump to interrupt Joe Biden during the debate,high,people who overcome stuttering have a harder time maintaining their train of thought when interrupted,medium,interrupting Joe Biden will make him stumble and enforce the 'senile' narrative,high,Chris Christie told Donald Trump to interrupt Joe Biden during the debate,high,80,Likely false,"There is no evidence to support this claim, and it appears to be a baseless conspiracy theory",False
202,"""Elijah Cummings’ house was broken into after Trump publicly attacked him on Twitter.""",Chelsea Handler,meta-llama/llama-3.1-8b-instruct,Elijah Cummings' house was broken into,medium,Trump publicly attacked Elijah Cummings on Twitter,high,Elijah Cummings is a public figure,low,Trump publicly attacked Elijah Cummings on Twitter,high,80,Verified,Multiple news sources confirmed the break-in occurred after Trump's tweet.,False
203,"The Justice Department’s Fast and Furious gun-walking program ""started in the Bush administration.""",Jane Harman,meta-llama/llama-3.1-8b-instruct,The Justice Department's Fast and Furious gun-walking program existed.,high,The program started in the Bush administration.,medium,The Justice Department's Fast and Furious gun-walking program was a controversial program.,low,The Justice Department's Fast and Furious gun-walking program existed.,high,80,Verified,Multiple sources confirm the program's start date.,False
204,"Sherrod Brown ""voted six times to raise his own pay.""",Josh Mandel,meta-llama/llama-3.1-8b-instruct,Sherrod Brown voted six times to raise his own pay.,high,Sherrod Brown is a politician.,low,Josh Mandel made this statement.,low,Sherrod Brown voted six times to raise his own pay.,high,80,Verified,This claim has been fact-checked and confirmed by multiple sources.,False
205,"The White House ""branded"" the memorial service for the Tucson shootings with a ""Together We Thrive"" logo and slogan.",Michelle Malkin,meta-llama/llama-3.1-8b-instruct,The White House created a logo for the memorial service.,high,"The logo was called ""Together We Thrive"".",medium,The memorial service was for the Tucson shootings.,high,The White House created a logo for the memorial service.,high,80,Verified,This fact can be verified through news archives and official White House records.,False
206,"Under the ""Cash for Clunkers"" program, ""all we've got to do is ... go to a local junkyard, all you've got to do is tow it to your house. And you're going to get $4,500.""",Sean Hannity,meta-llama/llama-3.1-8b-instruct,The Cash for Clunkers program existed.,high,You can tow a clunker to your house.,low,"You can get $4,500 for a clunker.",high,The Cash for Clunkers program existed.,high,90,Verified,"According to the Cash for Clunkers program's official website, participants could receive up to $4,500 for trading in their old vehicles.",False
207,"""I have never voted for a tax increase.""",Marco Rubio,meta-llama/llama-3.1-8b-instruct,Marco Rubio has never voted for a tax increase.,high,Marco Rubio is a senator.,low,Marco Rubio has voted on multiple tax-related bills.,medium,Marco Rubio has never voted for a tax increase.,high,80,Verified,This can be verified through Rubio's voting record.,False
208,"""Airline CEO gets pied for forcing vaccinations""",TikTok posts,meta-llama/llama-3.1-8b-instruct,Airline CEO was forced to get vaccinated,low,The CEO was pied,medium,The CEO was forced to get vaccinated by someone,medium,The CEO was pied,medium,80,Verified,Multiple news sources reported the incident,False
209,"""The 12 hottest years on record have come in the last 15 years.""",Barack Obama,meta-llama/llama-3.1-8b-instruct,The 12 hottest years on record have come in the last 15 years.,high,12 years have been the hottest on record.,high,The last 15 years have been hot.,medium,The 12 hottest years on record have come in the last 15 years.,high,80,Verified,"According to NASA, 2020 was the hottest year on record, and 14 of the 15 hottest years have occurred since 2000.",True
210,"Gov. Rick Scott ""tried to kick 180,000 people off the voter rolls.""",MoveOn.org,meta-llama/llama-3.1-8b-instruct,Gov. Rick Scott tried to kick people off the voter rolls.,high,"180,000 people were targeted.",high,Gov. Rick Scott is the governor.,low,Gov. Rick Scott tried to kick people off the voter rolls.,high,80,Verified,This claim is supported by multiple news sources.,False
211,Says the vaccine to prevent HPV can cause mental retardation.,Michele Bachmann,meta-llama/llama-3.1-8b-instruct,The vaccine to prevent HPV exists.,high,The vaccine to prevent HPV can cause mental retardation.,low,HPV is a sexually transmitted disease.,high,The vaccine to prevent HPV exists.,high,0,Likely false,Multiple reputable health organizations have debunked this claim.,False
212,"""Close to hundreds"" of people died at Astroworld.",Viral image,meta-llama/llama-3.1-8b-instruct,Close to hundreds of people died at Astroworld.,low,Astroworld is a location.,high,Hundreds of people died.,medium,Astroworld is a location.,high,80,Verified,"According to official reports, 10 people died at Astroworld.",False
213,"""One of the first nurses to receive the vaccine in AL is now dead.""",Facebook posts,meta-llama/llama-3.1-8b-instruct,One of the first nurses to receive the vaccine in AL is now dead.,high,The vaccine was administered in AL.,medium,A nurse died after receiving the vaccine.,high,One of the first nurses to receive the vaccine in AL is now dead.,high,80,Likely false,"No evidence supports the claim, and it contradicts known vaccine safety data.",False
214,"""Over 50% of the people now in the House and state Senate have not been born in Virginia.""",Denver Riggleman,meta-llama/llama-3.1-8b-instruct,Over 50% of the people now in the House and state Senate have not been born in Virginia.,high,Over 50% of the people now in the House and state Senate are not from Virginia.,high,There are over 50% of non-Virginia born individuals in the House and state Senate.,high,Over 50% of the people now in the House and state Senate have not been born in Virginia.,high,80,Verified,"According to the Virginia General Assembly, over 50% of current members were not born in Virginia.",True
215,"""Now there is a new threat that we’re seeing up close: the risk of exposure to powerful drugs that can kill in even tiny amounts.""",Matthew Birmingham,meta-llama/llama-3.1-8b-instruct,There is a new threat of exposure to powerful drugs.,medium,These drugs can kill in tiny amounts.,high,The threat is being seen up close.,low,These drugs can kill in tiny amounts.,high,80,Verified,This fact is directly stated in the claim.,False
216,"Milwaukee County has ""a parks capital budget that’s bigger than it’s been in the last 10 years.""",Chris Abele,meta-llama/llama-3.1-8b-instruct,Milwaukee County has a parks capital budget,medium,the budget is bigger than it was in the last 10 years,high,the budget is bigger,high,the budget is bigger than it was in the last 10 years,high,80,Verified,"According to Milwaukee County's budget reports, the parks capital budget has indeed increased in recent years.",False
217,"Charlie Crist ""worked with Acorn"" to give felons voting rights.",Marco Rubio,meta-llama/llama-3.1-8b-instruct,Charlie Crist worked with Acorn,medium,Charlie Crist gave felons voting rights,high,Acorn was involved in the voting rights issue,medium,Charlie Crist gave felons voting rights,high,80,Uncertain,There is no clear evidence to confirm or deny this specific claim,False
218,"San Antonio has seen ""67% growth"" in water customers ""in the last 25 years, 0% more water used.""",Robert Puente,meta-llama/llama-3.1-8b-instruct,San Antonio has seen 67% growth in water customers,high,in the last 25 years,medium,0% more water used,high,San Antonio has seen 67% growth in water customers,high,80,Verified,This fact can be verified through official water usage data from the City of San Antonio.,False
219,"""President Trump didn't say he'd go after a cultural site.""",Mike Pompeo,meta-llama/llama-3.1-8b-instruct,President Trump made a statement about cultural sites,medium,President Trump didn't say he'd go after a cultural site,high,Mike Pompeo is the speaker,low,President Trump didn't say he'd go after a cultural site,high,80,Verified,"This is a direct quote from Mike Pompeo, making it a verified statement",False
220,"""For decades, the state’s gas tax has been among the highest in the nation.""",Scott Walker,meta-llama/llama-3.1-8b-instruct,The state's gas tax has been among the highest in the nation.,high,The state's gas tax has been high for decades.,medium,The state's gas tax is high.,medium,The state's gas tax has been among the highest in the nation.,high,80,Verified,This is a verifiable fact according to various sources.,True
221,"""I was among the earliest to criticize the rush to war (in Iraq), and yes, even before the war ever started.""",Donald Trump,meta-llama/llama-3.1-8b-instruct,Donald Trump criticized the rush to war in Iraq,low,Donald Trump criticized the war in Iraq before it started,medium,Donald Trump was among the earliest to criticize the war in Iraq,high,Donald Trump was among the earliest to criticize the war in Iraq,high,80,Verified,Multiple sources confirm Trump's early criticism of the Iraq War,False
222,Says Texas is the only state that exempts jet fuel from its state motor fuels tax.,Eddie Rodriguez,meta-llama/llama-3.1-8b-instruct,Texas is the only state that exempts jet fuel from its state motor fuels tax.,high,Jet fuel is exempt from state motor fuels tax in Texas.,high,Texas has a state motor fuels tax.,medium,Texas is the only state that exempts jet fuel from its state motor fuels tax.,high,80,Verified,This claim is verified by multiple sources confirming Texas' exemption of jet fuel from state motor fuels tax.,False
223,"CBS News reported that two more suspects were arrested in the Buffalo shooting, and that one more victim was identified.",Viral image,meta-llama/llama-3.1-8b-instruct,CBS News reported that two more suspects were arrested in the Buffalo shooting,high,one more victim was identified,high,the Buffalo shooting occurred,high,CBS News reported that two more suspects were arrested in the Buffalo shooting,high,100,Verified,CBS News is a reputable news source,False
224,"Photo shows people protesting against ""vaccine tyranny"" in France.",Viral image,meta-llama/llama-3.1-8b-instruct,Photo shows people protesting in France.,high,Protesters are against vaccine mandates.,medium,The protests are happening in France.,high,Photo shows people protesting in France.,high,80,Verified,The image is a real photo of a protest in France.,False
225,"""With this reform, every insured American gets valuable consumer protections, and every uninsured American can become insured.""",Lloyd Doggett,meta-llama/llama-3.1-8b-instruct,Every insured American gets valuable consumer protections,high,Every uninsured American can become insured,high,This reform provides consumer protections,medium,Every insured American gets valuable consumer protections,high,80,Verified,"The Affordable Care Act, a major healthcare reform, provides insurance options for the uninsured.",True
226,"""As of the last 24 hours this is the protocol regarding masks: Masks should only be used by healthcare workers, caretakers or by people who are sick with symptoms like fever and cough.""",Facebook posts,meta-llama/llama-3.1-8b-instruct,Masks should only be used by healthcare workers,high,Caretakers should use masks,high,People with fever and cough should use masks,high,Masks should only be used by healthcare workers,high,90,Verified,This is a direct quote from the World Health Organization's protocol.,False
227,"The stories from women saying he groped or forced himself on them ""largely have been debunked.""",Donald Trump,meta-llama/llama-3.1-8b-instruct,Stories from women saying he groped or forced himself on them exist.,high,These stories have been debunked.,low,Some of these stories have been proven false.,medium,Stories from women saying he groped or forced himself on them exist.,high,80,Verified,Multiple women have corroborated their experiences.,False
228,"""Today’s marijuana is 300 percent to 800 percent more potent than the pot of yesteryear.""",Heidi Heilman,meta-llama/llama-3.1-8b-instruct,Today's marijuana is 300 percent more potent than the pot of yesteryear.,high,Marijuana is more potent than the pot of yesteryear.,medium,The pot of yesteryear existed.,low,Today's marijuana is 300 percent more potent than the pot of yesteryear.,high,90,Verified,Studies have consistently shown a significant increase in THC levels in modern marijuana strains.,True
229,"""Black Lives Matter is a terrorist organization.""",Facebook posts,meta-llama/llama-3.1-8b-instruct,Black Lives Matter is an organization.,high,Black Lives Matter is a terrorist organization.,low,Black Lives Matter is a social movement.,high,Black Lives Matter is an organization.,high,80,Likely false,The FBI and other law enforcement agencies have not designated Black Lives Matter as a terrorist organization.,False
230,"""You can’t put a gun rack in a [Chevrolet] Volt.""",Newt Gingrich,meta-llama/llama-3.1-8b-instruct,Newt Gingrich made a statement about the Chevrolet Volt.,low,A gun rack cannot be installed in a Chevrolet Volt.,high,The Chevrolet Volt is an electric vehicle.,medium,A gun rack cannot be installed in a Chevrolet Volt.,high,80,Verified,This is a factual claim about the Volt's design.,False
231,"""Democrats mistakenly tweet 2014 pictures from Obama’s term showing children from the Border in steel cages.""",Donald Trump,meta-llama/llama-3.1-8b-instruct,Democrats tweeted 2014 pictures from Obama's term,low,Pictures showed children from the Border in steel cages,medium,The pictures were from Obama's term,high,The pictures were from Obama's term,high,80,Verified,"The pictures were indeed from 2014, during Obama's term.",True
232,"""There will be several thousand dollars in payments going to families with six-figure incomes who’ve had no income interruption whatsoever.""",Pat Toomey,meta-llama/llama-3.1-8b-instruct,There will be payments going to families,high,families with six-figure incomes,high,families who’ve had no income interruption whatsoever,medium,There will be payments going to families,high,80,Verified,This fact is directly stated in the quote.,True
233,"Says HR 1 would ""legalize"" the kind of fraud found in North Carolina",Dan Crenshaw,meta-llama/llama-3.1-8b-instruct,HR 1 would legalize fraud found in North Carolina,high,HR 1 is a bill,medium,North Carolina has experienced fraud,medium,HR 1 would legalize fraud found in North Carolina,high,80,Verified,"HR 1 aims to expand voting rights, which could lead to increased fraud",False
234,"""Whether you like to admit it or not, half our general revenue goes to education.""",Mike Haridopolos,meta-llama/llama-3.1-8b-instruct,Half of general revenue goes to education.,high,General revenue is split between multiple areas.,medium,Mike Haridopolos made this statement.,low,Half of general revenue goes to education.,high,80,Verified,"According to the National Center for Education Statistics, in 2019, public education accounted for approximately 7.3% of the US GDP, which is roughly 40% of the federal budget, and around 70% of state and local budgets.",True
235,"Sheldon Whitehouse and 18 other senators ""voted to censor the internet.""",Bloggers,meta-llama/llama-3.1-8b-instruct,Sheldon Whitehouse voted on a bill,high,18 other senators voted on the same bill,medium,The bill censored the internet,low,Sheldon Whitehouse voted on a bill,high,80,Verified,This is a verifiable fact about Sheldon Whitehouse's actions in the Senate.,False
236,"The Moderna vaccine contains an ingredient that is ""for research use only, not meant for human or veterinary use.""",Instagram posts,meta-llama/llama-3.1-8b-instruct,Moderna vaccine contains an ingredient,high,ingredient is for research use only,high,ingredient is not meant for human or veterinary use,high,Moderna vaccine contains an ingredient,high,100,Verified,Multiple reputable sources confirm the ingredient is not intended for human or veterinary use.,False
237,"""There have been multiple media reports about (Donald Trump's) business dealings with the mob, with the mafia.""",Ted Cruz,meta-llama/llama-3.1-8b-instruct,There have been multiple media reports about Donald Trump's business dealings.,medium,Donald Trump's business dealings involved the mob.,low,Multiple media reports exist.,high,Multiple media reports exist.,high,90,Verified,Multiple media reports confirm the existence of reports on Trump's business dealings.,True
238,"Even among ""second and third generation"" Muslims in the United States, ""there's no real assimilation.""",Donald Trump,meta-llama/llama-3.1-8b-instruct,Donald Trump made this statement.,high,The statement was made about Muslims in the United States.,medium,The statement claimed a lack of assimilation among Muslims.,high,Donald Trump made this statement.,high,80,Verified,This statement aligns with Trump's previous comments on Muslim assimilation.,False
239,"""Our jobless rate, our unemployment rate, is the lowest of all of the big cities in New Jersey.""",Chris Bollwage,meta-llama/llama-3.1-8b-instruct,New Jersey has big cities with jobless rates.,low,Chris Bollwage is a mayor of a New Jersey city.,low,New Jersey's jobless rate is the lowest among big cities.,high,New Jersey's jobless rate is the lowest among big cities.,high,80,Verified,"According to Chris Bollwage's statement, this is a direct claim.",False
240,"""Ohio's (payday lending) laws are now the worst in the nation. Things have gotten so bad that it is legal to charge 594 percent interest on loans.""",Richard Cordray,meta-llama/llama-3.1-8b-instruct,Ohio's laws are now the worst in the nation.,high,It is legal to charge 594 percent interest on loans.,high,Payday lending laws exist in Ohio.,medium,Ohio's laws are now the worst in the nation.,high,90,Verified,This is a direct quote from the Ohio state government's own report.,True
241,"""Not even (House Intelligence Chairman Adam) Schiff’s Republican colleagues were allowed into the SCIF"" during the House impeachment investigation.",Pat Cipollone,meta-llama/llama-3.1-8b-instruct,House Intelligence Chairman Adam Schiff was leading the impeachment investigation.,medium,The SCIF was used during the House impeachment investigation.,high,Not even Republican colleagues of Schiff were allowed into the SCIF.,high,The SCIF was used during the House impeachment investigation.,high,90,Verified,Multiple news sources confirm Schiff's Republican colleagues were not allowed into the SCIF.,False
242,"""Our tax code is . . . 80,000 pages.""",Barry Hinckley,meta-llama/llama-3.1-8b-instruct,"The tax code is 80,000 pages.",high,,,,,"The tax code is 80,000 pages.",high,100,Verified,This is a verifiable fact from various sources.,False
243,"Says Nabisco is closing plants in Georgia and New Jersey and ""moving to Mexico"" because of Biden’s election.",Facebook posts,meta-llama/llama-3.1-8b-instruct,Nabisco is closing plants in Georgia and New Jersey,high,Nabisco is moving to Mexico,high,Biden's election caused Nabisco to close plants and move to Mexico,medium,Nabisco is closing plants in Georgia and New Jersey,high,80,Likely false,There is no evidence to support Nabisco's relocation to Mexico,False
244,"""I would do press events in May, I would never be asked about coronavirus.''",Ron DeSantis,meta-llama/llama-3.1-8b-instruct,Ron DeSantis would do press events in May,medium,Ron DeSantis would not be asked about coronavirus,high,Ron DeSantis would do press events in May and not be asked about coronavirus,high,Ron DeSantis would not be asked about coronavirus,high,80,Verified,"This is a direct quote from Ron DeSantis, implying he is certain about the outcome.",False
245,"""CO2 is not a pollutant.""",Suburban Virginia Republican Coalition,meta-llama/llama-3.1-8b-instruct,CO2 is not a pollutant.,high,,,,,CO2 is not a pollutant.,high,80,Likely false,Scientific consensus recognizes CO2 as a greenhouse gas pollutant.,False
246,"""Revealed: UN plan to flood America with 600 million migrants.""",Infowars,meta-llama/llama-3.1-8b-instruct,UN plan exists to manage migration,high,600 million migrants are planned to be admitted to the US,low,UN is involved in US migration policy,medium,UN plan exists to manage migration,high,80,Verified,"The UN does have plans to manage and coordinate international migration, including through the Global Compact for Safe, Orderly and Regular Migration.",False
247,"Build Back Better ""would be a huge payday for Chinese manufacturing"" and ""would fill our streets with cars made with Chinese parts.""",Stand Up To China,meta-llama/llama-3.1-8b-instruct,Build Back Better would be a huge payday for Chinese manufacturing,high,would fill our streets with cars made with Chinese parts,high,Build Back Better,medium,Build Back Better would be a huge payday for Chinese manufacturing,high,80,Verified,This claim is supported by the Biden administration's own reports on Chinese manufacturing,False
248,"""150,000 (oil spill) claims have been filed by Floridians, but only 40 percent of them have been paid.""",Alex Sink,meta-llama/llama-3.1-8b-instruct,"150,000 claims have been filed by Floridians",high,40 percent of claims have been paid,high,claims have been filed by Floridians,medium,"150,000 claims have been filed by Floridians",high,90,Verified,According to official data from the Florida Department of Financial Services,True
249,"Says in 2012 ""Obama won in every state that did not require a photo ID and lost in every state that did require a photo ID in order to vote.""",Viral image,meta-llama/llama-3.1-8b-instruct,Obama won in every state that did not require a photo ID,high,lost in every state that did require a photo ID in order to vote,high,2012 was the year Obama won,low,Obama won in every state that did not require a photo ID,high,80,Verified,This is a verified fact from Obama's 2012 election performance.,False
250,"Budget analysts say the looming tax hikes and spending cuts would  ""take us into a recession and kill jobs.""",Rob Portman,meta-llama/llama-3.1-8b-instruct,Budget analysts say the looming tax hikes and spending cuts would take us into a recession,high,tax hikes and spending cuts are looming,medium,budget analysts exist,low,Budget analysts say the looming tax hikes and spending cuts would take us into a recession,high,80,Verified,Budget analysts are experts in fiscal policy and their warnings are credible.,True
251,Says Fox News gave Republican senators twice the air time as Democrats during a hearing about the Islamic State.,Media Matters,meta-llama/llama-3.1-8b-instruct,Fox News gave Republican senators air time during a hearing about the Islamic State.,medium,The hearing about the Islamic State was held.,low,Republican senators were given more air time than Democrats.,high,Republican senators were given more air time than Democrats.,high,80,Verified,Media Matters has reported on Fox News's biased coverage of the hearing.,True
252,"Says an amendment specifying when military members may use deadly force ""does nothing to change existing rules of engagement for American service members.""",David Cicilline,meta-llama/llama-3.1-8b-instruct,An amendment specifying when military members may use deadly force exists.,high,Existing rules of engagement for American service members are not changed by the amendment.,high,The amendment is about specifying when military members may use deadly force.,medium,An amendment specifying when military members may use deadly force exists.,high,80,Verified,This is a direct quote from the amendment's purpose.,True
253,"Blinken, Austin trip to Kyiv may have been staged",Michael Savage,meta-llama/llama-3.1-8b-instruct,Blinken and Austin visited Kyiv,medium,The trip may have been staged,low,Blinken and Austin visited Kyiv,medium,Blinken and Austin visited Kyiv,medium,50,Uncertain,Lack of evidence provided to support the claim of staging,False
254,"""Our small staff of 51 is still fewer than we had a decade ago, yet our caseload -- like that of other courts -- has grown.""",Carol Hunstein,meta-llama/llama-3.1-8b-instruct,Carol Hunstein has a small staff of 51.,low,Carol Hunstein's staff is smaller than it was a decade ago.,medium,Carol Hunstein's caseload has grown.,high,Carol Hunstein's caseload has grown.,high,80,Verified,"This is a common trend in many courts, as reported by various sources.",True
255,"""All private healthcare plans must conform to government rules to participate in a Healthcare Exchange.""",Chain email,meta-llama/llama-3.1-8b-instruct,Private healthcare plans must participate in a Healthcare Exchange.,high,Government rules apply to private healthcare plans.,high,Healthcare Exchange exists.,medium,Private healthcare plans must participate in a Healthcare Exchange.,high,80,Verified,This is a core requirement of the Affordable Care Act.,True
256,"Giving a committee chair’s stipend in the New York State Senate to another member of that committee ""has been, in fact, a legislative practice for decades.""",Diane Savino,meta-llama/llama-3.1-8b-instruct,Giving a committee chair's stipend in the New York State Senate to another member of that committee has been a legislative practice for decades.,high,,,,,Giving a committee chair's stipend in the New York State Senate to another member of that committee has been a legislative practice for decades.,high,100,Verified,This is a verifiable historical fact about New York State Senate practices.,False
257,"""The labor force participation rate -- the share of the potential workforce that is actually working or looking for work-- currently stands below 63%, the lowest level since the 1970s.""",Dave Brat,meta-llama/llama-3.1-8b-instruct,The labor force participation rate is below 63%,high,The labor force participation rate is the share of the potential workforce that is actually working or looking for work,medium,The current level is the lowest since the 1970s,high,The labor force participation rate is below 63%,high,90,Verified,This fact can be verified through the Bureau of Labor Statistics' data on labor force participation rates.,True
258,"Says Virginia economic development officials ""decided they didn’t want to bid on"" his company's electric automobile plant.",Terry McAuliffe,meta-llama/llama-3.1-8b-instruct,Virginia economic development officials decided they didn't want to bid on Terry McAuliffe's company's electric automobile plant.,high,Terry McAuliffe's company has an electric automobile plant.,medium,Terry McAuliffe is a former Governor of Virginia.,low,Virginia economic development officials decided they didn't want to bid on Terry McAuliffe's company's electric automobile plant.,high,80,Verified,"This statement is directly attributed to Terry McAuliffe, making it a verified claim.",False
259,"Says ""Joe Biden wants to ban 9mm pistols.""",National Rifle Association,meta-llama/llama-3.1-8b-instruct,Joe Biden wants to ban 9mm pistols.,high,Joe Biden is a public figure.,low,9mm pistols are a type of firearm.,medium,Joe Biden wants to ban 9mm pistols.,high,80,Likely false,There is no evidence of Joe Biden wanting to ban 9mm pistols.,False
260,"""Half the kids coming out of college this year … can't find a job, or a job that's consistent with a college degree.""",Mitt Romney,meta-llama/llama-3.1-8b-instruct,Half the kids coming out of college this year can't find a job,high,kids coming out of college this year can't find a job consistent with a college degree,high,kids coming out of college this year can find a job,low,Half the kids coming out of college this year can't find a job,high,80,Verified,"According to the Bureau of Labor Statistics, unemployment rates for young adults with a bachelor's degree are around 50%.",True
261,"""The House of Representatives just voted 300-131 to remove ‘country-of-origin labeling’ on chicken, pork, and beef sold in the U.S.""",Facebook posts,meta-llama/llama-3.1-8b-instruct,The House of Representatives voted on a bill,low,"The bill removed 'country-of-origin labeling' on chicken, pork, and beef",medium,The bill passed with a vote of 300-131,high,The bill passed with a vote of 300-131,high,90,Verified,The vote count and outcome are publicly available records,True
262,The World Economic Forum has its own police force.,Charlie Kirk,meta-llama/llama-3.1-8b-instruct,The World Economic Forum has its own police force.,high,,,,,The World Economic Forum has its own police force.,high,100,Verified,"This is a verified fact, as the World Economic Forum has a security team that provides law enforcement services to the event.",False
263,"Says Gov. Tony Evers has declared Wisconsin ""permanently closed"" for business.",Rebecca Kleefisch,meta-llama/llama-3.1-8b-instruct,"Gov. Tony Evers has declared Wisconsin ""permanently closed"" for business.",high,Rebecca Kleefisch is a politician.,low,Wisconsin is a state in the US.,low,"Gov. Tony Evers has declared Wisconsin ""permanently closed"" for business.",high,80,Likely false,No evidence found of such a declaration by Gov. Tony Evers.,False
264,"""It costs nearly five times as much in California to build and maintain a mile of road as it does in the rest of the nation.""",John Cox,meta-llama/llama-3.1-8b-instruct,It costs nearly five times as much in California to build and maintain a mile of road as it does in the rest of the nation.,high,,,,,It costs nearly five times as much in California to build and maintain a mile of road as it does in the rest of the nation.,high,80,Verified,"According to the California Department of Transportation, construction costs in California are significantly higher than the national average.",False
265,"Says NBC News reported that Hillary Clinton ""covered up elite pedophile ring at state department.""",Bloggers,meta-llama/llama-3.1-8b-instruct,NBC News reported on an elite pedophile ring.,low,Hillary Clinton was at the state department.,medium,Hillary Clinton covered up an elite pedophile ring.,high,Hillary Clinton covered up an elite pedophile ring.,high,80,Likely false,No credible evidence supports this claim.,False
266,"""The health care price tag for childhood obesity in Georgia is $2.4 billion annually and rising.""",Nathan Deal,meta-llama/llama-3.1-8b-instruct,The health care price tag for childhood obesity in Georgia is $2.4 billion annually.,high,Childhood obesity is a problem in Georgia.,medium,The health care price tag for childhood obesity in Georgia is rising.,high,The health care price tag for childhood obesity in Georgia is $2.4 billion annually.,high,90,Verified,This fact can be verified through official government reports and studies.,False
267,"Sanders’ ""Medicare for All"" plan ""would cost more than the entire federal budget that we spend now.""",Joe Biden,meta-llama/llama-3.1-8b-instruct,Sanders' plan is called Medicare for All,low,The plan would cost more than the entire federal budget,high,The current federal budget is a significant amount of money,medium,The plan would cost more than the entire federal budget,high,80,Verified,Independent analyses have confirmed the high cost estimate,False
268,"""Two-thirds of the people who use Medicaid are poor children, but two-thirds of the money is for long-term care for seniors, whether in a facility or at home.""",Nancy Pelosi,meta-llama/llama-3.1-8b-instruct,Two-thirds of the people who use Medicaid are poor children.,high,Two-thirds of the money is for long-term care for seniors.,high,Medicaid is used for care in facilities or at home.,medium,Two-thirds of the people who use Medicaid are poor children.,high,80,Verified,"According to the Kaiser Family Foundation, in 2020, 64% of Medicaid spending was for long-term care for seniors.",False
269,"""Texas legislators have filed voucher proposals in every legislative session since 1995, but all of them have failed to become law.""",The Coalition for Public Schools,meta-llama/llama-3.1-8b-instruct,Texas legislators have filed voucher proposals in every legislative session since 1995,high,all of them have failed to become law,high,voucher proposals have been filed since 1995,medium,Texas legislators have filed voucher proposals in every legislative session since 1995,high,90,Verified,Multiple sources confirm voucher proposals have been consistently filed since 1995.,True
270,"Says Scott Walker's ""listening sessions"" are ""invite-only and excluding the press.""",Dana Wachs,meta-llama/llama-3.1-8b-instruct,Scott Walker's listening sessions are invite-only,high,Scott Walker's listening sessions exclude the press,high,Scott Walker has listening sessions,medium,Scott Walker's listening sessions are invite-only,high,90,Verified,Multiple sources confirm Walker's sessions are closed to the press.,True
271,Says a photo shows Donald Trump kissing Ivanka Trump on the lips.,Viral image,meta-llama/llama-3.1-8b-instruct,A photo exists of Donald Trump and Ivanka Trump.,high,The photo shows Donald Trump kissing Ivanka Trump.,medium,The kiss is on the lips.,low,A photo exists of Donald Trump and Ivanka Trump.,high,80,Uncertain,The photo's authenticity and context are unclear.,False
272,"""In the 1990s, the Biden Crime Bill added 100,000 cops to America's streets. As a result, murder and violent crime rates went down eight years in a row.""",Joe Biden,meta-llama/llama-3.1-8b-instruct,"The Biden Crime Bill added 100,000 cops to America's streets.",high,Murder and violent crime rates went down eight years in a row.,high,The Biden Crime Bill was passed in the 1990s.,medium,"The Biden Crime Bill added 100,000 cops to America's streets.",high,80,Verified,"According to FBI data, violent crime rates declined by 34% between 1991 and 1998.",False
273,"""The death rate for fully vaccinated people is significantly higher than non-vaccinated [people].""",Instagram posts,meta-llama/llama-3.1-8b-instruct,The death rate for fully vaccinated people is higher than non-vaccinated people.,low,fully vaccinated people exist.,high,non-vaccinated people exist.,high,fully vaccinated people exist.,high,80,Likely false,Multiple studies have shown that vaccination significantly reduces the risk of death from COVID-19.,False
274,"""NATO hasn't provided enough troops (in Afghanistan) because they are still angry about us going into Iraq.""",Barack Obama,meta-llama/llama-3.1-8b-instruct,NATO hasn't provided enough troops in Afghanistan,medium,NATO is still angry about the US going into Iraq,high,The US went into Iraq,high,NATO is still angry about the US going into Iraq,high,80,Verified,This is a widely reported reason for NATO's reluctance to contribute troops in Afghanistan.,True
275,"""The last major oil spill from a drilling accident in America happened over 40 years ago in 1969.""",Eric Johnson,meta-llama/llama-3.1-8b-instruct,The last major oil spill from a drilling accident in America happened over 40 years ago in 1969.,high,,,,,The last major oil spill from a drilling accident in America happened over 40 years ago in 1969.,high,100,Verified,This is a verified fact according to historical records.,False
276,"""Most research shows that (UW salaries) are a little behind, and (in) some areas we're behind more than others.""",Ray Cross,meta-llama/llama-3.1-8b-instruct,Most research shows that UW salaries are a little behind,medium,UW salaries are behind in some areas,high,UW salaries are behind in some areas more than others,high,UW salaries are behind in some areas,high,80,Verified,"This is a direct quote from a study or expert, implying a high level of confidence in the claim.",True
277,"""Adolf Hitler confiscated all the weapons — took all the weapons, had a registry of everybody — and then on the night of June 30, 1934, sent out his secret police and murdered all of his political opponents.""",David Simmons,meta-llama/llama-3.1-8b-instruct,Adolf Hitler confiscated all the weapons,high,Hitler had a registry of everybody,high,"Hitler sent out his secret police and murdered all of his political opponents on the night of June 30, 1934",high,Adolf Hitler confiscated all the weapons,high,90,Verified,This event is well-documented in historical records as the Night of the Long Knives,False
278,"Algeria ""wanted to be taken off of the terror list"" at the time it made an unreported donation to the Clinton Foundation.",Joe Scarborough,meta-llama/llama-3.1-8b-instruct,Algeria made an unreported donation to the Clinton Foundation.,high,Algeria wanted to be taken off of the terror list.,high,The donation was made at the time Algeria wanted to be taken off of the terror list.,medium,Algeria made an unreported donation to the Clinton Foundation.,high,80,Verified,Multiple sources confirm Algeria's desire to be removed from the terror list.,False
279,Georgia has saved $20 million through changes in criminal sentencing.,Nathan Deal,meta-llama/llama-3.1-8b-instruct,Georgia has saved $20 million,high,changes in criminal sentencing,medium,Georgia,high,Georgia has saved $20 million,high,80,Verified,This fact can be verified through official state reports and financial records.,True
280,"A facial recognition firm ""confirmed antifa infiltrated the Trump rally in D.C.""",Facebook posts,meta-llama/llama-3.1-8b-instruct,A facial recognition firm exists,high,Antifa infiltrated the Trump rally in D.C.,medium,The facial recognition firm confirmed antifa's presence,high,A facial recognition firm exists,high,80,Likely false,No credible evidence supports the claim of antifa infiltration,False
281,"""Semi-automatic weapons, whether pistol or rifle, were designed for use by the military on the battlefield.""",Providence City Council,meta-llama/llama-3.1-8b-instruct,Semi-automatic weapons were designed for use by the military on the battlefield.,high,Semi-automatic weapons are used by the military on the battlefield.,medium,Semi-automatic weapons are designed for civilian use.,low,Semi-automatic weapons were designed for use by the military on the battlefield.,high,80,Verified,This is a widely accepted fact among firearms experts and historians.,False
282,"Obama has admitted a cap and trade plan would cause electricity bills to ""skyrocket.""",Sarah Palin,meta-llama/llama-3.1-8b-instruct,Obama has admitted a cap and trade plan would cause electricity bills to skyrocket.,high,A cap and trade plan exists.,medium,Electricity bills can increase under certain policies.,medium,Obama has admitted a cap and trade plan would cause electricity bills to skyrocket.,high,80,Likely false,Obama's administration has stated that cap and trade would not cause electricity bills to skyrocket.,True
283,"""We know that every 85 visitors create one Florida job.""",Rick Scott,meta-llama/llama-3.1-8b-instruct,Every 85 visitors create one Florida job.,high,,,,,Every 85 visitors create one Florida job.,high,80,Verified,This claim is supported by the Florida Tourism Industry Marketing Corporation's data.,True
284,"Wisconsin’s ""effective"" unemployment rate is 20 percent.",Donald Trump,meta-llama/llama-3.1-8b-instruct,Wisconsin's unemployment rate is 20 percent.,low,Wisconsin's unemployment rate is effective.,low,The unemployment rate in Wisconsin is 20 percent.,low,Wisconsin's unemployment rate is 20 percent.,low,0,Likely false,The actual unemployment rate in Wisconsin is significantly lower than 20 percent.,False
285,A $15-per-hour minimum wage would raise the price of a Taco Bell burrito to $38.,Jordan Rachel,meta-llama/llama-3.1-8b-instruct,A $15-per-hour minimum wage is proposed.,high,Taco Bell burritos are affected by minimum wage.,medium,A $15-per-hour minimum wage would raise the price of a Taco Bell burrito to $38.,low,A $15-per-hour minimum wage is proposed.,high,80,Likely false,No credible evidence supports this claim.,False
286,"""@BernieSanders receives strong support from the conservative & most rural part of Vermont.""",Jane O’Meara Sanders,meta-llama/llama-3.1-8b-instruct,BernieSanders receives support from Vermont,medium,conservative part of Vermont supports BernieSanders,low,rural part of Vermont supports BernieSanders,high,rural part of Vermont supports BernieSanders,high,80,Verified,Rural areas in Vermont have historically voted for BernieSanders.,True
287,"Says former Clinton budget director Alice Rivlin said the stimulus bill ""won't actually stimulate the economy.""",Mark Sanford,meta-llama/llama-3.1-8b-instruct,Alice Rivlin is a former Clinton budget director,high,Alice Rivlin made a statement about the stimulus bill,high,The stimulus bill won't stimulate the economy,medium,Alice Rivlin is a former Clinton budget director,high,80,Verified,Alice Rivlin's statement is a direct quote from a credible source,False
288,"Says Sen. John McCain was ""caught making highly illegal phone call to foreign country.""",Bloggers,meta-llama/llama-3.1-8b-instruct,Sen. John McCain made a phone call to a foreign country.,low,The phone call was highly illegal.,high,Sen. John McCain was caught making the phone call.,medium,The phone call was highly illegal.,high,80,Likely false,No evidence provided to support the claim of illegality.,False
289,Three naked women in photo are campaigning for the Democrats.,Bloggers,meta-llama/llama-3.1-8b-instruct,Three women appeared in a photo.,low,The women were naked in the photo.,high,The women were campaigning for the Democrats.,medium,The women were naked in the photo.,high,80,Uncertain,Verification of nudity and political affiliation is difficult without context.,False
290,"Wisconsin’s 2019-21 budget produced the first positive general fund balance since 2000, and the governor’s proposed 2021-23 budget would return it to a deficit.",Wisconsin Republican Legislative leaders,meta-llama/llama-3.1-8b-instruct,Wisconsin's 2019-21 budget produced a positive general fund balance,high,The last time Wisconsin had a positive general fund balance was in 2000,medium,The governor's proposed 2021-23 budget would return the general fund to a deficit,high,Wisconsin's 2019-21 budget produced a positive general fund balance,high,90,Verified,The statement directly quotes the governor's proposed budget,True
291,"Says Barack Obama ""is the only president to ever cut $500 billion from Medicare.""",Mitt Romney,meta-llama/llama-3.1-8b-instruct,Barack Obama is the president.,low,Obama cut $500 billion from Medicare.,high,Mitt Romney made this statement.,low,Obama cut $500 billion from Medicare.,high,80,Verified,This claim is verified by fact-checking organizations.,False
292,Video shows missile attack in Beirut explosion.,Bloggers,meta-llama/llama-3.1-8b-instruct,Video shows missile attack in Beirut explosion.,high,Beirut explosion occurred.,high,Missile attack was involved in Beirut explosion.,high,Video shows missile attack in Beirut explosion.,high,80,Uncertain,Video evidence is inconclusive about missile attack involvement.,False
293,"Says, ""Since 1994 when VAWA was first passed, incidents of domestic violence have dropped more than 50 percent.""",Jeff Merkley,meta-llama/llama-3.1-8b-instruct,VAWA was first passed in 1994,high,incidents of domestic violence have dropped,medium,more than 50 percent,high,VAWA was first passed in 1994,high,80,Verified,"According to the National Coalition Against Domestic Violence, domestic violence incidents have decreased by 63% since 1993.",True
294,"""CDC admits old ‘science’ was wrong"" on COVID-19 quarantine guidance.",Duey Stroebel,meta-llama/llama-3.1-8b-instruct,CDC admits old 'science' was wrong,medium,old 'science' was wrong,low,CDC issued new quarantine guidance,low,CDC admits old 'science' was wrong,medium,80,Uncertain,Need clarification on CDC's statement and its implications,False
295,"""Politicians and their corporate lobbyists are trying to take away my right to spend my paycheck how I want.""",Florida Education Association,meta-llama/llama-3.1-8b-instruct,Politicians are trying to take away rights,medium,Corporate lobbyists are involved in politics,low,Individuals have a right to spend their paycheck as they want,high,Individuals have a right to spend their paycheck as they want,high,80,Verified,This is a fundamental right protected by the 13th Amendment.,False
296,"""Each day our nation pays communist China $73.9 million in interest on our debt.""",Randy Forbes,meta-llama/llama-3.1-8b-instruct,Our nation pays communist China $73.9 million in interest on our debt.,high,Our nation has a debt.,medium,China is a communist country.,high,Our nation pays communist China $73.9 million in interest on our debt.,high,90,Verified,This claim is supported by the U.S. Treasury Department's data on foreign holdings of U.S. debt.,True
297,"Says the USMCA is the ""biggest trade deal ever made.""",Donald Trump,meta-llama/llama-3.1-8b-instruct,USMCA is a trade deal.,high,USMCA is the biggest trade deal ever made.,low,USMCA was made.,medium,USMCA is a trade deal.,high,80,Verified,"USMCA is indeed a trade deal, as defined by the US government.",False
298,"""If you are going to kill the families of terrorists, realize that there's something called the Geneva Convention we're going to have to pull out of.""",Rand Paul,meta-llama/llama-3.1-8b-instruct,There's something called the Geneva Convention.,high,The Geneva Convention is a real international treaty.,high,"The Geneva Convention prohibits killing civilians, including families of terrorists.",high,There's something called the Geneva Convention.,high,80,Verified,"The Geneva Convention explicitly prohibits targeting civilians, including families of terrorists.",True
299,"""The claim ... that we plan to set up panels of bureaucrats with the power to  kill off senior citizens ... is a lie, plain and simple.""",Barack Obama,meta-llama/llama-3.1-8b-instruct,The US government plans to set up panels of bureaucrats,low,These panels have the power to kill off senior citizens,high,The claim is a lie,high,These panels have the power to kill off senior citizens,high,80,Verified,This is a direct denial of a specific claim by the speaker,True
300,"Obama plans ""a tax increase for everyone earning more than $42,000 a year.""",John McCain,meta-llama/llama-3.1-8b-instruct,Obama plans a tax increase,high,tax increase for everyone,high,"earning more than $42,000 a year",medium,Obama plans a tax increase,high,80,Verified,This is a direct quote from Obama's 2008 campaign,False
301,"This photo shows ""headache treatments in 1890s known as vibration therapy.""",Facebook posts,meta-llama/llama-3.1-8b-instruct,This photo shows a treatment from the 1890s.,low,The treatment is called vibration therapy.,low,The photo is from the 1890s.,high,The photo is from the 1890s.,high,80,Verified,The photo's date is explicitly stated in the claim.,False
302,"Speaking of immigration cases, says, ""We have thousands of judges.""",Donald Trump,meta-llama/llama-3.1-8b-instruct,There are thousands of immigration cases.,medium,The US has thousands of judges.,high,The number of immigration cases is significant.,low,The US has thousands of judges.,high,80,Verified,"According to the US Courts website, there are over 870 federal judges.",False
303,The state’s overall revenues only returned this year to 2007 levels.,Nathan Deal,meta-llama/llama-3.1-8b-instruct,The state's overall revenues returned to 2007 levels,medium,This year,low,2007,low,The state's overall revenues returned to 2007 levels,medium,80,Verified,This can be verified through official state revenue reports,True
304,Says Milwaukee police were protecting a sex offender's house and snuck children out of it after a mother tracked her missing daughter to that address.,Facebook posts,meta-llama/llama-3.1-8b-instruct,Milwaukee police were protecting a sex offender's house,high,a mother tracked her missing daughter to that address,medium,children were snuck out of the house,high,Milwaukee police were protecting a sex offender's house,high,80,Uncertain,Need more information to verify the specific incident and police actions,False
305,"Tim Kaine, as governor, proposed tax increases on people earning ""as little as $17,000.""",George Allen,meta-llama/llama-3.1-8b-instruct,Tim Kaine proposed tax increases,medium,"Tax increases targeted people earning $17,000",high,Tim Kaine was governor,high,"Tax increases targeted people earning $17,000",high,80,Verified,This fact can be verified through publicly available records of Tim Kaine's governorship.,True
306,"Sen. Mark Kelly voted ""for benefits to illegals.""",National Republican Senatorial Committee,meta-llama/llama-3.1-8b-instruct,Sen. Mark Kelly voted for benefits to illegals.,low,Mark Kelly is a senator.,high,Benefits were voted for illegals.,medium,Mark Kelly is a senator.,high,80,Verified,Mark Kelly's official biography confirms his position as a senator.,False
307,"It's ""not true"" that since he's been the president, executions in Iran have increased by four times.",Mahmoud Ahmadinejad,meta-llama/llama-3.1-8b-instruct,Mahmoud Ahmadinejad is the president of Iran.,low,Executions in Iran have increased since he became president.,medium,Executions in Iran have increased by four times since he became president.,high,Executions in Iran have increased by four times since he became president.,high,80,Likely false,Iran's human rights record and execution rates have been widely criticized and documented.,False
308,"""The majority of hunters now want universal background checks, the majority of Trump voters.""",Amy Klobuchar,meta-llama/llama-3.1-8b-instruct,The majority of hunters now want universal background checks,medium,The majority of Trump voters want universal background checks,low,The majority of hunters are Trump voters,low,The majority of hunters now want universal background checks,medium,80,Verified,Multiple polls and surveys have shown widespread support for universal background checks among hunters.,True
309,"Changes to DACA during his administration are ""because of the pandemic.""",Donald Trump,meta-llama/llama-3.1-8b-instruct,Changes to DACA occurred during Donald Trump's administration,high,The changes were made because of the pandemic,low,Donald Trump was the President during the pandemic,medium,Changes to DACA occurred during Donald Trump's administration,high,80,Verified,This is a verifiable fact about the timing of DACA changes,False
310,"""There are already more American jobs in the solar industry than in coal mining.""",Sheldon Whitehouse,meta-llama/llama-3.1-8b-instruct,There are already more American jobs in the solar industry,high,American jobs in the solar industry exist,high,There are more American jobs in the solar industry than in coal mining,high,There are already more American jobs in the solar industry,high,100,Verified,"According to the Solar Foundation, solar industry employment surpassed coal mining employment in the US.",True
311,"Says Oregon’s high minimum wage is the reason why ""by 2011, Oregon's restaurants employed an average of only 13.8 workers, or 2.6 fewer employees than they did before the state's minimum wage began rising above the federal level in 1997.""",Melvin Sickler,meta-llama/llama-3.1-8b-instruct,Oregon's minimum wage rose above the federal level in 1997,high,Oregon's restaurants employed an average of 13.8 workers in 2011,medium,Oregon's restaurants employed 2.6 fewer employees in 2011 compared to before 1997,high,Oregon's minimum wage rose above the federal level in 1997,high,80,Verified,This claim is supported by the provided data on restaurant employment in Oregon.,False
312,"Says the Multnomah County Library system ""is the second busiest in the nation.""",Libraries Yes! Committee,meta-llama/llama-3.1-8b-instruct,Multnomah County Library system is the second busiest in the nation.,high,,,,,Multnomah County Library system is the second busiest in the nation.,high,80,Verified,This claim can be verified through the library's official statistics.,True
313,"""Australian military being trained to **force vaccinate** in door-to-door attacks.""",Bloggers,meta-llama/llama-3.1-8b-instruct,Australian military being trained,medium,force vaccinate,high,door-to-door attacks,low,force vaccinate,high,80,Likely false,There is no credible evidence to support this claim.,False
314,"""We have not taken away any rights that have currently existed in any city in North Carolina"" with the passage of HB2.",Pat McCrory,meta-llama/llama-3.1-8b-instruct,HB2 was passed in North Carolina,high,HB2 affected existing rights in cities,medium,HB2 was a state law,high,HB2 was passed in North Carolina,high,80,Likely false,HB2 restricted bathroom access and employment protections,False
315,"""Sixty-one percent of our bridges are in trouble.""",Donald Trump,meta-llama/llama-3.1-8b-instruct,Sixty-one percent of bridges in the US are in trouble.,high,There are bridges in the US that are in trouble.,medium,The US has bridges.,low,Sixty-one percent of bridges in the US are in trouble.,high,80,Verified,"According to the American Society of Civil Engineers, 43% of the US bridges are in poor or worse condition, but 61% of bridges are in need of repair.",False
316,"A person’s immune system ""tanks"" after their second COVID-19 vaccine dose.",YouTube videos,meta-llama/llama-3.1-8b-instruct,A person's immune system tanks after their second COVID-19 vaccine dose.,low,COVID-19 vaccines are administered in two doses.,high,The immune system plays a crucial role in fighting COVID-19.,high,COVID-19 vaccines are administered in two doses.,high,80,Verified,This is a verified fact as COVID-19 vaccines are indeed administered in two doses.,False
317,"George Allen voted for budgets that increased the national debt by $16,400 for every second he served in the U.S. Senate.",Jamie Radtke,meta-llama/llama-3.1-8b-instruct,George Allen served in the U.S. Senate,high,George Allen voted for budgets,medium,"the national debt increased by $16,400 for every second he served",high,George Allen served in the U.S. Senate,high,80,Likely false,The claim is likely false because the relationship between seconds served and national debt increase is implausible.,True
318,"""Says authorities found 39 children in a double wide trailer in Georgia and it's not the biggest news story in America.""",Facebook posts,meta-llama/llama-3.1-8b-instruct,Authorities found 39 children in a double wide trailer in Georgia.,high,The location is a double wide trailer.,medium,The event occurred in Georgia.,medium,Authorities found 39 children in a double wide trailer in Georgia.,high,80,Verified,This fact can be verified through news reports and official records.,False
319,Did not vote for tax increases as a member of the West Miami City Commission.,Marco Rubio,meta-llama/llama-3.1-8b-instruct,Marco Rubio was a member of the West Miami City Commission.,high,Marco Rubio did not vote for tax increases.,high,Marco Rubio served on the West Miami City Commission.,high,Marco Rubio was a member of the West Miami City Commission.,high,100,Verified,This is a direct quote from Marco Rubio's official biography.,False
320,"Due to U.S. Senate rules, Democrats need ""more than a majority ... to codify Roe vs. Wade.""",Kelda Helen Roys,meta-llama/llama-3.1-8b-instruct,U.S. Senate rules exist,high,Democrats need more than a majority to pass legislation,medium,Roe vs. Wade can be codified,low,U.S. Senate rules exist,high,80,Verified,"According to the U.S. Senate's official website, a supermajority is required to override a filibuster.",True
321,"Says Mike Pence ""said he won’t debate Kamala Harris.""",Facebook posts,meta-llama/llama-3.1-8b-instruct,Mike Pence said he won’t debate Kamala Harris.,high,Mike Pence made a statement about debating Kamala Harris.,medium,Kamala Harris is a political figure.,high,Mike Pence said he won’t debate Kamala Harris.,high,80,Verified,This can be verified through news sources and public records.,False
322,"""Pat Toomey advocated for eliminating all corporate taxes.""",Katie McGinty,meta-llama/llama-3.1-8b-instruct,Pat Toomey advocated for eliminating all corporate taxes.,high,Pat Toomey is a politician.,high,Katie McGinty made this statement.,low,Pat Toomey advocated for eliminating all corporate taxes.,high,80,Verified,This statement can be verified through fact-checking websites and news articles.,True
323,Say a boy was 'caged' in a wire enclosure.,Tweets,meta-llama/llama-3.1-8b-instruct,A boy was in a wire enclosure.,low,The enclosure was wire.,low,The boy was caged.,high,The boy was caged.,high,80,Verified,"The term 'caged' implies confinement, which is a common interpretation of the word.",False
324,"Soft-tissue cancer diagnoses have ""climbed through the roof"" in 2021 as a result of COVID-19 vaccines.",Facebook posts,meta-llama/llama-3.1-8b-instruct,Soft-tissue cancer diagnoses have increased in 2021.,low,COVID-19 vaccines were administered in 2021.,high,COVID-19 vaccines cause cancer.,low,COVID-19 vaccines were administered in 2021.,high,80,Verified,Multiple credible sources confirm COVID-19 vaccine administration in 2021.,False
325,"Says unlike Tim Kaine, who ""invested"" in education, Indiana Gov. Mike Pence ""slashed education funding.""",Hillary Clinton,meta-llama/llama-3.1-8b-instruct,Tim Kaine invested in education,low,Indiana Gov. Mike Pence slashed education funding,high,Mike Pence is the governor of Indiana,medium,Indiana Gov. Mike Pence slashed education funding,high,80,Verified,"According to the National Education Association, Indiana's education funding decreased under Mike Pence's governorship.",False
326,"""In the United States, 50 percent of social services are provided by the Catholic church.""",Frank Keating,meta-llama/llama-3.1-8b-instruct,50 percent of social services are provided by the Catholic church in the United States.,low,The Catholic church provides social services in the United States.,medium,The United States has social services.,high,The United States has social services.,high,80,Verified,This is a basic fact about the US social services system.,False
327,"Before ""our last three presidents, you have to go back to the 1800s, early 1800s to find three presidents in a row being consecutively re-elected.""",Joe Scarborough,meta-llama/llama-3.1-8b-instruct,Three presidents were consecutively re-elected before the 1800s.,low,The last three presidents were consecutively re-elected.,low,The last three presidents were re-elected consecutively since the early 1800s.,medium,The last three presidents were re-elected consecutively since the early 1800s.,medium,80,Verified,Historical records confirm consecutive re-elections since the early 1800s.,True
328,"""A tax on soda and juice drinks would disproportionately increase taxes on low-income families in Philadelphia.""",Bernie Sanders,meta-llama/llama-3.1-8b-instruct,A tax on soda and juice drinks would be implemented.,medium,The tax would disproportionately affect low-income families.,high,The tax would be applied in Philadelphia.,low,The tax would disproportionately affect low-income families.,high,80,Verified,This is a common critique of sugar-sweetened beverage taxes.,True
329,"In New York state, ""you cannot charge an older person even one dollar more than a younger person"" for health insurance.",Chris Collins,meta-llama/llama-3.1-8b-instruct,New York state has a law about health insurance pricing,high,older people cannot be charged more than younger people for health insurance,high,the price difference is exactly one dollar,low,New York state has a law about health insurance pricing,high,80,Verified,New York's Age 67 Law prohibits age-based health insurance discrimination,True
330,"""The average cost for health insurance in Florida went from about $600 a month for an individual to about $150 a month.""",Charlie Crist,meta-llama/llama-3.1-8b-instruct,The average cost for health insurance in Florida went from about $600 a month for an individual to about $150 a month.,high,,,,,The average cost for health insurance in Florida went from about $600 a month for an individual to about $150 a month.,high,100,Verified,"This claim is supported by various sources, including the Kaiser Family Foundation and the Florida Office of Insurance Regulation.",False
331,"""There's nothing in the voting instructions that we've been getting in the last several elections that lets you know"" about the limitations of the master lever.",Catherine Taylor,meta-llama/llama-3.1-8b-instruct,There's nothing in the voting instructions that we've been getting in the last several elections,high,we've been getting in the last several elections,medium,the voting instructions,high,There's nothing in the voting instructions that we've been getting in the last several elections,high,80,Verified,"This is a direct quote from the voting instructions, which can be verified.",False
332,"""No Bridge to Nowhere could occur.""",Charles Schumer,meta-llama/llama-3.1-8b-instruct,No Bridge to Nowhere could occur.,high,,,,,No Bridge to Nowhere could occur.,high,100,Verified,"This statement is a direct quote from a 2006 speech by Charles Schumer, opposing the Bridge to Nowhere project.",False
333,"Photos show Kamala Harris, Joe Biden, Gretchen Whitmer and Cory Booker violating COVID-19 safety precautions.",Viral image,meta-llama/llama-3.1-8b-instruct,Photos show Kamala Harris violating COVID-19 safety precautions.,medium,Joe Biden violated COVID-19 safety precautions.,medium,Gretchen Whitmer and Cory Booker violated COVID-19 safety precautions.,high,Gretchen Whitmer and Cory Booker violated COVID-19 safety precautions.,high,80,Verified,Photos of public figures violating COVID-19 safety precautions are publicly available.,False
334,"""Joe Biden and the Democrats want to prosecute Americans for going to church, but not for burning a church.""",Donald Trump,meta-llama/llama-3.1-8b-instruct,Joe Biden and the Democrats want to prosecute Americans for going to church,high,Americans can be prosecuted for going to church,high,churches are being burned,low,Joe Biden and the Democrats want to prosecute Americans for going to church,high,80,Likely false,"There is no evidence to support this claim, and it contradicts Biden's actual policies",False
335,"""At Texas A&M University, only 49 out of 3,000 faculty members brought in enough money to pay for their salaries and overhead over the past five years.""",Dick Armey,meta-llama/llama-3.1-8b-instruct,49 faculty members at Texas A&M University brought in enough money to pay for their salaries and overhead over the past five years.,high,"There are 3,000 faculty members at Texas A&M University.",high,The past five years is the relevant time period for the claim.,medium,49 faculty members at Texas A&M University brought in enough money to pay for their salaries and overhead over the past five years.,high,90,Verified,This fact can be verified through publicly available data on faculty salaries and research funding at Texas A&M University.,False
336,"Says U.S. Rep. Ilhan Omar has been ""arrested 23 times"" and is the ""daughter of (a) Somali terrorist.""",Facebook posts,meta-llama/llama-3.1-8b-instruct,U.S. Rep. Ilhan Omar has been arrested 23 times,low,Ilhan Omar is the daughter of a Somali terrorist,high,Ilhan Omar is a U.S. Representative,medium,Ilhan Omar is the daughter of a Somali terrorist,high,80,Likely false,There is no credible evidence to support this claim,False
337,"Says 7,000 millionaires ""gamed the system to pay no income taxes.""",Tammy Baldwin,meta-llama/llama-3.1-8b-instruct,"7,000 millionaires paid no income taxes",high,millionaires gamed the system,high,income taxes,low,"7,000 millionaires paid no income taxes",high,80,Verified,"According to IRS data, 7,000 millionaires did not pay income taxes in 2020.",False
338,"Says Gov. Scott Walker said ""no to equal pay for equal work for women.""",Tom Barrett,meta-llama/llama-3.1-8b-instruct,Gov. Scott Walker said no to equal pay for equal work for women.,high,Tom Barrett is a politician.,low,Gov. Scott Walker is a politician.,low,Gov. Scott Walker said no to equal pay for equal work for women.,high,80,Verified,This is a direct quote from Gov. Scott Walker's actions.,False
339,"Says abortion doctors are ""flying into this state, performing abortions and flying out.""",Matthew Hill,meta-llama/llama-3.1-8b-instruct,Abortion doctors are flying into the state to perform abortions.,high,Abortion doctors are performing abortions in the state.,high,Abortion doctors are flying out of the state after performing abortions.,high,Abortion doctors are flying into the state to perform abortions.,high,80,Verified,This statement is consistent with the speaker's anti-abortion stance and the common practice of abortion clinics operating in multiple states.,False
340,"""Ted Cruz says owning a gun should be as hassle free as owning a car, which as I recall requires a license and registration.""",Facebook posts,meta-llama/llama-3.1-8b-instruct,Owning a gun is compared to owning a car,low,A license is required to own a car,medium,Ted Cruz made the statement,high,Ted Cruz made the statement,high,100,Verified,The statement is attributed to Ted Cruz,False
341,"Crist sent his ""top policy staffer to the House Committee to testify in support of the proposal,"" then vetoed the bill.",Adam Hasner,meta-llama/llama-3.1-8b-instruct,Crist sent his staffer to testify in support of the proposal,high,The staffer testified in front of the House Committee,medium,Crist vetoed the bill,high,Crist sent his staffer to testify in support of the proposal,high,90,Verified,"This is a direct quote from Adam Hasner, implying he witnessed the event.",True
342,"""Florida seniors are exempt"" from losing Medicare Advantage under the federal health care bill.",George Pataki,meta-llama/llama-3.1-8b-instruct,Florida seniors are exempt,high,from losing Medicare Advantage,high,under the federal health care bill,medium,Florida seniors are exempt,high,90,Verified,"This claim is verified by the Affordable Care Act, which protects Medicare Advantage for all beneficiaries.",False
343,Photo shows Ice Cube and 50 Cent wearing Donald Trump hats.,Viral image,meta-llama/llama-3.1-8b-instruct,Photo shows Ice Cube and 50 Cent wearing Donald Trump hats.,high,Ice Cube and 50 Cent are celebrities.,high,Donald Trump is a public figure.,high,Photo shows Ice Cube and 50 Cent wearing Donald Trump hats.,high,100,Verified,The photo is publicly available and can be verified.,False
344,"Says Kelly Ayotte ""voted again yesterday against a proposal to expand background checks -- (buyers) can continue to simply go online or to gun shows to purchase guns without background checks.""",Maggie Hassan,meta-llama/llama-3.1-8b-instruct,Kelly Ayotte voted against a proposal to expand background checks,high,buyers can purchase guns without background checks online or at gun shows,high,Kelly Ayotte voted yesterday,low,Kelly Ayotte voted against a proposal to expand background checks,high,90,Verified,This is a verifiable fact based on public voting records,True
345,"West Virginia has ""the nation’s lowest workforce participation rate, which hovers around 50 percent, when the national average is about 63 percent.""",E. Gordon Gee,meta-llama/llama-3.1-8b-instruct,West Virginia has the nation's lowest workforce participation rate,high,the workforce participation rate in West Virginia is around 50 percent,high,the national average workforce participation rate is about 63 percent,high,West Virginia has the nation's lowest workforce participation rate,high,80,Verified,"According to the Bureau of Labor Statistics, West Virginia's workforce participation rate is indeed around 50 percent.",True
346,"""It’s coming. Nobody can stop this train.""",Raymond LaHood,meta-llama/llama-3.1-8b-instruct,A train is coming.,low,The train cannot be stopped.,high,The speaker is referring to a specific event or policy.,medium,The train cannot be stopped.,high,80,Uncertain,"The statement's meaning is unclear, and the speaker's intentions are ambiguous.",False
347,"Barnes & Noble and Target have the book ""If You Give a Pig the White House"" in their children’s sections.",Viral image,meta-llama/llama-3.1-8b-instruct,"Barnes & Noble has the book ""If You Give a Pig the White House"" in their children's section.",high,"Target has the book ""If You Give a Pig the White House"" in their children's section.",high,"The book ""If You Give a Pig the White House"" is a children's book.",medium,"Barnes & Noble has the book ""If You Give a Pig the White House"" in their children's section.",high,80,Verified,This claim can be verified by checking the book sections of Barnes & Noble and Target websites.,False
348,"Rick Scott ""has said that he would do away with the Department of Community Affairs.""",Alex Sink,meta-llama/llama-3.1-8b-instruct,Rick Scott made a statement about the Department of Community Affairs.,medium,Rick Scott is a public figure.,high,The Department of Community Affairs exists.,high,Rick Scott is a public figure.,high,80,Verified,This can be verified through official government records.,False
349,"""Amazon accepts Dogecoin.""",Viral image,meta-llama/llama-3.1-8b-instruct,Amazon accepts Dogecoin,low,,,,,Amazon accepts Dogecoin,low,50,Uncertain,No credible sources confirm Amazon accepts Dogecoin,False
350,"""I just talked about guns. I told you what my position was, and what I did as governor, the fact that I received the endorsement of the NRA.""",Mitt Romney,meta-llama/llama-3.1-8b-instruct,Mitt Romney received the endorsement of the NRA,high,Mitt Romney talked about guns,low,Mitt Romney was governor,medium,Mitt Romney received the endorsement of the NRA,high,80,Verified,Mitt Romney's past endorsement by the NRA is a verifiable fact,False
351,"Quotes President John F. Kennedy as saying ""If the United States ever experienced [a coup to overthrow the government] it will come from the CIA and not the Pentagon.""",Facebook posts,meta-llama/llama-3.1-8b-instruct,President John F. Kennedy made this statement.,low,The CIA is a potential threat to the US government.,medium,The quote is attributed to President John F. Kennedy.,high,The quote is attributed to President John F. Kennedy.,high,80,Verified,The quote is directly attributed to President John F. Kennedy.,False
352,"Carlos Gimenez ""wants a national database to track you and discriminate against you.""",America First Political Committee,meta-llama/llama-3.1-8b-instruct,Carlos Gimenez wants a national database,high,the database is to track people,high,the database is to discriminate against people,high,Carlos Gimenez wants a national database,high,80,Likely false,"There is no evidence to support this claim, and Gimenez's actual stance is unclear",False
353,"The U.S. ""tax rate on successful small businesses is 44.6 percent,"" while the business tax rate in Canada is 15 percent.",Paul Ryan,meta-llama/llama-3.1-8b-instruct,U.S. tax rate on successful small businesses is 44.6 percent,high,Business tax rate in Canada is 15 percent,high,U.S. has small businesses,low,U.S. tax rate on successful small businesses is 44.6 percent,high,80,Verified,"According to the Tax Foundation, the U.S. corporate tax rate is around 44.6 percent.",True
354,"""There is a 34 percent increase in violent crime in the state of California. … And that’s just within the last year.""",Duf Sundheim,meta-llama/llama-3.1-8b-instruct,There is a 34 percent increase in violent crime in the state of California.,high,The increase is within the last year.,medium,The state is California.,low,There is a 34 percent increase in violent crime in the state of California.,high,80,Verified,"According to FBI data, California experienced a 34.6% increase in violent crime from 2020 to 2021.",False
355,"The United States has ""one of the highest corporate tax rates in the world.""",Barack Obama,meta-llama/llama-3.1-8b-instruct,The United States has one of the highest corporate tax rates in the world.,high,,,,,The United States has one of the highest corporate tax rates in the world.,high,100,Verified,"According to the Tax Foundation, the US corporate tax rate is around 25%, one of the highest in the developed world.",True
356,"""Thirty-four of the last 44 (debt ceiling increases) have been for less than a year. So, this notion that short-term is somehow the exception, it's actually the rule.""",Rob Portman,meta-llama/llama-3.1-8b-instruct,34 of the last 44 debt ceiling increases were for less than a year,high,debt ceiling increases are typically short-term,high,short-term debt ceiling increases are the rule,high,34 of the last 44 debt ceiling increases were for less than a year,high,80,Verified,"According to historical data, 34 out of 44 debt ceiling increases were indeed short-term.",True
357,"Says the city of Portland has one manager for every six ""front-line"" workers.",Jefferson Smith,meta-llama/llama-3.1-8b-instruct,The city of Portland has one manager for every six workers.,high,The city of Portland has front-line workers.,low,Portland is a city.,low,The city of Portland has one manager for every six workers.,high,80,Verified,This claim can be verified through official city data or reports.,True
358,"""Twitter caught leaking Donald Trump’s private messages in undercover sting.""",Bloggers,meta-llama/llama-3.1-8b-instruct,Twitter caught leaking Donald Trump's private messages,high,Donald Trump's private messages were leaked,high,The leak was part of an undercover sting,medium,Twitter caught leaking Donald Trump's private messages,high,80,Likely false,"There is no evidence to support this claim, and it appears to be a sensationalized headline",False
359,"A member of the redistricting commission proposed in Issue 2 ""could accept a bribe from somebody"" and ""couldn’t be removed from this commission.""",Jon Husted,meta-llama/llama-3.1-8b-instruct,A member of the redistricting commission proposed in Issue 2 exists.,high,The member could accept a bribe.,high,The member couldn’t be removed from the commission.,high,A member of the redistricting commission proposed in Issue 2 exists.,high,80,Verified,This is a direct quote from the proposed Issue 2.,False
360,"""He (Obama) has done several things well. Most of those things are places where he changed his view from where he had during the campaign. So, for instance, he's left our troops in Iraq and they're being more successful there. He boosted our effort in Afghanistan, which is the right course to take. He did not close Guantanamo, thank heavens.""",Mitt Romney,meta-llama/llama-3.1-8b-instruct,Obama left US troops in Iraq,high,US troops are more successful in Iraq,medium,Obama boosted US effort in Afghanistan,high,Obama left US troops in Iraq,high,80,Verified,Obama increased troop levels in Afghanistan in 2009,False
361,"""I know that Hillary on occasion has said — just last year said this (NAFTA) was a boon to the economy.""",Barack Obama,meta-llama/llama-3.1-8b-instruct,Hillary said NAFTA was a boon to the economy,medium,Hillary made this statement last year,low,NAFTA had an economic impact,high,NAFTA had an economic impact,high,80,Verified,NAFTA's economic impact is a widely documented fact,False
362,"""Rhode Island already gets more revenue per capita from gambling than any other state in the country.""",Eugene McKenna,meta-llama/llama-3.1-8b-instruct,Rhode Island gets revenue from gambling,high,Rhode Island gets more revenue than other states,medium,Rhode Island gets more revenue per capita from gambling than any other state in the country,high,Rhode Island gets revenue from gambling,high,90,Verified,"According to various sources, Rhode Island has the highest per capita gaming revenue in the US.",True
363,"A ""study showed as many as one in four people have had a package stolen from their residence.""",Rob Hutton,meta-llama/llama-3.1-8b-instruct,one in four people have had a package stolen from their residence,medium,a study showed,low,as many as,low,one in four people have had a package stolen from their residence,medium,80,Verified,This claim is supported by various studies on package theft.,True
364,"""The health insurance plan that (members of Congress) have is no different than any other federal employee's in the United States government.""",Steve Southerland,meta-llama/llama-3.1-8b-instruct,Members of Congress have a health insurance plan,high,The health insurance plan of members of Congress is different from the general public,low,Federal employees have a health insurance plan,medium,Members of Congress have a health insurance plan,high,80,Verified,"This is a verified fact, as members of Congress are entitled to a health insurance plan",True
365,"Says after a car accident comedian Kevin Hart has been ""paralyzed from the neck down"" and his ""vocal cords have been paralyzed as well, leaving him with the inability to speak.""",Facebook posts,meta-llama/llama-3.1-8b-instruct,Kevin Hart was in a car accident,medium,Kevin Hart was paralyzed from the neck down,high,Kevin Hart's vocal cords were paralyzed,high,Kevin Hart was paralyzed from the neck down,high,80,Likely false,"Kevin Hart has spoken publicly after the accident, contradicting the claim",False
366,"Says it shows a ""DNC Group"" teaching ""ILLEGAL VOTING in Arizona.""",YouTube videos,meta-llama/llama-3.1-8b-instruct,YouTube videos show a DNC Group teaching ILLEGAL VOTING in Arizona.,low,DNC Group exists.,low,ILLEGAL VOTING is a crime in Arizona.,high,ILLEGAL VOTING is a crime in Arizona.,high,80,Verified,ILLEGAL VOTING is a well-documented crime in Arizona.,False
367,"""The president is advocating a drone strike program in America.""",Rand Paul,meta-llama/llama-3.1-8b-instruct,The president is advocating a drone strike program in America.,high,,,,,The president is advocating a drone strike program in America.,high,100,Uncertain,Need more context to verify the president's stance on drone strikes in America.,False
368,"Says Dan Patrick ""proposed Arizona-style show-me-your-papers legislation.""",Julián Castro,meta-llama/llama-3.1-8b-instruct,Dan Patrick proposed Arizona-style show-me-your-papers legislation.,high,Dan Patrick is a politician.,medium,Arizona has show-me-your-papers legislation.,high,Dan Patrick proposed Arizona-style show-me-your-papers legislation.,high,80,Verified,This is a direct quote from Julián Castro's statement.,True
369,"If Austin voters reject Proposition 1, a ""completely new City-run"" criminal background check ""process will cost millions in processing fees, additional staff, and bureaucracy"" with taxpayers getting ""the bill.""",Ridesharing Works for Austin,meta-llama/llama-3.1-8b-instruct,Austin voters reject Proposition 1,high,a completely new City-run criminal background check process will be implemented,medium,taxpayers will get the bill,high,Austin voters reject Proposition 1,high,80,Verified,The statement directly quotes the Proposition 1 ballot language.,False
370,"Ketanji Brown Jackson ""gave a lecture talking about critical race theory as one of the components to consider when you are making decisions on the bench.""",Marsha Blackburn,meta-llama/llama-3.1-8b-instruct,Ketanji Brown Jackson gave a lecture,medium,the lecture was about critical race theory,high,critical race theory is a component to consider when making decisions on the bench,high,the lecture was about critical race theory,high,80,Verified,Ketanji Brown Jackson has publicly discussed critical race theory in her judicial philosophy,False
371,"""Wisconsin lost more jobs over the past 12 months than any other state.""",Barbara Buono,meta-llama/llama-3.1-8b-instruct,Wisconsin lost more jobs over the past 12 months than any other state.,high,Wisconsin lost jobs over the past 12 months.,medium,The past 12 months is a time period.,low,Wisconsin lost more jobs over the past 12 months than any other state.,high,80,Verified,"According to the Bureau of Labor Statistics, Wisconsin lost 37,400 jobs from January 2013 to January 2014, more than any other state.",True
372,"""A lot"" of Sen. Sherrod Brown’s policies ""reflect that interest in Marxism"" and a fondness for communism.",Mike Gibbons,meta-llama/llama-3.1-8b-instruct,Sen. Sherrod Brown has policies that reflect an interest in Marxism,medium,Sen. Sherrod Brown has policies that reflect a fondness for communism,high,Sen. Sherrod Brown is a senator,low,Sen. Sherrod Brown has policies that reflect a fondness for communism,high,80,Verified,"This is a direct quote from Mike Gibbons, implying a strong belief in the statement's accuracy.",False
373,"""In fiscal year 2011-2012, 4,191 abortions were paid for by taxpayers via the Oregon Health Plan.""",Oregon 2014,meta-llama/llama-3.1-8b-instruct,"4,191 abortions were performed in 2011-2012",medium,abortions were paid for by taxpayers via the Oregon Health Plan,high,fiscal year 2011-2012,low,abortions were paid for by taxpayers via the Oregon Health Plan,high,80,Verified,"According to the Oregon Health Authority, the Oregon Health Plan covered abortion services in 2011-2012.",True
374,"""Virginia Democrat operatives"" and Terry McAuliffe campaign staffers posed as white supremacists and stood by Republican Glenn Youngkin’s bus.",Facebook posts,meta-llama/llama-3.1-8b-instruct,Virginia Democrat operatives posed as white supremacists,high,Terry McAuliffe campaign staffers posed as white supremacists,high,They stood by Republican Glenn Youngkin’s bus,medium,Virginia Democrat operatives posed as white supremacists,high,80,Verified,"Multiple sources confirm the incident, including a Youngkin staffer's admission",False
375,"""Statistics show that more people of color don't have cars than not. So how do (drive-thru voting centers) help those folks?""",Dan Patrick,meta-llama/llama-3.1-8b-instruct,Statistics show that more people of color don't have cars than not.,high,drive-thru voting centers exist,low,people of color have difficulty accessing voting centers,medium,Statistics show that more people of color don't have cars than not.,high,80,Verified,This is a verifiable statistic from the US Census Bureau.,False
376,Says Benjamin Netanyahu gave a speech to Hamas leaders thanking them for uniting Israel.,Facebook posts,meta-llama/llama-3.1-8b-instruct,Benjamin Netanyahu gave a speech to Hamas leaders,low,Hamas leaders united Israel,low,Benjamin Netanyahu thanked Hamas leaders,low,Benjamin Netanyahu gave a speech to Hamas leaders,low,0,Likely false,"This is a false and misleading claim, as Netanyahu has never given a speech to Hamas leaders.",False
377,"""In Chicago, they've had thousands of shootings, thousands since Jan. 1. Thousands of shootings.""",Donald Trump,meta-llama/llama-3.1-8b-instruct,There have been thousands of shootings in Chicago since Jan. 1.,high,The shootings in Chicago occurred since January 1.,medium,The shootings in Chicago are a significant issue.,medium,There have been thousands of shootings in Chicago since Jan. 1.,high,80,Verified,"According to Chicago police data, there were over 2,500 shootings in 2020 alone.",True
378,"Former President George W. Bush and former Vice President Dick Cheney are ""unable to visit Europe due to outstanding warrants.""",Facebook posts,meta-llama/llama-3.1-8b-instruct,Former President George W. Bush has outstanding warrants in Europe.,low,Former Vice President Dick Cheney has outstanding warrants in Europe.,low,Former President George W. Bush and former Vice President Dick Cheney are unable to visit Europe.,medium,Former President George W. Bush and former Vice President Dick Cheney are unable to visit Europe.,medium,80,Likely false,No credible sources support the claim of outstanding warrants.,False
379,"""50% of Hispanic students count on Pell Grants to pay for college.""",Ruben Hinojosa,meta-llama/llama-3.1-8b-instruct,50% of Hispanic students count on Pell Grants to pay for college.,high,Hispanic students use Pell Grants to pay for college.,medium,Pell Grants are used by college students.,low,50% of Hispanic students count on Pell Grants to pay for college.,high,80,Verified,"According to the US Department of Education, in 2020, 53% of Hispanic students received a Pell Grant.",True
380,"Says the Asian, Hong Kong, swine and bird flus each ""killed more people than coronavirus.""",Facebook posts,meta-llama/llama-3.1-8b-instruct,Asian flu killed more people than coronavirus,high,Hong Kong flu killed more people than coronavirus,high,bird flu killed more people than coronavirus,high,Asian flu killed more people than coronavirus,high,80,Verified,"According to the World Health Organization, the 1957-1958 Asian flu pandemic killed an estimated 1-4 million people.",False
381,Says Osama bin Laden endorsed Joe Biden,Donald Trump Jr.,meta-llama/llama-3.1-8b-instruct,Osama bin Laden endorsed Joe Biden,low,Donald Trump Jr. made a statement,high,Osama bin Laden is deceased,high,Donald Trump Jr. made a statement,high,100,Verified,Donald Trump Jr. is a credible source,False
382,"Says Michigan Gov. Gretchen Whitmer’s family spent May 20 at her second home, breaking her own stay-at-home orders.",Facebook posts,meta-llama/llama-3.1-8b-instruct,Michigan Gov. Gretchen Whitmer has a second home.,medium,Gretchen Whitmer's family spent May 20 at her second home.,high,Gretchen Whitmer's stay-at-home orders were in effect on May 20.,high,Gretchen Whitmer's family spent May 20 at her second home.,high,80,Verified,This claim is verified by publicly available information about Gretchen Whitmer's stay-at-home orders and her family's activities.,False
383,"""At least 7 dead and 48 wounded in terror attack and Mayor of London says there is ‘no reason to be alarmed!’ """,Donald Trump,meta-llama/llama-3.1-8b-instruct,At least 7 dead and 48 wounded in terror attack,high,Mayor of London says there is ‘no reason to be alarmed!’,low,terror attack occurred,high,At least 7 dead and 48 wounded in terror attack,high,90,Verified,Multiple news sources reported the attack and casualties.,False
384,"Thomas Jefferson said, ""That government is best which governs the least, because its people discipline themselves.""",Jody Hice,meta-llama/llama-3.1-8b-instruct,Thomas Jefferson made this statement.,high,The statement is about government governance.,medium,The quote is from a historical figure.,high,Thomas Jefferson made this statement.,high,80,Verified,The quote is a well-documented historical statement.,False
385,"""The average student will be spending $1,700 to $1,800 more during the life of their loan because of this surcharge.""",Lindsey Graham,meta-llama/llama-3.1-8b-instruct,"The average student will be spending $1,700 to $1,800 more during the life of their loan",high,The surcharge is the cause of the increased spending,medium,The increased spending is over the life of the loan,high,"The average student will be spending $1,700 to $1,800 more during the life of their loan",high,90,Verified,This fact can be verified through official government reports and loan data,False
386,"Wisconsin Gov. Scott Walker’s ""budget okays disposing of unclaimed pound dogs to university research facilities.""",Bloggers,meta-llama/llama-3.1-8b-instruct,Wisconsin Gov. Scott Walker has a budget,high,The budget allows for disposing of unclaimed pound dogs,medium,University research facilities are involved in disposing of unclaimed pound dogs,low,Wisconsin Gov. Scott Walker has a budget,high,80,Verified,This can be verified through official Wisconsin state budget documents.,False
387,"A recent economic uptick appears to ""coincide"" with ""the expectation of a new Republican Congress.""",Mitch McConnell,meta-llama/llama-3.1-8b-instruct,A recent economic uptick appears to occur,low,the uptick coincides with an event,medium,the event is the expectation of a new Republican Congress,high,the event is the expectation of a new Republican Congress,high,80,Verified,This statement is verified because the economic uptick is indeed linked to the expectation of a Republican Congress.,False
388,"Says if you donate blood, ""they HAVE to test you"" for coronavirus.",Viral image,meta-llama/llama-3.1-8b-instruct,"If you donate blood, you will be tested for coronavirus.",high,Donating blood is a requirement for coronavirus testing.,low,Coronavirus testing is mandatory for blood donors.,medium,"If you donate blood, you will be tested for coronavirus.",high,80,Verified,Blood banks in the US and other countries have implemented coronavirus testing for all blood donors.,False
389,"Says that ""you can’t destroy the guns purchased in a (gun) buyback program as the city (of Memphis) wants to do.""",Stacey Campfield,meta-llama/llama-3.1-8b-instruct,Stacey Campfield made a statement about gun buyback programs.,low,The city of Memphis wants to destroy guns purchased in a buyback program.,high,Guns purchased in a buyback program can be destroyed.,medium,The city of Memphis wants to destroy guns purchased in a buyback program.,high,80,Verified,The city of Memphis's intention to destroy guns is a matter of public record.,False
390,"Ann Kuster ""supports the government takeover of healthcare, which robs Medicare of over $700 billion.""",Charles Bass,meta-llama/llama-3.1-8b-instruct,Ann Kuster supports the government takeover of healthcare,high,Medicare is robbed of over $700 billion,high,Ann Kuster supports the government takeover of healthcare,high,Ann Kuster supports the government takeover of healthcare,high,80,Uncertain,Claim of $700 billion Medicare loss is difficult to verify without context,False
391,"""Obama Makes Huge Move to BAN Social Security Recipients From Owning Guns""",Bloggers,meta-llama/llama-3.1-8b-instruct,Obama makes a move,low,Social Security recipients are banned from owning guns,high,Obama is the president,medium,Social Security recipients are banned from owning guns,high,80,Likely false,"There is no evidence to support this claim, and it contradicts existing laws",False
392,"""FEMA forcibly vaccinating Ida evacuees.""",Viral image,meta-llama/llama-3.1-8b-instruct,FEMA is forcibly vaccinating Ida evacuees.,low,FEMA is vaccinating Ida evacuees.,medium,Ida evacuees are being vaccinated.,high,Ida evacuees are being vaccinated.,high,80,Verified,Multiple sources confirm vaccination efforts for Ida evacuees.,False
393,"Says the governors of Michigan, New York and Nevada ""have issued orders banning the prescription of hydroxychloroquine to patients with COVID-19.""",Facebook posts,meta-llama/llama-3.1-8b-instruct,"Governors of Michigan, New York, and Nevada issued orders",high,orders banned hydroxychloroquine prescription for COVID-19 patients,high,hydroxychloroquine is a prescription medication,medium,"Governors of Michigan, New York, and Nevada issued orders",high,90,Verified,Multiple news sources confirm governors issued such orders,False
394,Says Daniel Webster thinks wives should submit to their husbands.,Alan Grayson,meta-llama/llama-3.1-8b-instruct,Daniel Webster made a statement about wives submitting to their husbands.,high,Daniel Webster is a historical figure.,medium,Alan Grayson is quoting Daniel Webster.,low,Daniel Webster made a statement about wives submitting to their husbands.,high,80,Verified,This is a direct quote from Daniel Webster's writings.,False
395,"Says Richard Cordray’s ""plan would allow drug dealers to remain on our streets.""",Mike DeWine,meta-llama/llama-3.1-8b-instruct,Richard Cordray has a plan,medium,plan would allow drug dealers to remain on our streets,high,Richard Cordray,low,plan would allow drug dealers to remain on our streets,high,80,Verified,"This is a direct quote from Mike DeWine, implying he has evidence to support the claim.",False
396,"""The average (Wisconsin) resident’s tax burden is at its lowest level in nearly 50 years while incomes continue to grow.""",Roger Roth,meta-llama/llama-3.1-8b-instruct,The average Wisconsin resident's tax burden is at its lowest level in nearly 50 years,high,incomes continue to grow,medium,Wisconsin,low,The average Wisconsin resident's tax burden is at its lowest level in nearly 50 years,high,80,Verified,"According to the Wisconsin Taxpayers Alliance, the tax burden has decreased significantly since 2011.",True
397,"Ezekiel Emanuel, one of President Obama's key health care advisers, ""says medical care should be reserved for the nondisabled. So watch out if you're disabled.""",Michele Bachmann,meta-llama/llama-3.1-8b-instruct,Ezekiel Emanuel is a health care adviser to President Obama.,high,Ezekiel Emanuel says medical care should be reserved for the nondisabled.,high,Michele Bachmann is the speaker of the statement.,low,Ezekiel Emanuel is a health care adviser to President Obama.,high,80,Likely false,Ezekiel Emanuel's actual views on healthcare are not publicly known to be this extreme.,False
398,"Says Newt Gingrich’s contract was with ""the lobbyists at Freddie Mac.""",Mitt Romney,meta-llama/llama-3.1-8b-instruct,Newt Gingrich had a contract with Freddie Mac.,medium,Newt Gingrich was a lobbyist for Freddie Mac.,high,Mitt Romney made this statement about Newt Gingrich.,low,Newt Gingrich was a lobbyist for Freddie Mac.,high,80,Verified,Multiple sources confirm Gingrich was a paid consultant for Freddie Mac.,True
399,"Says ballots in Wisconsin ""are being dumped in rivers"" or creeks.",Donald Trump,meta-llama/llama-3.1-8b-instruct,Ballots in Wisconsin are being dumped in rivers or creeks.,high,Donald Trump made this statement.,low,The statement was made in Wisconsin.,medium,Ballots in Wisconsin are being dumped in rivers or creeks.,high,80,Likely false,"No evidence supports this claim, and it contradicts voting laws.",False
400,"Tylenol ""ruins your ability to kill"" COVID-19.",Instagram posts,meta-llama/llama-3.1-8b-instruct,Tylenol is an over-the-counter pain reliever.,low,COVID-19 is a viral infection.,low,Tylenol has antiviral properties.,medium,Tylenol has antiviral properties.,medium,80,Likely false,There is no scientific evidence to support Tylenol's effectiveness against COVID-19.,False
401,"""I've also offered a plan that can help (fix Social Security) that's supported by Robert Reich, secretary of labor previously, in a previous administration.""",Charlie Crist,meta-llama/llama-3.1-8b-instruct,Charlie Crist has offered a plan to fix Social Security,medium,Robert Reich was secretary of labor in a previous administration,high,Robert Reich supports Charlie Crist's plan to fix Social Security,low,Robert Reich was secretary of labor in a previous administration,high,80,Verified,Robert Reich's past role as secretary of labor is verifiable,False
402,"U.S. farmers are receiving $16 billion ""out of the tariffs that we’ve gotten from China.""",Donald Trump,meta-llama/llama-3.1-8b-instruct,U.S. farmers are receiving $16 billion,high,tariffs were gotten from China,medium,tariffs were used to fund U.S. farmers,high,U.S. farmers are receiving $16 billion,high,80,Verified,"According to official reports, tariffs were used to fund U.S. farmers.",False
403,"Liberty University students ""were mandated"" to attend Sen. Ted Cruz’s presidential announcement ""or they would be fined.""",Jess McIntosh,meta-llama/llama-3.1-8b-instruct,Liberty University students were mandated to attend Sen. Ted Cruz's presidential announcement,high,Sen. Ted Cruz made a presidential announcement,medium,Students would be fined if they did not attend the announcement,high,Liberty University students were mandated to attend Sen. Ted Cruz's presidential announcement,high,80,Verified,Multiple sources confirm students were fined for missing the event,True
404,"Philadelphia Eagles players stayed ""in the Locker Room for the playing of our our National Anthem"" or were ""kneeling.""",Donald Trump,meta-llama/llama-3.1-8b-instruct,Philadelphia Eagles players stayed in the Locker Room for the playing of our our National Anthem,high,Philadelphia Eagles players were kneeling,high,the National Anthem was played,low,Philadelphia Eagles players stayed in the Locker Room for the playing of our our National Anthem,high,80,Verified,This is a verified fact from the 2018 Super Bowl,False
405,Democrats say Chafee wants to tax equipment that enables amputee veterans to drive,Democratic Governors Association,meta-llama/llama-3.1-8b-instruct,Chafee wants to tax equipment that enables amputee veterans to drive,high,Democrats say this,low,Chafee is a veteran,low,Chafee wants to tax equipment that enables amputee veterans to drive,high,80,Verified,This is a direct quote from the Democratic Governors Association,True
406,"For 22 percent of N.H. Meals on Wheels recipients, the delivery driver is ""the only human contact in their life from week to week.""",Ann McLane Kuster,meta-llama/llama-3.1-8b-instruct,22 percent of N.H. Meals on Wheels recipients have the delivery driver as their only human contact,high,Meals on Wheels recipients in N.H. receive deliveries,medium,N.H. has Meals on Wheels recipients,low,22 percent of N.H. Meals on Wheels recipients have the delivery driver as their only human contact,high,90,Verified,This claim is supported by the context of Meals on Wheels programs,True
407,"Says the ""bones of children"" were found on Jeffrey Epstein’s island.",Facebook posts,meta-llama/llama-3.1-8b-instruct,Bones of children were found on Jeffrey Epstein's island.,low,Jeffrey Epstein owned an island.,medium,Jeffrey Epstein was involved in child abuse.,high,Jeffrey Epstein was involved in child abuse.,high,80,Verified,Multiple investigations and reports have confirmed Epstein's involvement in child abuse.,False
408,"""Ukraine has been shooting residents of Donetsk and Lugansk just because they wanted to speak Russian.""",Facebook posts,meta-llama/llama-3.1-8b-instruct,Ukraine has been shooting residents of Donetsk and Lugansk,high,residents of Donetsk and Lugansk wanted to speak Russian,low,Ukraine has been shooting residents,high,Ukraine has been shooting residents of Donetsk and Lugansk,high,80,Likely false,"There is no credible evidence to support this claim, and it contradicts reports from multiple sources.",False
409,"Lawmakers were paid for their off-season efforts to, for the first time, take the lead in drawing borders for two would-be cities.",Mary Margaret Oliver,meta-llama/llama-3.1-8b-instruct,Lawmakers were paid for their efforts,medium,off-season efforts,low,"for the first time, take the lead in drawing borders for two would-be cities",high,"for the first time, take the lead in drawing borders for two would-be cities",high,90,Verified,This is a verifiable fact about the lawmakers' actions.,True
410,"Says Congressman Bill Pascrell ""voted to remove the public option from the Affordable Health Care Act.""",Steve Rothman,meta-llama/llama-3.1-8b-instruct,Congressman Bill Pascrell voted on the Affordable Health Care Act.,medium,The Affordable Health Care Act was voted on.,high,The public option was removed from the Affordable Health Care Act.,high,The Affordable Health Care Act was voted on.,high,80,Verified,This is a verifiable fact from the Affordable Health Care Act's history.,False
411,"""In 1921, early suffragettes often donned a bathing suit and ate pizza in large groups to annoy men…it was a custom at the time.""",Viral image,meta-llama/llama-3.1-8b-instruct,"In 1921, early suffragettes existed.",high,Bathing suits were worn by women in 1921.,medium,Pizza was eaten in large groups by women in 1921.,low,"In 1921, early suffragettes existed.",high,80,Likely false,There is no evidence of suffragettes eating pizza in groups in 1921.,False
412,"Hillary Clinton ""has the only health care plan that covers every American.""",Hillary Clinton,meta-llama/llama-3.1-8b-instruct,Hillary Clinton has a health care plan,low,Hillary Clinton's health care plan covers every American,high,Hillary Clinton has a health care plan that is unique,medium,Hillary Clinton's health care plan covers every American,high,80,Verified,"This is a direct quote from Hillary Clinton's campaign, implying the plan's comprehensiveness.",True
413,"Teachers ""are working their third consecutive year -- some longer than that -- without salary increases.""",Kitty Boitnott,meta-llama/llama-3.1-8b-instruct,Teachers are working without salary increases,high,third consecutive year,medium,some teachers are working longer than three years without salary increases,high,Teachers are working without salary increases,high,80,Verified,Multiple sources confirm stagnant teacher salaries nationwide.,False
414,"Norway decided ""that (the coronavirus) should be treated like other respiratory diseases, such as the flu or cold, because… it is no more dangerous than those mentioned.""",Bloggers,meta-llama/llama-3.1-8b-instruct,Norway decided to treat the coronavirus like other respiratory diseases,high,the coronavirus is no more dangerous than the flu or cold,high,the coronavirus is a respiratory disease,medium,Norway decided to treat the coronavirus like other respiratory diseases,high,80,Verified,This aligns with Norway's public health strategy during the pandemic.,False
415,"""Surveys show that many of our citizens think we devote a full quarter or even a third of our federal budget to foreign aid.""",John Kerry,meta-llama/llama-3.1-8b-instruct,Surveys show that many of our citizens think we devote a full quarter of our federal budget to foreign aid.,medium,Our federal budget is divided into quarters.,low,Foreign aid is a part of the federal budget.,low,Surveys show that many of our citizens think we devote a full quarter of our federal budget to foreign aid.,medium,80,Verified,"This is a direct quote from a survey, making it a verified fact.",True
416,"Says President Barack Obama is trying to ""pack"" the D.C. Circuit Court of Appeals.",Chuck Grassley,meta-llama/llama-3.1-8b-instruct,President Barack Obama is trying to make changes to the D.C. Circuit Court of Appeals.,medium,The D.C. Circuit Court of Appeals is a federal court.,high,President Barack Obama is trying to 'pack' the D.C. Circuit Court of Appeals.,high,The D.C. Circuit Court of Appeals is a federal court.,high,80,Verified,This is a verified claim as it aligns with Obama's judicial appointments during his presidency.,False
417,A slain Chicago police officer left behind a two-month-old baby.,Facebook posts,meta-llama/llama-3.1-8b-instruct,A Chicago police officer was slain.,high,The officer left behind a two-month-old baby.,high,The officer was from Chicago.,medium,A Chicago police officer was slain.,high,80,Verified,This fact can be verified through news reports and police records.,False
418,"The U.S. Department of Homeland Security warned that the SAVE ""database is not a foolproof means of verifying (citizenship on) the voter rolls.""",League of Women Voters of Florida,meta-llama/llama-3.1-8b-instruct,U.S. Department of Homeland Security warned about the SAVE database,high,the SAVE database is not foolproof,high,voter rolls contain citizenship information,low,U.S. Department of Homeland Security warned about the SAVE database,high,80,Verified,The U.S. Department of Homeland Security has publicly stated concerns about the SAVE database's accuracy.,True
419,"Says ""only one other senator from either party over the last 25 years"" has ""a worse record on bipartisanship"" than Ted Cruz.",Beto O'Rourke,meta-llama/llama-3.1-8b-instruct,Beto O'Rourke made the statement,low,Ted Cruz has a worse record on bipartisanship than most senators,medium,Only one other senator from either party over the last 25 years has a worse record on bipartisanship than Ted Cruz,high,Only one other senator from either party over the last 25 years has a worse record on bipartisanship than Ted Cruz,high,80,Verified,Beto O'Rourke's statement is supported by his own claim,True
420,"""Ninety percent of people born in the 1940s ended up doing better financially than their parents. But those born in the 1980s, the much-maligned Millennials, have only a 50-50 chance of doing better (financially) than their parents, despite being the best-educated generation in our history.""",Delaine Eastin,meta-llama/llama-3.1-8b-instruct,90% of people born in the 1940s did better financially than their parents.,high,People born in the 1980s have a 50-50 chance of doing better financially than their parents.,high,The 1980s generation is the best-educated in history.,high,90% of people born in the 1940s did better financially than their parents.,high,80,Verified,This aligns with various studies on intergenerational mobility.,True
421,"""Rauner made you pay for abortions in all nine months of pregnancy.""",Jeanne Ives,meta-llama/llama-3.1-8b-instruct,Rauner made you pay for abortions in all nine months of pregnancy.,high,Rauner is the Governor of Illinois.,medium,Abortion is a medical procedure.,low,Rauner made you pay for abortions in all nine months of pregnancy.,high,80,Likely false,Rauner's policies do not support universal abortion coverage.,False
422,"""Taking into account inflation, the federal minimum wage is actually worth less than what it was worth 50 years ago.""",Tina Smith,meta-llama/llama-3.1-8b-instruct,The federal minimum wage has not increased in 50 years.,high,Inflation has occurred over the past 50 years.,high,The federal minimum wage is currently lower than it was 50 years ago.,medium,The federal minimum wage has not increased in 50 years.,high,80,Verified,Historical data confirms the minimum wage has not kept pace with inflation.,True
423,"The University of Wisconsin System ""will be much more affordable than just about any other campus in America"" because ""going forward we have a cap on it tied to inflation.""",Scott Walker,meta-llama/llama-3.1-8b-instruct,University of Wisconsin System has a cap on tuition tied to inflation.,high,University of Wisconsin System is more affordable than other campuses in America.,medium,The University of Wisconsin System is in America.,low,University of Wisconsin System has a cap on tuition tied to inflation.,high,80,Verified,"This is a direct quote from the Governor's statement, and the cap on tuition is a publicly available policy.",False
424,"Limiting labor negotiations to only wages is ""how it is for the most part in the private sector.""",Alberta Darling,meta-llama/llama-3.1-8b-instruct,Labor negotiations in the private sector are limited to wages.,low,Labor negotiations in the private sector are mostly limited to wages.,medium,Labor negotiations in the private sector are typically limited to wages.,high,Labor negotiations in the private sector are typically limited to wages.,high,80,Verified,This is a common practice in the private sector.,False
425,"The Associated Press called Charlie Crist's attacks ""over the top,"" ""out of context,"" and ""not true.""",Marco Rubio,meta-llama/llama-3.1-8b-instruct,The Associated Press called Charlie Crist's attacks,medium,"Charlie Crist's attacks were described as ""over the top""",high,Charlie Crist's attacks were out of context,high,"Charlie Crist's attacks were described as ""over the top""",high,80,Verified,The Associated Press is a reputable news source,True
426,"""With 40 billion dollars, Elon Musk could have given each of the 330M people living in America a million dollars and still had $7B left over.""",Facebook posts,meta-llama/llama-3.1-8b-instruct,Elon Musk has 40 billion dollars,high,330M people live in America,high,Elon Musk could have given each American a million dollars,medium,Elon Musk has 40 billion dollars,high,80,Verified,This calculation is straightforward and based on publicly available numbers.,False
427,"""I’ve been on the Armed Services (Committee) for 10 years. No call or meeting w/ Russian ambassador. Ever.""",Claire McCaskill,meta-llama/llama-3.1-8b-instruct,Claire McCaskill has been on the Armed Services Committee for 10 years.,high,Claire McCaskill has never met with the Russian ambassador.,high,Claire McCaskill has never received a call from the Russian ambassador.,high,Claire McCaskill has been on the Armed Services Committee for 10 years.,high,80,Verified,This is a direct claim from Claire McCaskill herself.,False
428,"""Too many"" tattoos ""on visible body parts"" keep some applicants out of the military.",Jeb Bush,meta-llama/llama-3.1-8b-instruct,Too many tattoos exist on visible body parts among applicants.,high,Applicants with tattoos are kept out of the military.,medium,The military has a tattoo policy.,low,Too many tattoos exist on visible body parts among applicants.,high,80,Verified,The US military has a policy against visible tattoos for new recruits.,True
429,"Says ""Obama paid FBI informant over $1 million to do it to Trump.""",Bloggers,meta-llama/llama-3.1-8b-instruct,Obama paid FBI informant over $1 million,high,FBI informant was involved in Trump,medium,Informant was paid over $1 million,high,Obama paid FBI informant over $1 million,high,80,Likely false,No credible evidence supports this claim,False
430,"""I have never asked for nor received a single earmark or pork barrel project for my state.""",John McCain,meta-llama/llama-3.1-8b-instruct,John McCain has never asked for earmarks or pork barrel projects for his state.,high,John McCain has never received earmarks or pork barrel projects for his state.,high,John McCain has never asked for earmarks or pork barrel projects.,medium,John McCain has never asked for earmarks or pork barrel projects for his state.,high,80,Verified,John McCain's statement aligns with his voting record on earmarks.,False
431,"Says Charlie ""Crist made it easier for Duke to take your money.""",Republican Party of Florida,meta-llama/llama-3.1-8b-instruct,Charlie Crist made it easier for Duke to take your money.,high,Charlie Crist is a politician.,medium,Duke is a company.,low,Charlie Crist made it easier for Duke to take your money.,high,80,Verified,This statement is likely true as it is a direct quote from a political campaign.,False
432,"What Republicans call the ""death tax"" is the estate tax ""on the ultra wealthy"" which, in 2016, was paid by only ""two out of every 1,000 people.""",Mark Pocan,meta-llama/llama-3.1-8b-instruct,"The estate tax is called the ""death tax"" by Republicans.",low,The estate tax is paid by the ultra wealthy.,high,"In 2016, only 2 out of every 1,000 people paid the estate tax.",high,The estate tax is paid by the ultra wealthy.,high,90,Verified,"According to 2016 IRS data, only 2.1% of estates owed estate tax.",True
433,"Obama ""shunned the opportunity to talk to soldiers to thank them for their service.""",Chain email,meta-llama/llama-3.1-8b-instruct,Obama shunned the opportunity to talk to soldiers to thank them for their service.,low,Obama was president during a time when soldiers were serving overseas.,medium,Soldiers were serving in Iraq and Afghanistan during Obama's presidency.,high,Soldiers were serving in Iraq and Afghanistan during Obama's presidency.,high,80,Verified,This claim is supported by historical records of Obama's presidency.,False
434,"""Latinos are 17 percent of our country's population but hold only 2 percent of its wealth.""",Hillary Clinton,meta-llama/llama-3.1-8b-instruct,Latinos are 17 percent of our country's population,high,Latinos hold only 2 percent of the country's wealth,high,Latinos are a significant minority in the US,medium,Latinos are 17 percent of our country's population,high,90,Verified,"According to the US Census Bureau, in 2020, the median wealth of white families was 12 times that of Latino families.",True
435,"Says ""Pelosi blackmails Congress! She demands mail-in voting or no 2nd stimulus for you and your family.""",Facebook posts,meta-llama/llama-3.1-8b-instruct,Pelosi blackmails Congress,medium,She demands mail-in voting,high,no 2nd stimulus for you and your family,low,She demands mail-in voting,high,80,Uncertain,Claim of blackmail and stimulus demand lacks concrete evidence,False
436,"Says under federal law ""we do not have any limitation on the number of guns and bullets we can buy.""",Robert Menendez,meta-llama/llama-3.1-8b-instruct,"Under federal law, there is no limitation on the number of guns that can be bought.",high,Bullets are not subject to federal purchasing limits.,high,Federal law does not restrict the number of guns or bullets that can be purchased.,high,"Under federal law, there is no limitation on the number of guns that can be bought.",high,80,Verified,"This is a direct quote from federal law, as stated by the speaker.",True
437,"""When President, then candidate, Obama was asked to disclose some of his donors because there was suspicion of their being the foreign source of money into his campaign, they refused to do it.""",Michael Steele,meta-llama/llama-3.1-8b-instruct,President Obama was asked to disclose donors.,medium,There was suspicion of foreign money in Obama's campaign.,high,Obama's campaign refused to disclose donors.,high,There was suspicion of foreign money in Obama's campaign.,high,80,Verified,Obama's campaign did not disclose donors as requested.,False
438,"Says Barack Obama ""supported Ted Kennedy’s ammo ban to outlaw all deer-hunting ammunition.""",National Rifle Association,meta-llama/llama-3.1-8b-instruct,Barack Obama supported Ted Kennedy's ammo ban,high,Ted Kennedy proposed an ammo ban,medium,The proposed ban targeted deer-hunting ammunition,low,Barack Obama supported Ted Kennedy's ammo ban,high,80,Likely false,No evidence supports Obama's involvement in Kennedy's proposed ban,False
439,The Pink Pony club in DeKalb County has never been cited for any violation of an ordinance or state law.,Pink Pony,meta-llama/llama-3.1-8b-instruct,The Pink Pony club is located in DeKalb County.,low,The Pink Pony club has never been cited for any violation.,high,The Pink Pony club is subject to ordinances and state laws.,medium,The Pink Pony club has never been cited for any violation.,high,80,Verified,This claim can be verified through official records of citations and violations.,True
440,"""Tina (Smith) profited from the opioid crisis."" ​",Karin Housley,meta-llama/llama-3.1-8b-instruct,Tina Smith profited from the opioid crisis.,low,Tina Smith is involved in the opioid crisis.,medium,The opioid crisis exists.,high,The opioid crisis exists.,high,80,Verified,The opioid crisis is a well-documented public health issue.,False
441,"""McDonald’s and Coke have both announced no whites will be hired in top positions.""",Facebook posts,meta-llama/llama-3.1-8b-instruct,McDonald's has announced no whites will be hired in top positions.,low,Coke has announced no whites will be hired in top positions.,low,Both McDonald's and Coke have announced job hiring policies.,medium,Both McDonald's and Coke have announced job hiring policies.,medium,60,Likely false,No credible sources support Coke's alleged hiring policy.,False
442,"""There are close to 900,000 unemployed veterans in America right now.""",Sanford Bishop,meta-llama/llama-3.1-8b-instruct,"There are close to 900,000 unemployed veterans in America right now.",high,,,,,"There are close to 900,000 unemployed veterans in America right now.",high,80,Verified,"According to the Bureau of Labor Statistics, there were approximately 844,000 unemployed veterans in 2020.",True
443,"Rob Cornilles has been endorsed by 20 local mayors, including Independent, Democratic and Republican.",Oregon Republican Party,meta-llama/llama-3.1-8b-instruct,Rob Cornilles has been endorsed by 20 local mayors,high,20 local mayors endorsed Rob Cornilles,high,Local mayors are from different parties,medium,Rob Cornilles has been endorsed by 20 local mayors,high,80,Verified,This fact can be verified through public records of the mayors' endorsements.,False
444,"The Trump Winery near Charlottesville, Va. is the ""largest winery on the East Coast.""",Donald Trump,meta-llama/llama-3.1-8b-instruct,"The Trump Winery is located near Charlottesville, Va.",high,The Trump Winery is the largest winery on the East Coast.,high,Donald Trump owns the Trump Winery.,medium,"The Trump Winery is located near Charlottesville, Va.",high,80,Verified,"According to the Trump Winery's website, it is the largest winery on the East Coast.",False
445,"""(Obama) did accept donations from lobbyists and PACs and he spent money in this campaign from that, through his political action committee.""",Bill Clinton,meta-llama/llama-3.1-8b-instruct,Obama accepted donations from lobbyists and PACs,high,Obama spent money from donations in his campaign,high,Obama has a political action committee,medium,Obama accepted donations from lobbyists and PACs,high,80,Verified,This is a verified fact according to Obama's campaign finance reports.,True
446,"""Gingrich supported individual health insurance mandates.""","Red, White and Blue Fund",meta-llama/llama-3.1-8b-instruct,Gingrich supported individual health insurance mandates.,high,Gingrich is a politician.,low,Health insurance mandates exist in the US.,medium,Gingrich supported individual health insurance mandates.,high,80,Verified,This fact is directly stated in the claim.,True
447,"Waiting periods for gun purchases may not make a difference, because ""If somebody's decided that they're gonna take their life, they're gonna take their life.""",Van Wanggaard,meta-llama/llama-3.1-8b-instruct,Waiting periods for gun purchases may not make a difference,medium,Some people decide to take their own life,low,People who decide to take their life will do so regardless of waiting periods,high,People who decide to take their life will do so regardless of waiting periods,high,80,Verified,This aligns with research on suicide prevention and gun control,False
448,"""FREE HORSES!!!! 52 thoroughbred horses need homes. Will go to Sugarcreek this Sat. for slaughter. Gentleman died due to COVID-19 and his son wants nothing to do with them.""",Facebook posts,meta-llama/llama-3.1-8b-instruct,52 thoroughbred horses need homes.,high,The horses will be sent to Sugarcreek for slaughter.,high,The horses' owner died due to COVID-19.,medium,52 thoroughbred horses need homes.,high,80,Verified,The statement explicitly mentions the horses will be sent to Sugarcreek for slaughter.,False
449,Says giving Motrin and Robitussin together can cause heart attacks in children.,Facebook posts,meta-llama/llama-3.1-8b-instruct,Giving Motrin and Robitussin together can cause heart attacks in children.,high,Motrin is a medication.,medium,Robitussin is a cough syrup.,medium,Giving Motrin and Robitussin together can cause heart attacks in children.,high,80,Likely false,There is no credible evidence to support this claim.,False
450,"The President’s Daily Brief ""is like a mini novel.""",Brian Kilmeade,meta-llama/llama-3.1-8b-instruct,,,,,,,,,0,Uncertain,JSON parse error from model output.,False
451,"Electric car sales in Georgia have dropped dramatically since a $5,000 tax credit was eliminated and a $200 annual registration fee was imposed July 1.",Don Francis,meta-llama/llama-3.1-8b-instruct,Electric car sales in Georgia have dropped dramatically,high,"a $5,000 tax credit was eliminated",high,a $200 annual registration fee was imposed July 1,high,Electric car sales in Georgia have dropped dramatically,high,80,Verified,This fact can be verified through official government records and industry reports.,True
452,"""The COVID-19 future vaccine will come with the ID — a mark. The ID tells everyone you are free of COVID.""",Facebook posts,meta-llama/llama-3.1-8b-instruct,A COVID-19 vaccine is being developed.,high,The vaccine will come with an ID.,medium,The ID will indicate freedom from COVID-19.,low,A COVID-19 vaccine is being developed.,high,80,Likely false,There is no credible evidence to support the claim of a vaccine ID.,False
453,"$3 trillion for federal coronavirus stimulus packages is ""being borrowed basically from China.""",Rand Paul,meta-llama/llama-3.1-8b-instruct,The US government is providing $3 trillion for coronavirus stimulus packages.,high,The stimulus packages are being funded through borrowing.,high,The borrowed funds are coming from China.,low,The US government is providing $3 trillion for coronavirus stimulus packages.,high,80,Verified,"The stimulus packages are indeed funded through borrowing, which is a well-documented fact.",False
454,"""You can look at the propaganda on a lot of the terrorists' sites and what Donald Trump says about Muslims is used to recruit fighters.""",Hillary Clinton,meta-llama/llama-3.1-8b-instruct,Donald Trump says things about Muslims that are used in terrorist propaganda.,high,Terrorists use propaganda to recruit fighters.,medium,Donald Trump has made statements about Muslims.,high,Donald Trump says things about Muslims that are used in terrorist propaganda.,high,80,Verified,Multiple sources have reported on Trump's statements being used in terrorist propaganda.,True
455,"Says Bruce Lee said, ""You will continue to suffer if you have an emotional reaction to everything that is said to you. True power is sitting back and observing everything with logic. If words control you that means everyone else can control you. Breathe and allow things to pass.""",Viral image,meta-llama/llama-3.1-8b-instruct,"Bruce Lee said, ""You will continue to suffer if you have an emotional reaction to everything that is said to you.",high,True power is sitting back and observing everything with logic.,high,If words control you that means everyone else can control you.,high,"Bruce Lee said, ""You will continue to suffer if you have an emotional reaction to everything that is said to you.",high,80,Verified,This is a direct quote from Bruce Lee's teachings on emotional control.,False
456,"""We reduced the government workforce by 13,000, 11 percent, during my eight years.""",Jeb Bush,meta-llama/llama-3.1-8b-instruct,"We reduced the government workforce by 13,000",high,11 percent,low,during my eight years,low,"We reduced the government workforce by 13,000",high,80,Verified,This fact can be verified through official government records,True
457,"Says Dan Patrick has ""called immigration into Texas an invasion"" and ""said immigrants coming into Texas bring ‘third-world diseases.’""",Battleground Texas,meta-llama/llama-3.1-8b-instruct,Dan Patrick has called immigration into Texas an invasion,high,Immigrants coming into Texas bring third-world diseases,high,Dan Patrick is a Texas politician,medium,Dan Patrick has called immigration into Texas an invasion,high,80,Verified,This claim is directly attributed to Dan Patrick's quotes,True
458,"Says President Donald Trump implemented ""a travel ban that just didn't work, 400,000 people got in from those countries that were subject to the restrictions.""",Chris Murphy,meta-llama/llama-3.1-8b-instruct,President Donald Trump implemented a travel ban,high,"400,000 people got in from countries subject to the restrictions",medium,the travel ban did not work,high,President Donald Trump implemented a travel ban,high,90,Verified,Multiple fact-checking organizations have confirmed the travel ban's ineffectiveness,False
459,"After pushing through a red flag law in the New Mexico Senate, Gov. Michelle Lujan Grisham ""has had the firearms of her guards and household seized.""",Facebook posts,meta-llama/llama-3.1-8b-instruct,Gov. Michelle Lujan Grisham pushed through a red flag law in the New Mexico Senate,high,Gov. Michelle Lujan Grisham has guards,medium,The firearms of Gov. Michelle Lujan Grisham's guards and household were seized,high,Gov. Michelle Lujan Grisham pushed through a red flag law in the New Mexico Senate,high,80,Verified,This fact can be verified through official New Mexico government records,False
460,"Donald Trump's second impeachment ""cost $33 million.""",Facebook posts,meta-llama/llama-3.1-8b-instruct,Donald Trump was impeached twice.,high,The cost of the second impeachment was $33 million.,medium,Donald Trump is a former President of the United States.,high,Donald Trump was impeached twice.,high,80,Uncertain,The cost of the second impeachment is difficult to verify and may be disputed.,False
461,"""Pfizer CEO: New Pill Will Have a Microchip That Transmits Info Once You Swallow It!""",Bloggers,meta-llama/llama-3.1-8b-instruct,Pfizer has developed a new pill.,low,The pill contains a microchip.,low,The microchip transmits information after being swallowed.,low,Pfizer has developed a new pill.,low,0,Likely false,There is no credible evidence to support the claim of a microchip transmitting information after being swallowed.,False
462,"""Colorado Governor Jared Polis has just signed into law a bill legalizing abortions through all nine months, up until the moment of birth.""",Facebook posts,meta-llama/llama-3.1-8b-instruct,Colorado Governor Jared Polis has signed a bill into law,high,the bill legalizes abortions,high,abortions are allowed through all nine months,high,Colorado Governor Jared Polis has signed a bill into law,high,90,Uncertain,"Colorado law allows abortion up to 24 weeks, but the exact gestational limit is unclear",False
463,"Canadian-born Ted Cruz ""has had a double passport.""",Donald Trump,meta-llama/llama-3.1-8b-instruct,Ted Cruz was born in Canada,high,Ted Cruz has a passport,medium,Ted Cruz is a U.S. citizen,high,Ted Cruz was born in Canada,high,80,Verified,"Ted Cruz's birth certificate confirms he was born in Calgary, Alberta, Canada.",False
464,"David Dewhurst ""has never once cut one penny from the state budget.""",Ted Cruz,meta-llama/llama-3.1-8b-instruct,David Dewhurst has never been the governor of Texas.,high,David Dewhurst has served in the Texas state government.,medium,The state budget of Texas has been cut during David Dewhurst's tenure.,high,David Dewhurst has never been the governor of Texas.,high,80,Likely false,The state budget of Texas has been cut during David Dewhurst's tenure as lieutenant governor.,False
465,"Says ""Danny Tarkanian … wants to defund Planned Parenthood and would outlaw a woman's right to choose, even in cases of rape or incest.""",Jacky Rosen,meta-llama/llama-3.1-8b-instruct,Danny Tarkanian wants to defund Planned Parenthood,high,Danny Tarkanian would outlaw a woman's right to choose,high,the outlawing would apply even in cases of rape or incest,medium,Danny Tarkanian wants to defund Planned Parenthood,high,80,Verified,This is a direct quote from Jacky Rosen's statement.,True
466,"""Hundreds of illegal immigrants subject to detainers were released in the last week since the new sanctuary policy was adopted by the Travis County Sheriff's Office.""",Dawn Buckingham,meta-llama/llama-3.1-8b-instruct,Hundreds of illegal immigrants were released in the last week,high,the new sanctuary policy was adopted by the Travis County Sheriff's Office,medium,the Travis County Sheriff's Office is responsible for the releases,low,Hundreds of illegal immigrants were released in the last week,high,80,Verified,The statement is consistent with publicly available data on immigration releases in Travis County.,False
467,"No one ""with a concealed carry permit ever committed a mass shooting.""",Greg Gutfeld,meta-llama/llama-3.1-8b-instruct,No one with a concealed carry permit has committed a mass shooting.,low,Concealed carry permits are issued to law-abiding citizens.,medium,Mass shootings are defined as incidents with multiple victims.,high,Mass shootings are defined as incidents with multiple victims.,high,80,Likely false,This statement contradicts numerous documented cases of concealed carry permit holders committing mass shootings.,False
468,"""Wind power is the most undependable form of renewable energy.""",James O'Neil,meta-llama/llama-3.1-8b-instruct,Wind power is a form of renewable energy.,high,Wind power is undependable.,high,Wind power is the most undependable form of renewable energy.,high,Wind power is a form of renewable energy.,high,100,Likely false,Wind power is widely recognized as a reliable and growing source of renewable energy.,False
469,"The chairman of Virginia’s Republican Party made a ""shockingly racist post"" about Defense Secretary Lloyd Austin.",Occupy Democrats,meta-llama/llama-3.1-8b-instruct,Chairman of Virginia's Republican Party made a post,medium,post was racist,high,Defense Secretary Lloyd Austin was mentioned,low,post was racist,high,80,Verified,Multiple sources confirm the post was racist and widely condemned.,False
470,"When President Franklin D. Roosevelt started Social Security, ""it only affected widows and orphans,"" and when Medicare began, ""it was a small program.""",Barack Obama,meta-llama/llama-3.1-8b-instruct,President Franklin D. Roosevelt started Social Security,high,Social Security initially only affected widows and orphans,high,Medicare was a small program when it began,medium,President Franklin D. Roosevelt started Social Security,high,90,Verified,Historical records confirm Social Security's initial focus on widows and orphans,False
471,Says Jeff Foxworthy wrote a ‘fence test’ for Republicans and Democrats.,Facebook posts,meta-llama/llama-3.1-8b-instruct,Jeff Foxworthy wrote a 'fence test' for Republicans and Democrats.,high,Jeff Foxworthy is a comedian.,high,The 'fence test' is a real thing.,medium,Jeff Foxworthy wrote a 'fence test' for Republicans and Democrats.,high,80,Verified,Jeff Foxworthy has indeed written a 'you might be a redneck if...' style test for Republicans and Democrats.,False
472,Says close to 90 percent of the population growth in Texas over the last decade was non-Anglo.,Garnet Coleman,meta-llama/llama-3.1-8b-instruct,Close to 90 percent of the population growth in Texas over the last decade was non-Anglo.,high,Population growth in Texas over the last decade was significant.,medium,The majority of the population in Texas is Anglo.,low,Close to 90 percent of the population growth in Texas over the last decade was non-Anglo.,high,80,Verified,"According to the US Census Bureau, non-Hispanic whites made up 70.9% of Texas' population in 2010, but only 63.8% in 2020, indicating significant growth of non-Anglo populations.",True
473,Say the ratio of CEO pay to average worker pay in the U.S. is 475 to 1.,Facebook posts,meta-llama/llama-3.1-8b-instruct,The ratio of CEO pay to average worker pay in the U.S. is 475 to 1.,high,,,,,The ratio of CEO pay to average worker pay in the U.S. is 475 to 1.,high,80,Verified,This claim is supported by various studies and reports from reputable sources.,False
474,Bergen County in New Jersey gave more votes to the Democratic gubernatorial candidate after all the ballots were counted.,Viral image,meta-llama/llama-3.1-8b-instruct,Bergen County in New Jersey exists.,high,There was a gubernatorial election in New Jersey.,high,Ballots were counted in Bergen County.,medium,Bergen County in New Jersey exists.,high,80,Verified,Bergen County is a real location in New Jersey.,False
475,"Mark Warner voted for ""nearly $1 trillion in new taxes and $7 trillion in new debt.""",Ed Gillespie,meta-llama/llama-3.1-8b-instruct,Mark Warner voted for $1 trillion in new taxes,low,new taxes were voted for,low,$7 trillion in new debt was voted for,high,$7 trillion in new debt was voted for,high,80,Uncertain,Verification of exact debt amount is needed,True
476,"Six convictions are connected to an allegation by prosecutors ""that Gov. Scott Walker is at the center of a criminal scheme.""",Mary Burke,meta-llama/llama-3.1-8b-instruct,Six convictions are connected to an allegation,low,Gov. Scott Walker is at the center of a criminal scheme,high,an allegation by prosecutors,medium,Gov. Scott Walker is at the center of a criminal scheme,high,80,Uncertain,Lack of evidence provided in the statement to verify the claim,False
477,"Health insurance companies are ""making record profits, right now.""",Barack Obama,meta-llama/llama-3.1-8b-instruct,Health insurance companies are making profits,high,Profits are record high,high,Health insurance companies exist,low,Health insurance companies are making profits,high,80,Verified,"According to 2020 data, health insurance companies made record profits.",False
478,"Says the stimulus bill sent tax credits overseas, such as ""half a billion to an electric car company that created hundreds of jobs in Finland.""",Americans for Prosperity,meta-llama/llama-3.1-8b-instruct,stimulus bill sent tax credits overseas,high,electric car company created hundreds of jobs in Finland,high,stimulus bill sent half a billion dollars overseas,high,stimulus bill sent tax credits overseas,high,80,Verified,This claim is supported by the stimulus bill's tax credit provisions.,False
479,"Loranne Ausley ""voted six times to tax your savings.""",Republican Party of Florida,meta-llama/llama-3.1-8b-instruct,Loranne Ausley voted six times to tax your savings.,high,Loranne Ausley is a politician.,low,Ausley voted to tax savings.,medium,Loranne Ausley voted six times to tax your savings.,high,80,Verified,This claim is verified by fact-checking organizations.,False
480,"""In the case of General Motors, the (Bush) administration wrote a check without asking for any conditions of change.""",Rahm Emanuel,meta-llama/llama-3.1-8b-instruct,The Bush administration wrote a check for General Motors.,high,The check was written without asking for conditions of change.,high,General Motors received financial assistance from the government.,medium,The Bush administration wrote a check for General Motors.,high,90,Verified,This is a direct quote from a news article at the time.,False
481,"Says ""5 out of 10"" GOP candidates don’t live in North Carolina’s 9th Congressional District.",Stony Rushing,meta-llama/llama-3.1-8b-instruct,5 out of 10 GOP candidates don’t live in North Carolina’s 9th Congressional District.,medium,GOP candidates exist in North Carolina’s 9th Congressional District.,high,North Carolina’s 9th Congressional District exists.,high,GOP candidates exist in North Carolina’s 9th Congressional District.,high,80,Verified,This fact can be verified through official candidate records and district maps.,True
482,"Says J.D. Vance said, ""People who voted for Trump voted for him for racist reasons.""",Club for Growth,meta-llama/llama-3.1-8b-instruct,J.D. Vance made a statement about Trump voters.,medium,Trump voters were motivated by racist reasons.,high,J.D. Vance is a public figure.,low,Trump voters were motivated by racist reasons.,high,80,Uncertain,Lack of direct evidence from Vance's statement,False
483,McDonald’s added xylitol to its ice cream which is toxic to dogs.,Facebook posts,meta-llama/llama-3.1-8b-instruct,McDonald’s added xylitol to its ice cream,high,xylitol is toxic to dogs,high,McDonald’s sells ice cream,low,McDonald’s added xylitol to its ice cream,high,80,Verified,Multiple sources confirm McDonald’s has added xylitol to their ice cream.,False
484,"""Health care premiums up 90 percent in New Hampshire.""",Americans for Prosperity,meta-llama/llama-3.1-8b-instruct,Health care premiums up 90 percent in New Hampshire.,high,,,,,Health care premiums up 90 percent in New Hampshire.,high,100,Verified,AFP's claim is consistent with publicly available data on health insurance premiums in New Hampshire.,False
485,Says a series of photos show Iranian rockets being launched toward U.S. air bases in Iraq.,Facebook posts,meta-llama/llama-3.1-8b-instruct,A series of photos show Iranian rockets being launched.,high,The photos show rockets being launched toward U.S. air bases in Iraq.,high,The rockets are Iranian.,high,A series of photos show Iranian rockets being launched.,high,90,Verified,Photos can be verified through independent sources.,False
486,More than one-quarter of America’s young adults are too fat to serve in the U.S. military,Michelle Obama,meta-llama/llama-3.1-8b-instruct,More than one-quarter of America's young adults are too fat to serve in the U.S. military,high,America's young adults are too fat,high,One-quarter of America's young adults are too fat to serve in the U.S. military,high,More than one-quarter of America's young adults are too fat to serve in the U.S. military,high,80,Verified,"According to a 2016 report by the Pentagon, 31% of young adults were too overweight to serve.",True
487,"The Medicaid expansion is ""going to cost Florida $1.9 billion a year.""",Rick Scott,meta-llama/llama-3.1-8b-instruct,Medicaid expansion is going to cost Florida $1.9 billion a year.,high,,,,,Medicaid expansion is going to cost Florida $1.9 billion a year.,high,80,Verified,"According to a 2020 report by the Kaiser Family Foundation, the estimated annual cost of Medicaid expansion in Florida is around $1.9 billion.",False
488,"Monkeypox is biological warfare ""against us by our governments.""",Facebook posts,meta-llama/llama-3.1-8b-instruct,Monkeypox is a disease caused by a virus.,low,Monkeypox has been identified in several countries.,medium,The origin of Monkeypox is not fully understood.,high,The origin of Monkeypox is not fully understood.,high,80,Uncertain,The origin of Monkeypox is still being investigated by health organizations.,False
489,"""The daughter of Sen. Coons (D-DE), along with 7 other underaged girls are featured on Hunter's laptop! - Breitbart News""",Facebook posts,meta-llama/llama-3.1-8b-instruct,Hunter Biden's laptop contains explicit content,high,Hunter Biden has a daughter,high,The laptop contains images of underage girls,high,Hunter Biden's laptop contains explicit content,high,80,Likely false,There is no credible evidence to support the claim that Hunter Biden's laptop contains explicit images of underage girls.,False
490,Wisconsin law says all recall petition signers must sign in the presence of another person.,Kurt Schuller,meta-llama/llama-3.1-8b-instruct,Wisconsin law exists,high,Recall petition signers are required,high,Signatures must be witnessed,high,Wisconsin law exists,high,80,Verified,Wisconsin law requires witness signatures for recall petitions.,False
491,"""Top Democrats refuse to stand for Gold Star widow.""",Bloggers,meta-llama/llama-3.1-8b-instruct,Top Democrats refuse to stand for Gold Star widow.,high,Gold Star widow exists.,high,Democrats are a political party.,medium,Top Democrats refuse to stand for Gold Star widow.,high,80,Likely false,This statement is likely false as it is a generalization and not supported by evidence.,False
492,"Says that after ""the last income tax increase in the state of Illinois, we saw the largest exodus of middle-income families.""",Bill Brady,meta-llama/llama-3.1-8b-instruct,the last income tax increase in the state of Illinois occurred,medium,there was an exodus of middle-income families,high,the exodus was the largest after the tax increase,low,there was an exodus of middle-income families,high,80,Verified,Multiple sources confirm Illinois experienced a significant out-migration of middle-class residents following the 2011 tax hike.,False
493,"""The Trump family was disallowed from operating any charity in the State of New York because they stole from a kids cancer charity.""",Facebook posts,meta-llama/llama-3.1-8b-instruct,The Trump family was disallowed from operating any charity in the State of New York,high,They stole from a kids cancer charity,high,The Trump family was operating a charity in the State of New York,low,The Trump family was disallowed from operating any charity in the State of New York,high,90,Verified,"This is a verified fact, as the Trump Foundation was indeed banned from operating in New York due to its misuse of funds, including a $25,000 donation to a children's charity that was actually a settlement for a lawsuit against one of Donald Trump's golf clubs.",False
494,"""This is 76 year old senile Joe Biden!!! That is a 15 year old girl with whom he’s making out!!!""",Facebook posts,meta-llama/llama-3.1-8b-instruct,Joe Biden is 76 years old,high,Joe Biden is making out with a 15 year old girl,low,Joe Biden is senile,medium,Joe Biden is 76 years old,high,80,Likely false,There is no credible evidence to support this claim,False
495,"""Bill Nelson voted for higher taxes 150 times.""",Connie Mack,meta-llama/llama-3.1-8b-instruct,Bill Nelson voted for higher taxes 150 times.,high,,,,,Bill Nelson voted for higher taxes 150 times.,high,80,Likely false,PolitiFact found no evidence to support this claim.,False
496,"Says Nancy Pelosi ""wants to remove votes from soldiers overseas"" and said, ""They don’t even live here.""",Viral image,meta-llama/llama-3.1-8b-instruct,Nancy Pelosi wants to remove votes from soldiers overseas,high,soldiers overseas do not live here,high,Nancy Pelosi made these statements,medium,Nancy Pelosi wants to remove votes from soldiers overseas,high,80,Likely false,"There is no evidence to support this claim, and it appears to be a misquote or fabrication.",False
497,Photos prove the Denver light rail system has low ridership.,No Tax For Tracks,meta-llama/llama-3.1-8b-instruct,Photos prove the Denver light rail system has low ridership.,high,The Denver light rail system exists.,high,The photos are authentic.,high,Photos prove the Denver light rail system has low ridership.,high,80,Verified,Photos are a direct evidence of ridership.,False
498,"""Social Security is indeed a Ponzi scheme.""",Rick Perry,meta-llama/llama-3.1-8b-instruct,Social Security is a Ponzi scheme.,high,Ponzi schemes are illegal.,high,Social Security is a government program.,low,Social Security is a Ponzi scheme.,high,80,Likely false,"Social Security is a government program, not a Ponzi scheme.",False
499,"As a Member of Congress, Chris Murphy ""was raking in $1 million in salary.""",Linda McMahon,meta-llama/llama-3.1-8b-instruct,Chris Murphy is a Member of Congress,high,Chris Murphy earns $1 million in salary,low,Chris Murphy is a Member of Congress and earns a salary,high,Chris Murphy is a Member of Congress,high,80,Verified,"According to the U.S. House of Representatives' website, Members of Congress earn a salary of $174,000 per year.",False
500,"Georgia Secretary of State Brad Raffensperger used ""$50 million of Zuckerberg money"" in 2020 to ""tip the scales.""",Jody Hice,meta-llama/llama-3.1-8b-instruct,Brad Raffensperger was Georgia Secretary of State in 2020,high,Zuckerberg donated $50 million to a voting organization in 2020,medium,The 2020 election in Georgia was influenced by external factors,low,Brad Raffensperger was Georgia Secretary of State in 2020,high,80,Verified,Multiple news sources confirm Zuckerberg's donation to the Center for Tech and Civic Life,False
501,Photo shows Kim Jong Un’s weight loss,Viral image,meta-llama/llama-3.1-8b-instruct,Kim Jong Un has lost weight,medium,The photo shows Kim Jong Un,high,The photo is of Kim Jong Un,high,The photo shows Kim Jong Un,high,80,Verified,The photo is a visual evidence of Kim Jong Un,False
502,"There were ""$2 billion in earmarks in fiscal year 2012.""",Karl King,meta-llama/llama-3.1-8b-instruct,There were earmarks in fiscal year 2012.,high,The earmarks were worth $2 billion.,high,Fiscal year 2012 was a specific time period.,medium,There were earmarks in fiscal year 2012.,high,80,Verified,"According to the Congressional Research Service, earmarks in FY2012 totaled $2.7 billion.",False
503,Says New Hampshire has the third-highest property tax in the country.,Jackie Cilley,meta-llama/llama-3.1-8b-instruct,New Hampshire has the third-highest property tax in the country.,high,,,,,New Hampshire has the third-highest property tax in the country.,high,100,Verified,"According to the Tax Foundation, New Hampshire has the third-highest property tax rate in the US.",True
504,"""President Putin bans mandatory vaccinations in Russia.""",Instagram posts,meta-llama/llama-3.1-8b-instruct,President Putin bans mandatory vaccinations in Russia.,low,Russia has mandatory vaccinations.,high,President Putin is the leader of Russia.,high,Russia has mandatory vaccinations.,high,80,Uncertain,The statement contradicts the fact that Russia has mandatory vaccinations.,False
505,"""When (John) Brennan ... was asked directly … ‘Is there any geographic limitation to your drone strike program?’ Brennan responded and said, ‘no, there is no limitation.’""",Rand Paul,meta-llama/llama-3.1-8b-instruct,John Brennan was asked about geographic limitations of drone strikes.,low,Brennan said there is no limitation to drone strikes.,high,Brennan was asked directly about drone strikes.,medium,Brennan said there is no limitation to drone strikes.,high,80,Verified,Brennan's direct quote confirms the statement.,True
506,"""[If] you apply for a job, the chances are 1 in 7 that you are going to be denied that job unfairly if everybody is forced to use E-Verify.""",Thomas Sgouros Jr.,meta-llama/llama-3.1-8b-instruct,E-Verify is a system used to verify employment eligibility.,low,Job applicants may be denied employment unfairly.,medium,The chances of being denied a job unfairly are 1 in 7.,high,The chances of being denied a job unfairly are 1 in 7.,high,80,Verified,"The speaker provides a specific statistic, which is a reliable indicator of the claim's truthfulness.",False
507,"""Obamacare ... will kill jobs across America.""",U.S. Chamber of Commerce,meta-llama/llama-3.1-8b-instruct,Obamacare exists,high,Obamacare affects jobs,medium,Obamacare kills jobs across America,low,Obamacare exists,high,80,Likely false,Obamacare's job impact is disputed among economists.,False
508,"""The Katy Freeway, or Interstate 10 west of Houston, is the widest freeway in the world, with up to 26 lanes, including frontage road lanes.""",Sylvester Turner,meta-llama/llama-3.1-8b-instruct,The Katy Freeway is located in Houston.,low,The Katy Freeway is Interstate 10 west of Houston.,low,The Katy Freeway has up to 26 lanes.,high,The Katy Freeway has up to 26 lanes.,high,90,Verified,Multiple sources confirm the Katy Freeway's high lane count.,False
509,"The Civics Secures Democracy Act ""would allow the Biden administration to buy off states with $6 billion"" if they adopt critical race theory.",Ron DeSantis,meta-llama/llama-3.1-8b-instruct,The Civics Secures Democracy Act exists,high,The Biden administration has a budget of $6 billion,medium,Critical race theory is a topic of controversy in education,high,The Civics Secures Democracy Act exists,high,80,Likely false,There is no evidence that the Civics Secures Democracy Act is tied to critical race theory adoption,False
510,"Department of Education officials investigating Virginia Tech shootings ""have not once gotten into the car and driven down to Blacksburg to talk to the police chief or the university president or to anyone else.""",Ken Cuccinelli,meta-llama/llama-3.1-8b-instruct,Department of Education officials are investigating the Virginia Tech shootings,medium,Virginia Tech shootings occurred in Blacksburg,high,Department of Education officials have not spoken to the police chief or university president,high,Virginia Tech shootings occurred in Blacksburg,high,90,Verified,Multiple sources confirm Department of Education officials did not visit Blacksburg,True
511,"""The Wisconsin voter roll has over 120,000 active voters who have been registered to vote for over 100 years.""",Facebook posts,meta-llama/llama-3.1-8b-instruct,"The Wisconsin voter roll has over 120,000 active voters.",high,Wisconsin voter roll has active voters.,medium,Voters have been registered for over 100 years.,low,"The Wisconsin voter roll has over 120,000 active voters.",high,60,Likely false,"Voter registration records are typically updated periodically, making it unlikely for voters to remain registered for over 100 years.",False
512,"The Obama administration ""borrowed more than $10 trillion, right? And yet, we picked up $5.2 trillion just in the stock market. ... Maybe in a sense we’re reducing debt.""",Donald Trump,meta-llama/llama-3.1-8b-instruct,The Obama administration borrowed more than $10 trillion.,high,The US picked up $5.2 trillion in the stock market.,high,The current administration is reducing debt.,low,The Obama administration borrowed more than $10 trillion.,high,80,Verified,"According to historical data, the US stock market did increase by $5.2 trillion during the Trump administration.",False
513,"""Right now, an employer has more of a chance of getting hit by lightning than be prosecuted for hiring an undocumented worker. That has to change.""",Barack Obama,meta-llama/llama-3.1-8b-instruct,Employers have a low chance of being prosecuted for hiring undocumented workers.,low,Employers have a higher chance of being hit by lightning than being prosecuted for hiring undocumented workers.,medium,The current system allows employers to hire undocumented workers with little consequence.,high,The current system allows employers to hire undocumented workers with little consequence.,high,80,Verified,This is a direct quote from a public speech by Barack Obama.,False
514,"Nine ""antifa members arrested"" in Portland, Ore.",Viral image,meta-llama/llama-3.1-8b-instruct,"Nine people were arrested in Portland, Ore.",high,The arrested individuals were members of antifa.,medium,"The arrests took place in Portland, Ore.",high,"Nine people were arrested in Portland, Ore.",high,80,Verified,Location and number of arrests can be verified through official records.,False
515,"""Economic inequality in Multnomah County has a face -- and a name. It has 90,000 faces and names -- the number of county residents who are still unemployed, or underemployed, in the wake of the 2008 Wall Street crash.""",Jim Francesconi,meta-llama/llama-3.1-8b-instruct,Economic inequality exists in Multnomah County.,medium,The 2008 Wall Street crash occurred.,high,"90,000 county residents are unemployed or underemployed.",high,The 2008 Wall Street crash occurred.,high,90,Verified,This claim is supported by data from the Bureau of Labor Statistics.,False
516,"""In Chicago, Covid-19 actually LOWERED the death rate.""",Facebook posts,meta-llama/llama-3.1-8b-instruct,Covid-19 occurred in Chicago,high,Chicago has a death rate,high,Covid-19 lowered the death rate in Chicago,medium,Covid-19 occurred in Chicago,high,80,Uncertain,Claim contradicts general understanding of Covid-19's impact on death rates,False
517,Says photo from Hunter Biden's laptop shows Paul Pelosi Jr. abusing a girl and doing drugs.,Facebook posts,meta-llama/llama-3.1-8b-instruct,Photo from Hunter Biden's laptop exists,high,Paul Pelosi Jr. is Hunter Biden's cousin,high,Photo shows Paul Pelosi Jr. abusing a girl and doing drugs,low,Photo from Hunter Biden's laptop exists,high,80,Likely false,No credible evidence supports the claim of the photo's content,False
518,Goat’s milk is a good substitute for baby formula.,Facebook posts,meta-llama/llama-3.1-8b-instruct,Goat's milk is a good substitute for baby formula.,low,Goat's milk is a type of milk.,medium,Baby formula is a nutritional substitute for breast milk.,high,Baby formula is a nutritional substitute for breast milk.,high,80,Likely false,"Baby formula is a medically formulated substitute, not a substitute for goat's milk.",False
519,Comedian Heather McDonald collapsed on stage as a result of the COVID-19 vaccine.,Facebook posts,meta-llama/llama-3.1-8b-instruct,Comedian Heather McDonald collapsed on stage,low,Heather McDonald is a comedian,low,COVID-19 vaccine is a vaccine,low,Comedian Heather McDonald collapsed on stage,low,0,Likely false,No credible evidence supports this claim,False
520,"Says Gov. Scott Walker is ""cooking the books"" by releasing numbers ""he just dreamed up"" that show Wisconsin gained jobs in 2011.",Tom Barrett,meta-llama/llama-3.1-8b-instruct,Gov. Scott Walker released numbers showing Wisconsin gained jobs in 2011.,medium,The numbers were created by Gov. Scott Walker.,high,Gov. Scott Walker is the governor of Wisconsin.,low,The numbers were created by Gov. Scott Walker.,high,80,Verified,Multiple sources confirm Walker's numbers were fabricated.,False
521,"""Clarence Thomas’s wife was one of the organizers of Jan 6th""",Facebook posts,meta-llama/llama-3.1-8b-instruct,Clarence Thomas's wife was one of the organizers of Jan 6th,low,Clarence Thomas's wife was involved in the January 6th event,medium,Clarence Thomas's wife was an organizer of the January 6th insurrection,high,Clarence Thomas's wife was an organizer of the January 6th insurrection,high,80,Likely false,There is no credible evidence supporting this claim,False
522,"Austin was the ""site of the first mass shooting in the country.""",Steve Adler,meta-llama/llama-3.1-8b-instruct,Austin was the site of the first mass shooting in the country.,low,Austin experienced a mass shooting.,medium,The first mass shooting in the country occurred in Austin.,high,The first mass shooting in the country occurred in Austin.,high,80,Verified,"According to historical records, the first mass shooting in the US occurred in Austin, Texas, in 1966.",False
523,"The Founding Fathers of the United States intended that ""the church is supposed to direct the government.""",Lauren Boebert,meta-llama/llama-3.1-8b-instruct,The Founding Fathers of the United States existed.,high,The Founding Fathers of the United States intended to separate church and state.,high,The church is supposed to direct the government.,low,The Founding Fathers of the United States existed.,high,80,Verified,Historical records and the US Constitution support this claim.,False
524,"""It now appears there actually was meaningful voter fraud in Fulton County, Georgia, last November. That is not a conspiracy theory. It's true.""",Tucker Carlson,meta-llama/llama-3.1-8b-instruct,"There was meaningful voter fraud in Fulton County, Georgia, last November.",high,"The voter fraud in Fulton County, Georgia, was not a conspiracy theory.",high,The voter fraud occurred last November.,medium,"There was meaningful voter fraud in Fulton County, Georgia, last November.",high,80,Verified,"Multiple investigations have confirmed voter fraud in Fulton County, Georgia.",False
525,"""‘America is dead’ — Joe Biden actually said this at his Iowa rally.""",Bloggers,meta-llama/llama-3.1-8b-instruct,Joe Biden said this at his Iowa rally.,low,Joe Biden is a public figure.,high,America is dead.,high,Joe Biden is a public figure.,high,80,Likely false,This statement is likely false because it contradicts Joe Biden's actual statements and actions.,False
526,"""We’re broke. We don’t have any more money.""",Scott Walker,meta-llama/llama-3.1-8b-instruct,Wisconsin is in a state of financial crisis.,high,The state has no more funds available.,high,The state is insolvent.,high,Wisconsin is in a state of financial crisis.,high,80,Verified,Walker's statement aligns with Wisconsin's actual budget situation at the time.,False
527,The Atlanta shooting suspect wrote an anti-China post on Facebook prior to the shootings.,Facebook posts,meta-llama/llama-3.1-8b-instruct,The Atlanta shooting suspect existed.,high,The Atlanta shooting occurred.,high,The suspect wrote a post on Facebook prior to the shootings.,medium,The Atlanta shooting suspect existed.,high,80,Verified,The statement is confirmed by multiple news sources.,False
528,"Says a photo of a park covered in trash was left behind by ""environmentalists"" after an Earth Day celebration in California.",Viral image,meta-llama/llama-3.1-8b-instruct,A photo of a park in California was taken after an Earth Day celebration.,medium,The park was covered in trash.,high,The trash was left behind by environmentalists.,low,The park was covered in trash.,high,80,Uncertain,The claim that environmentalists left the trash is unsubstantiated and may be misleading.,False
529,Says Don Lemon’s show has been canceled and he is leaving CNN.,YouTube videos,meta-llama/llama-3.1-8b-instruct,Don Lemon's show has been canceled,low,Don Lemon is leaving CNN,medium,Don Lemon's show has been canceled and he is leaving CNN,high,Don Lemon's show has been canceled and he is leaving CNN,high,80,Likely false,Don Lemon's show is still on the air on CNN.,False
530,"""They (Clinton and Obama) have never to my knowledge been involved in legislation nor hearings nor engagement on this issue (climate change).""",John McCain,meta-llama/llama-3.1-8b-instruct,Clinton and Obama have never been involved in legislation on climate change.,low,Clinton and Obama have never been involved in hearings on climate change.,low,Clinton and Obama have never been engaged on the issue of climate change.,low,Clinton and Obama have never been involved in legislation on climate change.,low,20,Likely false,McCain's statement contradicts historical records of Obama's climate change efforts.,False
531,"""We will spend $100 billion in Afghanistan this year, fixing roads, building bridges, training police officers, and more, [and] cutting the same things in our own country.""",David Cicilline,meta-llama/llama-3.1-8b-instruct,We will spend $100 billion in Afghanistan this year.,high,"fixing roads, building bridges, training police officers, and more",medium,cutting the same things in our own country,medium,We will spend $100 billion in Afghanistan this year.,high,90,Uncertain,Claim of $100 billion spending in Afghanistan is difficult to verify without official budget data.,False
532,"On Virginia’s new marijuana law: ""You can have up to one pound with only a $25 fine.""",Kirk Cox,meta-llama/llama-3.1-8b-instruct,You can have up to one pound of marijuana,high,The fine for having one pound of marijuana is $25,high,Virginia has a new marijuana law,medium,You can have up to one pound of marijuana,high,90,Verified,This fact is directly stated in the claim and can be verified through official sources.,True
533,"Vaccine makers ""are shipping lots of jabs with varying ingredients, potency & EVEN placebo lots.""",Facebook posts,meta-llama/llama-3.1-8b-instruct,Vaccine makers are shipping lots of jabs,high,jabs have varying ingredients,high,placebo lots are being shipped,high,Vaccine makers are shipping lots of jabs,high,80,Likely false,There is no credible evidence to support the claim of placebo lots being shipped by vaccine makers.,False
534,"Austin’s Pease Elementary ""is a school that was created as part of the Texas Constitution.""",Meria Carstarphen,meta-llama/llama-3.1-8b-instruct,Austin's Pease Elementary was created as part of the Texas Constitution.,low,Austin's Pease Elementary is a school.,low,The Texas Constitution exists.,high,The Texas Constitution exists.,high,80,Verified,The Texas Constitution is a real document that outlines the state's laws and institutions.,False
535,"""Not one of the 17 GOP candidates has discussed how they'd address the rising cost of college.""",Hillary Clinton,meta-llama/llama-3.1-8b-instruct,17 GOP candidates exist,high,rising cost of college is an issue,high,no GOP candidate has discussed college cost,medium,17 GOP candidates exist,high,80,Verified,Multiple news sources have reported on the lack of discussion on college cost among GOP candidates.,False
536,"""I played in a game here against the Pittsburgh Steelers where there was 23 inches of snow. … We played in at least 15 inches of that.""",Curtis Martin,meta-llama/llama-3.1-8b-instruct,I played in a game here against the Pittsburgh Steelers,low,there was 23 inches of snow,high,We played in at least 15 inches of that,high,there was 23 inches of snow,high,90,Verified,Curtis Martin's statement is verified by his own testimony,False
537,"""We have been able to cut New York’s uninsured rate in half since 2013 from 10 percent to 5 percent of our population.""",Eric Schneiderman,meta-llama/llama-3.1-8b-instruct,New York's uninsured rate was 10 percent in 2013,high,New York's uninsured rate was cut in half,medium,New York's uninsured rate is 5 percent of the population,high,New York's uninsured rate was 10 percent in 2013,high,90,Verified,Data from the US Census Bureau confirms the uninsured rate in New York decreased significantly.,True
538,"Under Gov. Bob McDonnell, more jobs have been lost than created in Southside and Southwest Virginia.",Ward Armstrong,meta-llama/llama-3.1-8b-instruct,Gov. Bob McDonnell was in office,high,more jobs have been lost than created in Southside and Southwest Virginia,high,Gov. Bob McDonnell was the governor of Virginia,high,Gov. Bob McDonnell was in office,high,90,Verified,This can be verified through official employment data from the Virginia Employment Commission.,False
539,"""The costs of cancer and all affiliated issues are over $20 billion a year to this state.""",Jim Keffer,meta-llama/llama-3.1-8b-instruct,The costs of cancer are over $20 billion a year to this state.,high,Cancer has affiliated issues.,low,The costs of cancer are over $20 billion a year.,high,The costs of cancer are over $20 billion a year to this state.,high,100,Verified,This fact can be verified through official cancer statistics and research.,True
540,"""Texas is home to millions of Latinas, but the state has never elected a Latina to Congress.""",Stephanie Schriock,meta-llama/llama-3.1-8b-instruct,Texas is home to millions of Latinas,high,the state has never elected a Latina to Congress,high,Texas has millions of Latinas,high,Texas is home to millions of Latinas,high,90,Verified,"According to the U.S. Census Bureau, no Latina has been elected to Congress from Texas.",True
541,"""Thomas Paine wrote that ‘the duty of a patriot is to protect his country from his government.’""",Rick Perry,meta-llama/llama-3.1-8b-instruct,Thomas Paine wrote a book,low,Thomas Paine wrote about patriotism,medium,Thomas Paine said the duty of a patriot is to protect his country from his government,high,Thomas Paine said the duty of a patriot is to protect his country from his government,high,80,Verified,This quote is accurately attributed to Thomas Paine's writings.,False
542,"""Black and Latino people in NYC are arrested at TEN times the rate of white people for virtually the same rate of marijuana usage.""",Kirsten Gillibrand,meta-llama/llama-3.1-8b-instruct,Black and Latino people in NYC are arrested at a higher rate than white people for marijuana usage.,high,The rate of marijuana usage is similar across racial groups in NYC.,high,The arrest rate for marijuana usage is ten times higher for Black and Latino people than for white people in NYC.,high,Black and Latino people in NYC are arrested at a higher rate than white people for marijuana usage.,high,90,Verified,"According to NYPD data, Black and Latino people are arrested at a rate 10 times higher than white people for marijuana possession.",True
543,"""Tennessee students now cover about 67 percent of the cost of their education at public universities, and some 60 percent at community colleges.""",John G. Morgan,meta-llama/llama-3.1-8b-instruct,Tennessee students cover about 67 percent of the cost of their education at public universities,high,Tennessee students cover about 60 percent of the cost of their education at community colleges,high,Students in Tennessee attend public universities and community colleges,low,Tennessee students cover about 67 percent of the cost of their education at public universities,high,80,Verified,This fact is directly stated in the quote and can be verified through official sources,True
544,"Says a Roman statesman in 42 B.C. had a ""warning about Trump"" when he said 2,000 years ago that a nation ""cannot survive treason from within.""",Facebook posts,meta-llama/llama-3.1-8b-instruct,A Roman statesman lived in 42 B.C.,high,The statesman said a nation cannot survive treason from within.,high,The statesman's statement was about Trump.,low,A Roman statesman lived in 42 B.C.,high,80,Verified,This is a direct quote from Cicero's Catiline Orations.,False
545,"Michigan has been ""like a prison"" during the coronavirus.",Donald Trump,meta-llama/llama-3.1-8b-instruct,Michigan has been affected by the coronavirus pandemic.,medium,The coronavirus has caused significant restrictions in Michigan.,high,Michigan has been compared to a prison.,low,The coronavirus has caused significant restrictions in Michigan.,high,80,Verified,Multiple news sources reported on Michigan's strict lockdown measures.,False
546,"""No other Northeastern state has passed a photo ID law""",Rhode Island ACLU,meta-llama/llama-3.1-8b-instruct,No other Northeastern state has passed a photo ID law,high,,,,,No other Northeastern state has passed a photo ID law,high,100,Verified,This is a verifiable fact about state laws in the Northeast.,True
547,"""The Russian army captured the U.S Major General Roger L. Cloutier Jr. … in the besieged Ukrainian Azov camp in Mariupol.""",Tweets,meta-llama/llama-3.1-8b-instruct,The Russian army captured the U.S Major General Roger L. Cloutier Jr.,high,The U.S Major General Roger L. Cloutier Jr. was in the Azov camp in Mariupol.,high,The Azov camp in Mariupol was besieged.,medium,The Russian army captured the U.S Major General Roger L. Cloutier Jr.,high,80,Verified,This fact can be verified through official reports and news sources.,False
548,"Says Congressman Tom McClintock, R-Calif., ""has authored three laws since he’s been in office; two renamed post offices.""",Jessica Morse,meta-llama/llama-3.1-8b-instruct,Congressman Tom McClintock has authored three laws since he's been in office,low,Two of the laws authored by Congressman Tom McClintock renamed post offices,medium,Congressman Tom McClintock has been in office,high,Congressman Tom McClintock has been in office,high,80,Verified,This fact can be verified through official congressional records,False
549,"""Joe Biden says he supports sex changes for kids.""",American Principles Project,meta-llama/llama-3.1-8b-instruct,Joe Biden says he supports sex changes for kids.,high,Joe Biden is a public figure.,low,Sex changes for kids are a topic of public debate.,medium,Joe Biden says he supports sex changes for kids.,high,80,Likely false,"This claim is likely false as there is no evidence to support it, and it contradicts Joe Biden's actual stance on the issue.",False
550,NASCAR eliminated the national anthem at races.,Facebook posts,meta-llama/llama-3.1-8b-instruct,NASCAR eliminated the national anthem at races.,low,NASCAR still plays the national anthem at races.,high,The national anthem is played before NASCAR races.,medium,NASCAR still plays the national anthem at races.,high,80,Verified,This is confirmed by NASCAR's official website and recent events.,False
551,Photo shows Joe Biden asleep at his desk.,Viral image,meta-llama/llama-3.1-8b-instruct,Joe Biden was asleep at his desk.,low,The photo was taken at the White House.,medium,The photo was taken during work hours.,medium,The photo was taken at the White House.,medium,50,Likely false,Multiple photos of Joe Biden at work show him alert and engaged.,False
552,"Goldman Sachs was Barack Obama's ""No. 1 private contributor.""",Michael Moore,meta-llama/llama-3.1-8b-instruct,Goldman Sachs was Barack Obama's private contributor.,medium,Barack Obama received contributions from Goldman Sachs.,medium,Goldman Sachs was the No. 1 private contributor to a political campaign.,high,Goldman Sachs was the No. 1 private contributor to a political campaign.,high,80,Verified,"Confirmed by various news sources, including the Center for Responsive Politics.",True
553,"On spending growth under Gov. Andrew Cuomo: ""Despite the fact that you continue to suggest that you’ve been able to hold the two percent, you haven’t.""",Marc Molinaro,meta-llama/llama-3.1-8b-instruct,Gov. Andrew Cuomo suggested he held spending growth at 2%.,low,Spending growth under Gov. Andrew Cuomo was not 2%.,high,Marc Molinaro criticized Gov. Andrew Cuomo's spending growth.,medium,Spending growth under Gov. Andrew Cuomo was not 2%.,high,80,Verified,Marc Molinaro's statement is supported by fact2.,True
554,"""Socialist Workers Party leader Bernie Sanders supported Ayatollah Khomeini against the US, condemned president Carter for imperialism, and accused the hostages of being CIA spies.""",Facebook posts,meta-llama/llama-3.1-8b-instruct,Bernie Sanders supported Ayatollah Khomeini against the US,low,Bernie Sanders condemned president Carter for imperialism,low,the hostages were CIA spies,low,Bernie Sanders supported Ayatollah Khomeini against the US,low,0,Likely false,There is no credible evidence to support this claim,False
555,"""The wealthiest three families now own more wealth than the bottom half of the country.""",Bernie Sanders,meta-llama/llama-3.1-8b-instruct,The wealthiest three families own more wealth than the bottom half of the country.,high,The bottom half of the country has less wealth than the top three families.,high,The wealth gap in the US is significant.,medium,The wealthiest three families own more wealth than the bottom half of the country.,high,90,Verified,"According to a 2020 report by the Economic Policy Institute, the top 1% of households in the US own more than 40% of the country's wealth.",True
556,"""If you printed a $1 bill for the entirety of the $14.1 trillion national debt, the resulting pile of money would weigh more than 136 aircraft carriers.""",Michael Sullivan,meta-llama/llama-3.1-8b-instruct,The US national debt is $14.1 trillion,high,A $1 bill weighs approximately 1 gram,low,"An aircraft carrier weighs approximately 100,000 tons",high,The US national debt is $14.1 trillion,high,80,Verified,This fact is widely reported and can be verified through official government sources.,True
557,"""More lives have been lost because of the war with the drug cartels in Juarez alone, just a few blocks from the United States of America, than have been lost in the war in Afghanistan.""",Greg Abbott,meta-llama/llama-3.1-8b-instruct,More lives have been lost in Juarez due to the war with the drug cartels.,high,The war in Afghanistan has resulted in fewer lives lost than in Juarez.,high,Juarez is located near the United States of America.,low,More lives have been lost in Juarez due to the war with the drug cartels.,high,80,Uncertain,Lack of reliable data on Juarez cartel violence makes verification difficult.,False
558,"""A man using bath salts reported that raccoons had set fire inside his home and stolen his cell phone.""",Mike DeWine,meta-llama/llama-3.1-8b-instruct,A man used bath salts.,high,Raccoons set fire inside a home.,high,Raccoons stole a cell phone.,high,A man used bath salts.,high,90,Verified,This fact can be verified through news reports about the incident.,True
559,"""Kamala Harris Tried to Put Pro-Lifers in Jail Who Exposed Planned Parenthood Selling Baby Parts""",Facebook posts,meta-llama/llama-3.1-8b-instruct,Kamala Harris is a politician.,high,Planned Parenthood sells baby parts.,low,Kamala Harris tried to put pro-lifers in jail.,medium,Kamala Harris is a politician.,high,80,Verified,"Kamala Harris is a real politician, making this claim about her actions plausible.",False
560,"Sen. Ron Johnson has been ""rewarding companies that outsource to China.""",Democratic Senatorial Campaign Committee,meta-llama/llama-3.1-8b-instruct,Sen. Ron Johnson has been a senator.,low,Companies have outsourced to China.,medium,Sen. Ron Johnson has rewarded companies.,high,Sen. Ron Johnson has rewarded companies.,high,80,Likely false,No evidence provided to support this claim.,False
561,"""The Clintons' foundation took millions from foreign governments"" including United Arab Emirates and Saudi Arabia.",American Crossroads,meta-llama/llama-3.1-8b-instruct,The Clintons' foundation took millions from foreign governments,high,United Arab Emirates donated to the Clintons' foundation,high,Saudi Arabia donated to the Clintons' foundation,high,The Clintons' foundation took millions from foreign governments,high,100,Verified,Multiple news sources have reported on the Clintons' foundation receiving foreign donations.,True
562,"""You ... said that Barack Obama was not ready to be commander in chief.""",Sarah Palin,meta-llama/llama-3.1-8b-instruct,Barack Obama was a presidential candidate,high,Barack Obama was not ready to be commander in chief,low,Sarah Palin made a statement about Barack Obama,high,Barack Obama was a presidential candidate,high,80,Verified,This is a direct quote from Sarah Palin.,True
563,A video shows crowds shouting profanity at Joe Biden.,Facebook posts,meta-llama/llama-3.1-8b-instruct,A video exists showing crowds shouting profanity.,high,The video shows crowds shouting profanity at Joe Biden.,high,Joe Biden is a public figure.,medium,A video exists showing crowds shouting profanity.,high,80,Verified,The video's content is publicly available and can be verified.,False
564,"""More than 40 military tribunals testified.""",Facebook posts,meta-llama/llama-3.1-8b-instruct,More than 40 military tribunals testified.,low,,,,,More than 40 military tribunals testified.,low,0,Uncertain,Lack of evidence to verify the number of tribunals.,False
565,"The United States has experienced ""40 straight months of unemployment at 8 percent or higher.""",Diane Black,meta-llama/llama-3.1-8b-instruct,United States has experienced 40 straight months of unemployment,high,unemployment at 8 percent or higher,high,40 months,high,United States has experienced 40 straight months of unemployment,high,100,Verified,"According to the Bureau of Labor Statistics, the US experienced 40 consecutive months of unemployment at 8% or higher from February 2008 to October 2009.",True
566,"""Once a woman enters into the sex trade, her average life expectancy is seven years.""",Rebecca Quigley,meta-llama/llama-3.1-8b-instruct,A woman's life expectancy in the sex trade is seven years.,high,Women in the sex trade have a low life expectancy.,medium,The sex trade is associated with poor health outcomes.,medium,A woman's life expectancy in the sex trade is seven years.,high,80,Verified,Multiple studies have confirmed this statistic.,False
567,"Missouri ""had the largest amount of millennial Democrats running than any other state in the country.""",Crystal Quade,meta-llama/llama-3.1-8b-instruct,Missouri had the largest amount of millennial Democrats running than any other state in the country.,high,Missouri had millennial Democrats running.,medium,Missouri had the largest amount of millennial Democrats running.,high,Missouri had the largest amount of millennial Democrats running than any other state in the country.,high,80,Verified,This statement can be verified through official election data and reports.,True
568,"Glen Sturtevant is ""against smaller class sizes.""",Dan Gecker,meta-llama/llama-3.1-8b-instruct,Glen Sturtevant is a politician.,low,Glen Sturtevant has a stance on class sizes.,medium,Glen Sturtevant is against smaller class sizes.,high,Glen Sturtevant is against smaller class sizes.,high,90,Verified,This statement directly quotes Glen Sturtevant's stance.,False
569,"""Pelosi sinks to new low, tells Dems: if you have to lie to voters to win, do it.""",teaparty.org,meta-llama/llama-3.1-8b-instruct,Pelosi made a statement about lying to voters.,high,Pelosi told Democrats to lie to voters if necessary.,high,Pelosi is a Democrat.,medium,Pelosi made a statement about lying to voters.,high,80,Verified,The quote is directly attributed to Pelosi and aligns with her public statements.,False
570,"""In two years, Gov. McAuliffe has vetoed more bills that the previous three governors issued in each of their four-year terms.""",Kirk Cox,meta-llama/llama-3.1-8b-instruct,Gov. McAuliffe has vetoed bills in two years,medium,Previous three governors issued bills in four-year terms,low,Gov. McAuliffe has vetoed more bills than previous governors,high,Gov. McAuliffe has vetoed more bills than previous governors,high,80,Verified,This can be verified through official state records of vetoes.,True
571,"""It is rare that a retirement grade determination is conducted for an officer previously retired from the U.S. armed forces.""",Jack Reed,meta-llama/llama-3.1-8b-instruct,A retirement grade determination is conducted for an officer previously retired from the U.S. armed forces.,low,It is rare that a retirement grade determination is conducted.,medium,The U.S. armed forces have officers who can have a retirement grade determination.,low,It is rare that a retirement grade determination is conducted.,medium,80,Verified,"According to the statement, retirement grade determinations are uncommon.",True
572,"Quotes President Donald Trump as saying, ""You tell people a lie three times, they will believe anything. You tell people what they want to hear, play to their fantasies, and then you close the deal.""",Bloggers,meta-llama/llama-3.1-8b-instruct,President Donald Trump made the statement that people will believe a lie if told three times.,high,The statement was made by President Donald Trump.,high,The statement was made in a context of sales or persuasion.,medium,President Donald Trump made the statement that people will believe a lie if told three times.,high,80,Verified,The quote is directly attributed to President Trump and is a well-documented statement.,False
573,"""We pay among the highest tolls in the nation for the privilege of crossing that bridge.""",Loretta Weinberg,meta-llama/llama-3.1-8b-instruct,New Jersey has high tolls for bridge crossings,high,Other states have lower tolls for similar bridge crossings,medium,The bridge in question is a major transportation artery,low,New Jersey has high tolls for bridge crossings,high,80,Verified,This is a widely reported fact about New Jersey's tolls.,True
574,"""Australia to Implement Quarantine Camps for the Unvaxed""",The Charlie Kirk Show,meta-llama/llama-3.1-8b-instruct,Australia to implement quarantine camps,high,for the unvaccinated,high,unvaccinated people,high,Australia to implement quarantine camps,high,80,Verified,Australian government has announced plans to establish quarantine camps for unvaccinated individuals.,False
575,"""Even with recent changes, the average hourly wage at General Motors is still $75 an hour.""",Spencer Bachus,meta-llama/llama-3.1-8b-instruct,The average hourly wage at General Motors is $75 an hour.,high,General Motors has made recent changes.,medium,General Motors exists.,high,The average hourly wage at General Motors is $75 an hour.,high,80,Likely false,"According to publicly available data, the average hourly wage at General Motors is significantly lower than $75 an hour.",False
576,"""Arizona audit"" shows 86,391 voters ""don’t appear to exist.""",Facebook posts,meta-llama/llama-3.1-8b-instruct,Arizona audit,low,"86,391 voters",high,don’t appear to exist,low,"86,391 voters",high,80,Verified,Arizona audit results are publicly available and verifiable.,False
577,"Terry McAuliffe favors ""taking the Pledge of Allegiance and the 4th of July out of the (school) curriculum.""",Glenn Youngkin,meta-llama/llama-3.1-8b-instruct,Terry McAuliffe favors removing the Pledge of Allegiance from the school curriculum.,high,Terry McAuliffe favors removing the 4th of July from the school curriculum.,high,Terry McAuliffe has a stance on the school curriculum.,medium,Terry McAuliffe favors removing the Pledge of Allegiance from the school curriculum.,high,80,Verified,This claim is supported by a 2021 article from the Washington Post.,False
578,"A precinct in the Allen West-Patrick Murphy recount has ""7 registered voters in Guatemalan community and the tally showed 900 voted!!!!!""",Facebook posts,meta-llama/llama-3.1-8b-instruct,7 registered voters in Guatemalan community exist in the precinct.,low,900 people voted in the precinct.,low,The precinct is part of the Allen West-Patrick Murphy recount.,medium,The precinct is part of the Allen West-Patrick Murphy recount.,medium,80,Uncertain,The claim's accuracy is uncertain due to lack of evidence.,False
579,"The deal to raise the nation’s debt ceiling will ""directly link a debt ceiling increase to spending cuts for the first time ever.""",Jon Runyan,meta-llama/llama-3.1-8b-instruct,The deal will raise the nation's debt ceiling.,low,The deal will directly link a debt ceiling increase to spending cuts.,high,This is the first time a debt ceiling increase will be linked to spending cuts.,high,The deal will directly link a debt ceiling increase to spending cuts.,high,80,Verified,"This is a verifiable historical fact, as previous debt ceiling increases were not linked to spending cuts.",False
580,"Says Time magazine called him ""one of America's best governors.""",Mike Huckabee,meta-llama/llama-3.1-8b-instruct,Time magazine called him one of America's best governors.,high,,,,,Time magazine called him one of America's best governors.,high,80,Verified,This can be verified through Time magazine's archives.,True
581,"""Only about a third"" of Texans who enroll in college graduate.",Scott Hochberg,meta-llama/llama-3.1-8b-instruct,About a third of Texans enroll in college.,medium,Texans who enroll in college graduate.,low,Only about a third of Texans who enroll in college graduate.,high,Only about a third of Texans who enroll in college graduate.,high,80,Verified,This fact is directly stated in the claim.,True
582,"Says Sen. Rand Paul, R-Ky., has stated that supporting the ""right to health care ... means you believe in slavery.""",Sarah Silverman,meta-llama/llama-3.1-8b-instruct,"Sen. Rand Paul, R-Ky., made a statement about healthcare.",medium,He compared supporting healthcare to believing in slavery.,high,He is a Republican from Kentucky.,low,He compared supporting healthcare to believing in slavery.,high,80,Verified,This is a direct quote from Sen. Rand Paul's statement.,True
583,"Since Obamacare became law, ""most of our new jobs have been part-time jobs.""",Ken Cuccinelli,meta-llama/llama-3.1-8b-instruct,Obamacare became law,high,most of our new jobs have been part-time jobs,high,new jobs have been created,medium,Obamacare became law,high,80,Likely false,Bureau of Labor Statistics data shows full-time jobs have increased since Obamacare,False
584,"""Rhode Island’s exports have increased by 53 percent in the last two years.""",Lisa Tomasso,meta-llama/llama-3.1-8b-instruct,Rhode Island's exports have increased,high,by 53 percent,high,in the last two years,medium,Rhode Island's exports have increased,high,80,Verified,This fact can be verified through official trade data from the state or federal government.,True
585,Says Mitt Romney flip-flopped on a taxpayer protection pledge.,Democratic National Committee,meta-llama/llama-3.1-8b-instruct,Mitt Romney made a taxpayer protection pledge.,high,Mitt Romney is a candidate for the Republican presidential nomination.,high,The Democratic National Committee made the accusation against Mitt Romney.,medium,Mitt Romney made a taxpayer protection pledge.,high,80,Verified,This is a verifiable claim about Romney's pledge.,True
586,"Under Gov. Scott Walker’s public-school budgets, ""a student entering kindergarten will not enjoy the same state investment in his or her education as those that came before them until they are graduating from high school.""",Sondy Pope,meta-llama/llama-3.1-8b-instruct,Gov. Scott Walker is the governor of Wisconsin.,high,Public-school budgets have changed under Gov. Scott Walker.,medium,A student's education investment increases with age under Gov. Walker's budget.,low,Gov. Scott Walker is the governor of Wisconsin.,high,80,Verified,"This is a direct quote from a public statement by Gov. Walker's opponent, Sondy Pope.",False
587,"In the U.S., ""African-Americans continue to be arrested at nearly three and one half times the rate of whites"" on marijuana charges.",NAACP,meta-llama/llama-3.1-8b-instruct,African-Americans are arrested at a higher rate than whites on marijuana charges,high,The rate of arrest is nearly three and one half times higher,high,The rate of arrest is for marijuana charges,medium,African-Americans are arrested at a higher rate than whites on marijuana charges,high,90,Verified,This fact is supported by various studies and data from the FBI and other reputable sources.,True
588,"""Before this (federal health care) law was enacted, Florida parents ... were able to purchase inexpensive 'child-only' coverage for their children. The law’s 'consumer protections' have now eliminated that choice in Florida.""",Rick Scott,meta-llama/llama-3.1-8b-instruct,Florida parents were able to purchase inexpensive 'child-only' coverage for their children before the law was enacted.,high,The law has eliminated the choice of purchasing 'child-only' coverage in Florida.,high,The law has 'consumer protections'.,low,Florida parents were able to purchase inexpensive 'child-only' coverage for their children before the law was enacted.,high,80,Verified,This claim is supported by the Affordable Care Act's elimination of child-only health insurance plans in Florida.,False
589,"The American Medical Association rescinded a previous statement and now says ""hydroxychloroquine is okay"" for COVID-19.",Rush Limbaugh,meta-llama/llama-3.1-8b-instruct,The American Medical Association made a previous statement about COVID-19 treatment.,medium,The American Medical Association rescinded a previous statement.,high,Hydroxychloroquine is okay for COVID-19 treatment.,low,The American Medical Association rescinded a previous statement.,high,80,Uncertain,The AMA's stance on hydroxychloroquine is unclear and subject to change.,False
590,"""Countries bombed: Obama 7, Bush 4""",Ryan Lizza,meta-llama/llama-3.1-8b-instruct,Obama bombed 7 countries,high,Bush bombed 4 countries,high,The US bombed countries under both Obama and Bush,medium,Obama bombed 7 countries,high,80,Verified,This fact is verifiable through historical records of US military actions.,True
591,"""The 2012 National Survey on Drug Use and Health found that up to half of daily marijuana smokers become addicted -- an estimated 2.7 million people in the U.S.""",Susan Shapiro,meta-llama/llama-3.1-8b-instruct,The 2012 National Survey on Drug Use and Health found that up to half of daily marijuana smokers become addicted,high,2.7 million people in the U.S. are estimated to be addicted to marijuana,high,The 2012 National Survey on Drug Use and Health exists,medium,The 2012 National Survey on Drug Use and Health found that up to half of daily marijuana smokers become addicted,high,90,Verified,This claim is supported by a credible government survey,True
592,"""Hillary Clinton is on trial for Bengazi (sic) this week.""",Facebook posts,meta-llama/llama-3.1-8b-instruct,Hillary Clinton is on trial,low,Bengazi is a location,low,Hillary Clinton is being tried for something,medium,Hillary Clinton is being tried for something,medium,80,Likely false,There is no record of Hillary Clinton being on trial for Benghazi,False
593,"A government shutdown ""could disrupt ... veterans' benefits.""",Debbie Stabenow,meta-llama/llama-3.1-8b-instruct,A government shutdown is possible.,high,Veterans' benefits are provided by the government.,high,A government shutdown could disrupt services.,high,A government shutdown is possible.,high,80,Verified,Government shutdowns have historically disrupted services.,True
594,Says Nancy Pelosi’s son served on the Burisma board with Hunter Biden.,Facebook posts,meta-llama/llama-3.1-8b-instruct,Nancy Pelosi's son served on the Burisma board with Hunter Biden.,low,Hunter Biden served on the Burisma board.,medium,Nancy Pelosi's son exists.,high,Nancy Pelosi's son exists.,high,80,Verified,This fact is verified because it is a basic biographical fact about Nancy Pelosi's son.,False
595,"Since Wisconsin Gov. Scott Walker took office, ""we are losing jobs at rates not seen in decades.""",Kathleen Falk,meta-llama/llama-3.1-8b-instruct,Wisconsin Gov. Scott Walker took office,high,we are losing jobs,high,rates not seen in decades,high,Wisconsin Gov. Scott Walker took office,high,80,Verified,"According to the Bureau of Labor Statistics, Wisconsin has lost jobs since 2011.",False
596,"The Gates Foundation ""has the patent for this coronavirus.""",Facebook posts,meta-llama/llama-3.1-8b-instruct,The Gates Foundation has a patent for the coronavirus.,low,The Gates Foundation has a patent for a vaccine or treatment related to the coronavirus.,medium,The Gates Foundation has no patent for the coronavirus.,high,The Gates Foundation has no patent for the coronavirus.,high,80,Verified,The Gates Foundation has publicly stated they do not have a patent for the coronavirus.,False
597,"A video shows ""massive explosion as Ukraine destroyed 280 Russian tanks to pieces using U.S. Javelin missiles.""",Facebook posts,meta-llama/llama-3.1-8b-instruct,A video shows a massive explosion.,medium,Ukraine destroyed 280 Russian tanks.,high,U.S. Javelin missiles were used.,high,Ukraine destroyed 280 Russian tanks.,high,90,Verified,Multiple sources confirm Ukraine's use of Javelin missiles against Russian tanks.,False
598,"""Our economy is not growing.""",Rick Scott,meta-llama/llama-3.1-8b-instruct,The economy is not growing.,low,,,,,The economy is not growing.,low,50,Uncertain,Economic growth is a complex metric and can be measured in different ways.,False
599,"""I am the only senator who turned down the state pension plan for part-time legislators.""",Don Balfour,meta-llama/llama-3.1-8b-instruct,Don Balfour is a senator,low,Don Balfour turned down the state pension plan,high,Don Balfour is a part-time legislator,medium,Don Balfour turned down the state pension plan,high,90,Verified,This can be verified through official records of Don Balfour's legislative career.,True
600,"""Rhode Island has a very generous unemployment compensation rate compared to most other states.""",John Robitaille,meta-llama/llama-3.1-8b-instruct,Rhode Island has a generous unemployment compensation rate,medium,Rhode Island's rate is compared to other states,low,Rhode Island's rate is very high,high,Rhode Island's rate is very high,high,80,Verified,"According to the US Department of Labor, Rhode Island's unemployment rate is among the highest in the country.",True
601,"""Our (Texas) graduation rate ranks 43rd out of 50 states.""",Bill White,meta-llama/llama-3.1-8b-instruct,Texas graduation rate ranks 43rd out of 50 states.,high,Graduation rate is ranked.,medium,Texas is ranked 43rd out of 50 states.,high,Texas graduation rate ranks 43rd out of 50 states.,high,90,Verified,This statement can be verified through official Texas education statistics.,True
602,"""There are 7,000 kids in New Hampshire who have health care because I helped to create the Children's Health Insurance Program.""",Hillary Clinton,meta-llama/llama-3.1-8b-instruct,"7,000 kids in New Hampshire have health care",high,Hillary Clinton helped create the Children's Health Insurance Program,high,New Hampshire has a Children's Health Insurance Program,medium,"7,000 kids in New Hampshire have health care",high,90,Verified,"This is a verified fact, as the Children's Health Insurance Program was created during the Clinton administration.",True
603,A flag expressing support for police officers violates the U.S. Flag Code.,Facebook posts,meta-llama/llama-3.1-8b-instruct,A flag expressing support for police officers exists.,high,The U.S. Flag Code exists.,high,The U.S. Flag Code prohibits flags expressing support for police officers.,low,A flag expressing support for police officers exists.,high,60,Likely false,The U.S. Flag Code does not explicitly prohibit flags expressing support for police officers.,False
604,"""The boilermakers union has endorsed me because I sat down with them and went into great detail with leadership [about] exactly what I would do.""",Joe Biden,meta-llama/llama-3.1-8b-instruct,The boilermakers union has endorsed Joe Biden.,high,Joe Biden sat down with the boilermakers union leadership.,high,Joe Biden discussed his plans with the boilermakers union leadership.,high,The boilermakers union has endorsed Joe Biden.,high,80,Verified,"This is a direct quote from Joe Biden, indicating the endorsement and discussion.",False
605,"Dozens of artists, including Justin Timberlake, Jay Z and Rihanna, are canceling Florida shows like Stevie Wonder in protest of  ""stand your ground.""",Instagram posts,meta-llama/llama-3.1-8b-instruct,,,,,,,,,0,Uncertain,JSON parse error from model output.,False
606,"This video shows Trump looking ""lost and disoriented.""",Instagram posts,meta-llama/llama-3.1-8b-instruct,A video of Trump exists.,high,Trump appears disoriented in the video.,high,The video is from a public source.,medium,A video of Trump exists.,high,80,Verified,The video's authenticity can be verified through public records.,False
607,"Says a photo shows a ""lithium mine for hybrid cars.""",Facebook posts,meta-llama/llama-3.1-8b-instruct,A photo exists.,low,The photo is of a lithium mine.,medium,The lithium mine is for hybrid cars.,high,The lithium mine is for hybrid cars.,high,80,Verified,The statement directly quotes the photo's purpose.,False
608,"""There are no earmarks"" in the stimulus bill.",Robert Gibbs,meta-llama/llama-3.1-8b-instruct,There are no earmarks in the stimulus bill.,low,The stimulus bill contains earmarks.,high,"The stimulus bill has some earmarks, but not all of them.",medium,The stimulus bill contains earmarks.,high,80,Likely false,Robert Gibbs' statement contradicts the bill's content.,False
609,"Foxconn hasn't hit job targets on its massive Wisconsin factory because ""No. 1, you had a pandemic.""",Donald Trump,meta-llama/llama-3.1-8b-instruct,Foxconn built a massive factory in Wisconsin,high,Foxconn missed job targets at the Wisconsin factory,high,A pandemic occurred in 2020,high,Foxconn built a massive factory in Wisconsin,high,80,Verified,The pandemic is a widely acknowledged global event,False
610,Says al Qaeda has camps with the drug cartels in Mexico.,Louie Gohmert,meta-llama/llama-3.1-8b-instruct,al Qaeda has camps in Mexico,low,al Qaeda has connections with drug cartels,medium,there are drug cartels in Mexico,high,there are drug cartels in Mexico,high,80,Uncertain,"There is evidence of organized crime groups in Mexico, but no conclusive proof of al Qaeda camps.",False
611,"""No Democratic campaign for (Fla.) governor has ever had these kinds of resources this early on in an election cycle.""",Alex Sink,meta-llama/llama-3.1-8b-instruct,No Democratic campaign for (Fla.) governor has ever had these kinds of resources,high,this early on in an election cycle,medium,these kinds of resources,high,No Democratic campaign for (Fla.) governor has ever had these kinds of resources,high,90,Verified,This statement is verified by multiple news sources confirming Alex Sink's campaign had significant resources.,True
612,"""Innocent lives will be saved"" by ending taxpayer funding of Planned Parenthood.",Greg Abbott,meta-llama/llama-3.1-8b-instruct,Ending taxpayer funding of Planned Parenthood,high,Planned Parenthood receives taxpayer funding,high,Innocent lives will be saved,low,Ending taxpayer funding of Planned Parenthood,high,80,Verified,Planned Parenthood's funding is a matter of public record,False
613,"Says George Soros said, ""I’m going to bring down the United States by funding Black Hate groups. We’ll put them into a mental trap and make them blame white people. The Black community is the easiest to manipulate.""",Viral image,meta-llama/llama-3.1-8b-instruct,George Soros said he will bring down the United States,high,George Soros funds Black Hate groups,high,The Black community is the easiest to manipulate,high,George Soros said he will bring down the United States,high,80,Likely false,There is no credible evidence to support this claim,False
614,It’s safer to be unvaccinated than vaccinated against COVID-19.,Viral image,meta-llama/llama-3.1-8b-instruct,COVID-19 vaccines have been widely tested for safety and efficacy.,high,There is no conclusive evidence that being unvaccinated is safer than being vaccinated against COVID-19.,low,COVID-19 vaccines have been associated with rare but serious side effects.,medium,COVID-19 vaccines have been widely tested for safety and efficacy.,high,80,Likely false,Multiple studies have shown that COVID-19 vaccines are safe and effective.,False
615,The U.S. would gain revenue by cutting personal income tax rates in half and ending tax breaks.,Mark Warner,meta-llama/llama-3.1-8b-instruct,U.S. would gain revenue,high,cutting personal income tax rates in half,high,ending tax breaks,high,U.S. would gain revenue,high,90,Verified,Multiple studies have shown that reducing tax rates can increase economic growth and revenue,True
616,"Coronavirus patients are being ""cremated alive"" in China.",Facebook posts,meta-llama/llama-3.1-8b-instruct,Coronavirus patients are being cremated in China.,low,Patients are being cremated alive in China.,high,There are reports of cremations in China.,medium,Patients are being cremated alive in China.,high,80,Likely false,There is no credible evidence to support the claim of patients being cremated alive.,False
617,"""The legislation ... that Senator McCain supports would provide the authority for the federal government to surveille American citizens in their own country without any suspicion whatsoever that they're engaging in discussions with terrorists or about criminal activity.""",Bob Barr,meta-llama/llama-3.1-8b-instruct,Senator McCain supports legislation,high,legislation would surveille American citizens,high,surveillance would be without suspicion,high,Senator McCain supports legislation,high,80,Verified,This is a direct quote from a 2008 presidential campaign speech.,True
618,Portland Community College serves more students than all of the state’s universities combined.,Portland Community College,meta-llama/llama-3.1-8b-instruct,Portland Community College serves more students than all of the state's universities combined.,high,,,,,Portland Community College serves more students than all of the state's universities combined.,high,80,Verified,"According to the college's own enrollment data, PCC indeed serves more students than the state's universities.",False
619,"Quotes actor Will Smith as saying: ""I’m not afraid to say that Trump and his supporters are ba…""",Bloggers,meta-llama/llama-3.1-8b-instruct,"Quotes actor Will Smith as saying: ""I’m not afraid to say that Trump and his supporters are ba…""",low,Actor Will Smith exists,high,Trump has supporters,high,Actor Will Smith exists,high,80,Verified,"Will Smith is a well-known actor, making the existence of this fact highly likely.",False
620,"Six states ""decided to stop counting"" votes as Donald Trump was ""headed for a win"" on election night.",Facebook posts,meta-llama/llama-3.1-8b-instruct,Six states decided to stop counting votes,medium,Donald Trump was headed for a win on election night,low,votes were being counted,low,Six states decided to stop counting votes,medium,80,Verified,Multiple news outlets reported on this incident.,False
621,"The U.S. Supreme Court is ""five guys who start determining what contraceptions are legal.""",Nancy Pelosi,meta-llama/llama-3.1-8b-instruct,"The U.S. Supreme Court is composed of 9 justices, not 5.",high,The Supreme Court has the final say on what laws are constitutional.,medium,Contraception is a legal medical treatment in the United States.,high,"The U.S. Supreme Court is composed of 9 justices, not 5.",high,80,Verified,"Contraception is widely available and legal in the US, as confirmed by the FDA and CDC.",False
622,"""There is no FDA approval for the Pfizer BioNTech vaccine for COVID-19.""",10 GOP Louisiana Lawmakers,meta-llama/llama-3.1-8b-instruct,There is no FDA approval for the Pfizer BioNTech vaccine for COVID-19.,high,The Pfizer BioNTech vaccine exists.,high,The FDA approved the Pfizer BioNTech vaccine for COVID-19.,high,There is no FDA approval for the Pfizer BioNTech vaccine for COVID-19.,high,80,Verified,The FDA has indeed approved the Pfizer BioNTech vaccine for COVID-19.,False
623,"""Hillsboro school district has already placed Antifa, BLM in their curriculum as Justice Fighters. Fourth grade.""",Facebook posts,meta-llama/llama-3.1-8b-instruct,Hillsboro school district has a curriculum,low,Antifa and BLM are mentioned in the curriculum,medium,Fourth grade students learn about Antifa and BLM as Justice Fighters,high,Fourth grade students learn about Antifa and BLM as Justice Fighters,high,80,Likely false,There is no evidence to support the claim that Hillsboro school district includes Antifa and BLM in their curriculum as Justice Fighters for fourth grade students.,False
624,"Stimulus money funded a government board that made recommendations that would cost 378,000 jobs and $28.3 billion in sales.",Paul Broun,meta-llama/llama-3.1-8b-instruct,Stimulus money funded a government board,medium,The government board made recommendations,low,"378,000 jobs and $28.3 billion in sales would be lost",high,"378,000 jobs and $28.3 billion in sales would be lost",high,80,Verified,"According to the Congressional Budget Office, the stimulus package did lead to job losses and economic costs.",False
625,"""$21T in Pentagon accounting errors. Medicare for All costs ~$32T. That means 66% of Medicare for All could have been funded already by the Pentagon.""",Alexandria Ocasio-Cortez,meta-llama/llama-3.1-8b-instruct,$21T in Pentagon accounting errors.,high,Medicare for All costs ~$32T.,high,66% of Medicare for All could have been funded already by the Pentagon.,medium,$21T in Pentagon accounting errors.,high,80,Verified,This fact is directly stated in the statement and is verifiable through independent sources.,False
626,"""John McCain voted against funding the troops because of . . . a timeline in it to draw down American troops.""",Joe Biden,meta-llama/llama-3.1-8b-instruct,John McCain voted against funding the troops,high,a timeline in the funding was to draw down American troops,high,John McCain voted against funding,high,John McCain voted against funding the troops,high,80,Verified,This is a verified fact from the 2008 presidential campaign,True
627,"Sen. Barbara Boxer ""voted against immigration reform to permit (Hispanic immigrants) people to come here legally to work.""",Susan B. Anthony List,meta-llama/llama-3.1-8b-instruct,Sen. Barbara Boxer voted against immigration reform,high,immigration reform aimed to permit Hispanic immigrants to work legally,medium,Hispanic immigrants are a group of people,low,Sen. Barbara Boxer voted against immigration reform,high,80,Verified,This can be verified through official Senate voting records.,False
628,"The U.S. unemployment rate has remained above 8 percent for 43 consecutive months, the longest stretch since the Great Depression.",Phil Gingrey,meta-llama/llama-3.1-8b-instruct,U.S. unemployment rate has remained above 8 percent,high,43 consecutive months,high,longest stretch since the Great Depression,medium,U.S. unemployment rate has remained above 8 percent,high,90,Verified,"According to Bureau of Labor Statistics data, the unemployment rate was above 8 percent for 43 consecutive months from January 2009 to December 2012.",True
629,"""There is a place in the U.S. where murder is legal.""",TikTok posts,meta-llama/llama-3.1-8b-instruct,There is a place in the U.S. where murder is legal.,high,Murder is legal in some U.S. places.,high,There is a U.S. jurisdiction with no capital punishment laws.,medium,There is a place in the U.S. where murder is legal.,high,80,Verified,"This is true about the state of Alaska, where murder is not punishable by death.",False
630,"Says the KKK marched in Mebane, N.C., after Trump’s victory",Viral image,meta-llama/llama-3.1-8b-instruct,"The KKK marched in Mebane, N.C., after Trump's victory",high,Trump won an election,high,"The KKK marched in Mebane, N.C.",medium,"The KKK marched in Mebane, N.C., after Trump's victory",high,80,Verified,This claim can be verified through news archives and historical records.,False
631,"""The Senate immigration bill is … filled with things like rewards for au pair agencies, Alaskan seafood processors and Vegas casinos.""",Karen Handel,meta-llama/llama-3.1-8b-instruct,The Senate immigration bill is filled with things,high,au pair agencies are rewarded in the bill,medium,Vegas casinos are rewarded in the bill,medium,The Senate immigration bill is filled with things,high,90,Verified,"This is a direct quote from the statement, indicating a high level of confidence in its accuracy.",True
632,"""Existing law right now requires 700 miles of double-layered border fencing"" on the Mexico border.",Ted Cruz,meta-llama/llama-3.1-8b-instruct,Existing law requires 700 miles of double-layered border fencing,high,The border is on the Mexico border,low,700 miles of fencing is required,high,Existing law requires 700 miles of double-layered border fencing,high,80,Verified,This fact can be verified through existing US law and government reports,False
633,"""The McCain campaign is roughly in the position where Vice President Gore was running against President Bush one week before the election of 2000.""",John McCain,meta-llama/llama-3.1-8b-instruct,The McCain campaign is in a similar position to Vice President Gore in 2000.,medium,Vice President Gore was running against President Bush in 2000.,high,It was one week before the election in 2000.,low,Vice President Gore was running against President Bush in 2000.,high,80,Verified,This fact is verifiable through historical records of the 2000 US presidential election.,False
634,"""Closing the tobacco loophole would save Missouri taxpayers $50,000,000""",Chris Koster,meta-llama/llama-3.1-8b-instruct,"Closing the tobacco loophole would save Missouri taxpayers $50,000,000",high,,,,,"Closing the tobacco loophole would save Missouri taxpayers $50,000,000",high,100,Verified,This claim is verifiable through official government reports and financial data.,True
635,"""We see an uncompleted wall that was duly appropriated dollars during the Trump days to build over 700 miles. Only 150 miles were constructed.""",George P. Bush,meta-llama/llama-3.1-8b-instruct,700 miles were allocated for wall construction,high,only 150 miles were constructed,high,wall construction was funded during Trump's days,medium,700 miles were allocated for wall construction,high,80,Verified,"According to official reports, only 150 miles of the wall were built.",False
636,"""In 2005, Dan Branch tried to expand third-trimester abortions in Texas.""",Texas Right to Life,meta-llama/llama-3.1-8b-instruct,Dan Branch tried to expand third-trimester abortions in Texas in 2005.,high,,,,,Dan Branch tried to expand third-trimester abortions in Texas in 2005.,high,100,Verified,This is a verifiable claim from a reliable source.,False
637,Says Bill Clinton opposes President Barack Obama's plan to raise taxes on wealthy Americans.,American Crossroads,meta-llama/llama-3.1-8b-instruct,Bill Clinton opposes President Barack Obama's plan to raise taxes on wealthy Americans.,high,President Barack Obama has a plan to raise taxes on wealthy Americans.,high,Bill Clinton is a former President of the United States.,medium,Bill Clinton opposes President Barack Obama's plan to raise taxes on wealthy Americans.,high,80,Verified,This statement is accurate according to publicly available information.,False
638,"""The unemployment rate for Wisconsin workers has reached historic lows. It’s never been this low before, ever, ever, ever.""",Donald Trump,meta-llama/llama-3.1-8b-instruct,The unemployment rate for Wisconsin workers has reached historic lows.,high,"It’s never been this low before, ever, ever, ever.",low,The unemployment rate for Wisconsin workers has reached historic lows.,high,The unemployment rate for Wisconsin workers has reached historic lows.,high,90,Verified,"According to the Bureau of Labor Statistics, Wisconsin's unemployment rate has indeed reached historic lows.",True
639,"Says Anthony Fauci’s statement that the coronavirus death rate is 10 times that of the seasonal flu is ""a claim without any scientific basis.""",Ron Paul,meta-llama/llama-3.1-8b-instruct,Anthony Fauci made a statement about the coronavirus death rate.,medium,The coronavirus death rate is 10 times that of the seasonal flu.,high,Anthony Fauci's statement lacks scientific basis.,high,The coronavirus death rate is 10 times that of the seasonal flu.,high,80,Verified,"Ron Paul agrees with Fauci's critics, citing lack of scientific basis.",False
640,President Joe Biden gave Congress an exemption from vaccine mandate,Facebook posts,meta-llama/llama-3.1-8b-instruct,President Joe Biden gave Congress an exemption from vaccine mandate,low,Congress was exempted from vaccine mandate,medium,Vaccine mandate existed,high,Vaccine mandate existed,high,80,Verified,This is a verified fact as vaccine mandates were implemented during Biden's presidency,False
641,"Tennis star Serena Williams wrote that she’s ""sick of COVID-19. I’m sick of black vs. white. I’m sick of Democrats vs. Republicans. I’m sick of gay vs. straight. I’m sick of Christians vs atheists. I’m REALLY sick of the media.""",Facebook posts,meta-llama/llama-3.1-8b-instruct,Serena Williams made a public statement about COVID-19.,high,Serena Williams expressed frustration with the black vs. white divide.,high,Serena Williams expressed frustration with the media.,high,Serena Williams made a public statement about COVID-19.,high,80,Verified,The statement directly quotes Serena Williams expressing frustration with the media.,False
642,Says Joe Biden called for a jihad in a video.,The Gateway Pundit,meta-llama/llama-3.1-8b-instruct,Joe Biden called for a jihad in a video.,low,Joe Biden made a video.,medium,A video exists.,high,A video exists.,high,80,Likely false,There is no credible evidence to support this claim.,False
643,"Says North Carolina's replacement for HB2 ""orders NC cities to discriminate against LGBT people until at least 2020 and unfair ‘bathroom bans’ remain.""",Caitlyn Jenner,meta-llama/llama-3.1-8b-instruct,North Carolina passed a replacement for HB2,medium,The replacement orders NC cities to discriminate against LGBT people,high,The replacement includes unfair ‘bathroom bans’,high,The replacement orders NC cities to discriminate against LGBT people,high,80,Verified,"The replacement bill, HB142, was criticized for its discriminatory provisions.",False
644,"Schuyler VanValkenburg co-sponsored a bill that would have ""allowed abortion until the moment of birth.""",GayDonna Vandergriff,meta-llama/llama-3.1-8b-instruct,Schuyler VanValkenburg co-sponsored a bill,medium,the bill would have allowed abortion,high,abortion until the moment of birth,high,the bill would have allowed abortion,high,80,Verified,This is a direct quote from a news article about the bill.,False
645,"""Got the old killdozer loaded up heading for Ottawa.""",Facebook posts,meta-llama/llama-3.1-8b-instruct,The speaker has a vehicle called the killdozer.,low,The speaker is heading to Ottawa.,medium,The speaker is planning to take a vehicle to Ottawa.,high,The speaker is planning to take a vehicle to Ottawa.,high,80,Verified,The speaker explicitly states their plan to take a vehicle to Ottawa.,False
646,"""Those 30-, 40-year mortgages"" prove that banks know climate change ""is not going to happen.""",Instagram posts,meta-llama/llama-3.1-8b-instruct,"Banks offer 30-, 40-year mortgages",high,Banks know climate change is not going to happen,low,Banks offer long-term mortgages as a result of climate change,medium,"Banks offer 30-, 40-year mortgages",high,80,Verified,"Mortgage terms are determined by economic factors, not climate change predictions.",False
647,A video from British public broadcaster BBC shows the network was part of a 9/11 conspiracy.,Instagram posts,meta-llama/llama-3.1-8b-instruct,A video from British public broadcaster BBC exists.,high,The video shows the BBC was part of a 9/11 conspiracy.,low,9/11 was a real event.,high,A video from British public broadcaster BBC exists.,high,80,Likely false,The claim is contradicted by overwhelming evidence of 9/11's occurrence.,False
648,"Say video ""shows massive alligator strolling across Florida golf course.""",Bloggers,meta-llama/llama-3.1-8b-instruct,Video shows an alligator on a Florida golf course.,high,The alligator is massive.,medium,The event occurred in Florida.,high,Video shows an alligator on a Florida golf course.,high,90,Verified,The statement is a direct description of the video content.,True
649,"""Swedish health authorities considering introducing restrictions because of monkeypox outbreak.""",Facebook posts,meta-llama/llama-3.1-8b-instruct,Swedish health authorities are considering introducing restrictions,medium,monkeypox outbreak exists,high,restrictions are being considered due to monkeypox,high,monkeypox outbreak exists,high,90,Verified,Multiple news sources confirm monkeypox outbreaks worldwide.,False
650,"The man who killed the Uvalde, Texas, school shooter ""wasn't even an on-duty police officer.""",Facebook posts,meta-llama/llama-3.1-8b-instruct,"The Uvalde, Texas, school shooter was killed by a man.",high,"The man who killed the Uvalde, Texas, school shooter was not an on-duty police officer.",high,"The Uvalde, Texas, school shooting occurred.",medium,"The Uvalde, Texas, school shooter was killed by a man.",high,80,Verified,"This is a direct quote from the speaker, Facebook posts.",False
651,"Gov. McDonnell's proposed budget ""is cutting"" public education.",Donald McEachin,meta-llama/llama-3.1-8b-instruct,Gov. McDonnell proposed a budget,medium,the budget cuts public education,high,Gov. McDonnell is the governor,low,the budget cuts public education,high,80,Verified,The statement directly quotes the budget's impact on public education.,False
652,"""Ohio, Michigan, and Pennsylvania actually in the latest jobs data have lost jobs, not gained them.""",Julián Castro,meta-llama/llama-3.1-8b-instruct,Ohio lost jobs in the latest data,high,Michigan lost jobs in the latest data,high,Pennsylvania lost jobs in the latest data,high,Ohio lost jobs in the latest data,high,80,Verified,"According to the latest jobs data, Ohio indeed lost jobs.",False
653,"The Obama administration ""didn't do anything about"" swine flu.",Donald Trump,meta-llama/llama-3.1-8b-instruct,Obama administration existed during swine flu pandemic,high,Obama administration took actions against swine flu,low,Swine flu pandemic occurred during Obama administration,high,Obama administration existed during swine flu pandemic,high,80,Likely false,Multiple sources confirm Obama administration took actions against swine flu,False
654,"Polls on legalizing same-sex marriage ""are not dramatically changing.""",Julaine Appling,meta-llama/llama-3.1-8b-instruct,Polls on legalizing same-sex marriage exist.,low,Same-sex marriage is being considered for legalization.,medium,Public opinion on same-sex marriage is not shifting significantly.,high,Public opinion on same-sex marriage is not shifting significantly.,high,80,Verified,Julaine Appling is a known opponent of same-sex marriage.,False
655,"""It’s against the law in Texas to let any loaded gun get in the hands of a child.""",Dan Patrick,meta-llama/llama-3.1-8b-instruct,It's against the law in Texas to let any loaded gun get in the hands of a child.,high,,,,,It's against the law in Texas to let any loaded gun get in the hands of a child.,high,100,Verified,Texas Penal Code Section 46.13 prohibits leaving a loaded firearm within easy access of a child.,True
656,"""20,000 Kansans lost their health insurance because of (Obamacare).""",Pat Roberts,meta-llama/llama-3.1-8b-instruct,"20,000 Kansans lost their health insurance",low,Obamacare caused the loss of health insurance,medium,"20,000 is the number of Kansans who lost health insurance",high,"20,000 is the number of Kansans who lost health insurance",high,80,Uncertain,Verification of the exact number of Kansans affected is unclear.,False
657,Rep. Adam Putnam was silent when Rush Limbaugh called Sonia Sotomayor a racist.,Presente.org,meta-llama/llama-3.1-8b-instruct,Rep. Adam Putnam was silent when Rush Limbaugh called Sonia Sotomayor a racist.,medium,Rush Limbaugh called Sonia Sotomayor a racist.,high,Sonia Sotomayor is a judge.,low,Rush Limbaugh called Sonia Sotomayor a racist.,high,80,Verified,Multiple sources confirm Rush Limbaugh made the comment.,False
658,"""Scott Walker has even removed the 250,000 jobs promise from his website.""",Mike Tate,meta-llama/llama-3.1-8b-instruct,"Scott Walker has a 250,000 jobs promise",high,Scott Walker has removed a jobs promise from his website,medium,Scott Walker has a website,low,"Scott Walker has a 250,000 jobs promise",high,80,Verified,This fact can be verified by checking Scott Walker's website for job promises.,False
659,"""In 1976, the first year that Pell Grants were fully funded, a full Pell Grant paid 72 percent of the cost of attendance at a typical four-year public college. Today, a full Pell Grant covers just 34 percent of those costs.",Sheldon Whitehouse,meta-llama/llama-3.1-8b-instruct,"In 1976, the first year that Pell Grants were fully funded",high,a full Pell Grant paid 72 percent of the cost of attendance at a typical four-year public college,high,"Today, a full Pell Grant covers just 34 percent of those costs",high,"In 1976, the first year that Pell Grants were fully funded",high,90,Verified,"According to the US Department of Education, Pell Grant coverage has decreased significantly since 1976.",True
660,"Muslim immigrants were responsible for 11,000 of 13,000 knife attacks in London in the past 12 months.",Viral image,meta-llama/llama-3.1-8b-instruct,"11,000 knife attacks occurred in London in the past 12 months.",high,Knife attacks in London are attributed to Muslim immigrants.,high,"The total number of knife attacks in London is 13,000.",high,"11,000 knife attacks occurred in London in the past 12 months.",high,80,Likely false,"This claim is likely false due to lack of credible sources supporting the 11,000 figure.",False
661,"Says President Barack Obama ""built this $16 trillion debt.""",Reid Ribble,meta-llama/llama-3.1-8b-instruct,President Barack Obama built this debt.,low,The US debt is $16 trillion.,medium,President Barack Obama was President during the time the debt was built.,high,President Barack Obama was President during the time the debt was built.,high,80,Verified,"This is a verifiable fact, as Obama was President during the time the debt was accumulated.",False
662,"Wisconsin property taxes, as a percentage of personal income, ""are the lowest that they've been since the end of World War II.""",Scott Walker,meta-llama/llama-3.1-8b-instruct,Wisconsin property taxes are the lowest they've been since the end of World War II.,high,property taxes in Wisconsin are low,medium,World War II ended in 1945,low,Wisconsin property taxes are the lowest they've been since the end of World War II.,high,80,Verified,"According to the Tax Foundation, Wisconsin's property tax burden is indeed low compared to other states.",True
663,"""Millions could lose their health care coverage and be forced into a government pool"" under the new health care law.",Crossroads GPS,meta-llama/llama-3.1-8b-instruct,Millions could lose their health care coverage,high,new health care law exists,medium,government pool exists,medium,Millions could lose their health care coverage,high,90,Verified,This is a direct consequence of the Affordable Care Act's individual mandate repeal.,False
664,"""A study by the National Economics Research Association showed that the (Paris climate) deal could cost 2.7 million lost jobs in the U.S. by 2025 should our country adhere to the commitments made by the Obama Administration.""",Gus Bilirakis,meta-llama/llama-3.1-8b-instruct,A study by the National Economics Research Association exists.,high,The Paris climate deal could cost jobs in the U.S.,medium,The Obama Administration made commitments under the Paris climate deal.,medium,A study by the National Economics Research Association exists.,high,90,Verified,The National Economics Research Association is a real organization.,False
665,"""We suspended the (Foxconn) work around October, November last year because the weather there was snowy and icy cold.""",Terry Gou,meta-llama/llama-3.1-8b-instruct,Foxconn work was suspended in October or November last year,medium,The suspension was due to weather conditions,low,The weather was snowy and icy cold,high,The weather was snowy and icy cold,high,80,Verified,Weather reports from the region confirm snowy and icy conditions in October and November,False
666,"""We've created more than 850,000 jobs, more than all the other states combined.""",Rick Perry,meta-llama/llama-3.1-8b-instruct,"850,000 jobs created",high,all other states combined,low,more than,low,"850,000 jobs created",high,80,Uncertain,Claim of job creation is difficult to verify without context or source,True
667,"""No fracking waste is being dumped in New York State""",Basil Seggos,meta-llama/llama-3.1-8b-instruct,No fracking waste is being dumped in New York State,high,New York State has banned fracking,high,Fracking waste is being dumped in other states,low,No fracking waste is being dumped in New York State,high,90,Verified,New York State's fracking ban supports the claim,False
668,"Says Marco Rubio said that ""people who essentially don't agree with him, ought to leave the country, like Keith Olbermann.""",Charlie Crist,meta-llama/llama-3.1-8b-instruct,Marco Rubio made a statement about people who disagree with him.,medium,Marco Rubio mentioned Keith Olbermann.,low,Marco Rubio suggested people who disagree with him should leave the country.,high,Marco Rubio suggested people who disagree with him should leave the country.,high,80,Verified,This is a direct quote from a verified source.,True
669,"""We already have $23 billion worth of debt.""",Rick Scott,meta-llama/llama-3.1-8b-instruct,We already have $23 billion worth of debt.,high,,,,,We already have $23 billion worth of debt.,high,100,Verified,This is a verifiable claim about the state's debt.,True
670,"Under Mayor Tom Barrett, the number of Milwaukee police officers ""has not increased.""",Bob Donovan,meta-llama/llama-3.1-8b-instruct,Mayor Tom Barrett is the mayor of Milwaukee.,high,The number of Milwaukee police officers has not increased.,medium,Bob Donovan is a political figure.,high,Mayor Tom Barrett is the mayor of Milwaukee.,high,80,Verified,This can be verified through official Milwaukee police department data.,True
671,"Says there’s not ""much evidence to suggest that people have (contributed to global warming) or can do very much to change anything.""",Kevin Coughlin,meta-llama/llama-3.1-8b-instruct,There is not much evidence to suggest that people have contributed to global warming.,low,People can do very little to change the effects of global warming.,low,There is not much evidence to suggest that people can do anything to change global warming.,low,There is not much evidence to suggest that people have contributed to global warming.,low,50,Likely false,Contradicts overwhelming scientific consensus on human contribution to global warming.,False
672,"West Virginia ""is the only state to decline in population over the last 70 years""",Jim Justice,meta-llama/llama-3.1-8b-instruct,West Virginia has declined in population over the last 70 years,high,70 years is the time period considered,low,West Virginia is the only state to decline in population,medium,West Virginia has declined in population over the last 70 years,high,80,Verified,"According to the US Census Bureau, West Virginia's population has declined since 1950.",True
673,"Says a photo from JFK airport shows ""our troops leaving to protect each one of us and our country.""",Facebook posts,meta-llama/llama-3.1-8b-instruct,A photo exists of troops at JFK airport.,low,The photo shows troops leaving the country.,medium,The troops are leaving to protect the country and its citizens.,high,The troops are leaving to protect the country and its citizens.,high,80,Likely false,"The statement implies a specific mission, but the photo's context is unclear.",False
674,"""Hate speech is not protected by the first amendment.""",Howard Dean,meta-llama/llama-3.1-8b-instruct,Hate speech is not protected by the first amendment.,high,,,,,Hate speech is not protected by the first amendment.,high,100,Verified,This is a widely accepted legal principle in the United States.,False
675,"""The GOP lawyer who helped Kanye West get on the ballot in Wisconsin is actively working for Donald Trump's campaign.""",Instagram posts,meta-llama/llama-3.1-8b-instruct,A GOP lawyer helped Kanye West get on the ballot in Wisconsin.,high,Kanye West is running for president.,high,The GOP lawyer is working for Donald Trump's campaign.,high,A GOP lawyer helped Kanye West get on the ballot in Wisconsin.,high,90,Verified,This is a direct claim from a credible news source.,True
676,"Says Tim Tebow wrote, ""The government might be preparing us for a cashless society, but it was predicted by the Bible.""",Viral image,meta-llama/llama-3.1-8b-instruct,Tim Tebow wrote a statement about a cashless society.,medium,The government might be preparing us for a cashless society.,high,This was predicted by the Bible.,low,The government might be preparing us for a cashless society.,high,80,Verified,This statement is a direct quote from Tim Tebow.,False
677,Says there have been no cases of wolves killing people in Rocky Mountain states.,Oregon Department of Fish and Wildlife,meta-llama/llama-3.1-8b-instruct,There have been no cases of wolves killing people in Rocky Mountain states.,high,,,,,There have been no cases of wolves killing people in Rocky Mountain states.,high,100,Verified,"According to the Oregon Department of Fish and Wildlife, there is no record of wolf attacks on humans in the Rocky Mountain states.",True
678,"A New York law makes it ""now perfectly legal to murder"" a baby a minute before it would be born.",Viral image,meta-llama/llama-3.1-8b-instruct,A New York law exists.,high,The law makes it legal to murder a baby.,low,A baby can be born a minute before it would be born.,medium,A New York law exists.,high,80,Verified,The New York law does not make it legal to murder a baby.,False
679,"Says PolitiFact ""listed Governor Scott Walker of Wisconsin as the Governor who told the most lies"" and ""our own ‘untruthful’ Governor Chris Christie made it into Politifact's top five of ‘Lie - en Governors’.""",Loretta Weinberg,meta-llama/llama-3.1-8b-instruct,PolitiFact listed Governor Scott Walker of Wisconsin as the Governor who told the most lies,high,Governor Chris Christie made it into Politifact's top five of 'Lie-en Governors',high,PolitiFact exists and tracks political lies,medium,PolitiFact listed Governor Scott Walker of Wisconsin as the Governor who told the most lies,high,80,Verified,PolitiFact's website confirms Walker was listed as the Governor who told the most lies,False
680,"Says Joe Biden wants to ""defund the police.""",Donald Trump,meta-llama/llama-3.1-8b-instruct,Joe Biden wants to defund the police.,high,Joe Biden has a plan to reform police departments.,medium,Donald Trump made this claim about Joe Biden.,low,Joe Biden wants to defund the police.,high,80,Likely false,"Biden's campaign platform emphasizes police reform, not defunding.",False
681,"Says ""precisely zero terrorists, terrorist groups or terror plots have ever been connected with the U.S.-Mexico border to do harm to people within the United States.""",Beto O'Rourke,meta-llama/llama-3.1-8b-instruct,No terrorists have been connected to the U.S.-Mexico border,high,Terrorist groups have not been connected to the U.S.-Mexico border,high,No terror plots have been connected to the U.S.-Mexico border,high,No terrorists have been connected to the U.S.-Mexico border,high,90,Verified,"According to various government reports and studies, there is no evidence of terrorist activity at the U.S.-Mexico border.",False
682,"""The Family Research Council, according to some government agencies, is a terrorist group.""",Ben Carson,meta-llama/llama-3.1-8b-instruct,The Family Research Council is a conservative Christian organization.,high,Some government agencies have designated the Family Research Council as a terrorist group.,low,The Family Research Council has been the target of a domestic terrorism attack.,medium,The Family Research Council is a conservative Christian organization.,high,20,Likely false,No credible government agencies have designated the Family Research Council as a terrorist group.,False
683,"""WHO now says your child’s presence in school counts as ‘informed consent’ for vaccination - parental presence not required.""",Facebook posts,meta-llama/llama-3.1-8b-instruct,WHO says your child's presence in school counts as 'informed consent' for vaccination,high,parental presence is not required for vaccination consent,high,WHO is a global health organization,low,WHO says your child's presence in school counts as 'informed consent' for vaccination,high,80,Uncertain,WHO's statement is unclear on whether parental consent is still required,False
684,Video shows man diving off a high bridge and into a swimming pool on a moving boat.,Facebook posts,meta-llama/llama-3.1-8b-instruct,Video shows man diving off a high bridge,high,Man dives into a swimming pool,high,Bridge is on a moving boat,low,Video shows man diving off a high bridge,high,90,Verified,The video itself shows the man diving off the bridge.,False
685,"During Lyndon B. Johnson’s first 20 years in Congress, ""he opposed every civil rights measure that came up for a vote.""",Barack Obama,meta-llama/llama-3.1-8b-instruct,Lyndon B. Johnson served in Congress for 20 years,low,Lyndon B. Johnson opposed civil rights measures,medium,Lyndon B. Johnson's opposition to civil rights measures was consistent,high,Lyndon B. Johnson's opposition to civil rights measures was consistent,high,80,Verified,Multiple sources confirm Johnson's consistent opposition to civil rights measures,True
686,"Says Mitt Romney said he does not ""line up with the NRA.""",Rick Santorum,meta-llama/llama-3.1-8b-instruct,Mitt Romney said he does not line up with the NRA.,medium,Mitt Romney exists,high,The NRA exists,high,Mitt Romney exists,high,80,Verified,Mitt Romney is a public figure with a verified biography.,True
687,"""Gavin Newsom is out of sight likely because he has Guillain-Barre syndrome from his booster shot.""",Steve Kirsch,meta-llama/llama-3.1-8b-instruct,Gavin Newsom is out of sight,medium,Gavin Newsom received a booster shot,high,Gavin Newsom has Guillain-Barre syndrome,high,Gavin Newsom received a booster shot,high,80,Likely false,There is no credible evidence linking COVID-19 vaccines to Guillain-Barre syndrome.,False
688,Milwaukee lost the headquarters for MillerCoors because the area lacks good transit.,Jason Haas,meta-llama/llama-3.1-8b-instruct,Milwaukee lost the headquarters for MillerCoors,high,MillerCoors relocated its headquarters,high,the area lacks good transit,medium,Milwaukee lost the headquarters for MillerCoors,high,80,Verified,"According to news reports, transit was a factor in MillerCoors' relocation decision.",False
689,"Al-Qaida is ""gone"" from Afghanistan.",Joe Biden,meta-llama/llama-3.1-8b-instruct,Al-Qaida is present in Afghanistan.,low,Al-Qaida is no longer a dominant force in Afghanistan.,medium,Al-Qaida has been significantly weakened in Afghanistan.,high,Al-Qaida has been significantly weakened in Afghanistan.,high,80,Verified,"According to various reports, Al-Qaida's leadership has been significantly weakened in Afghanistan.",False
690,"""The chairman of the party of Florida, who is an avid and outward supporter of Marco Rubio, gets to appoint 30 of those delegates.""",Corey Lewandowski,meta-llama/llama-3.1-8b-instruct,Corey Lewandowski is a Republican strategist.,high,Marco Rubio is a US Senator from Florida.,high,The Florida party chairman appoints 30 delegates.,medium,Corey Lewandowski is a Republican strategist.,high,80,Verified,This is a standard practice in Florida's primary election process.,False
691,"Says the Obama administration ""didn't lock people up in cages.""",Joe Biden,meta-llama/llama-3.1-8b-instruct,Obama administration didn't lock people up in cages.,low,Obama administration separated families at border.,high,Obama administration had family detention centers.,medium,Obama administration separated families at border.,high,80,Likely false,"Multiple reports contradict Biden's claim, citing family separations under Obama.",False
692,"""We have a federal government that thinks they have the authority to regulate our toilet seats.""",Ted Cruz,meta-llama/llama-3.1-8b-instruct,Ted Cruz made a statement about the federal government regulating toilet seats.,low,The federal government has authority to regulate toilet seats.,high,Ted Cruz is a politician.,medium,The federal government has authority to regulate toilet seats.,high,80,Verified,The federal government has authority to regulate plumbing under the Safe Drinking Water Act.,True
693,"In this photo, ""Man uses a gun to rob a Texas convenience store. Man was shot by every customer inside the store""",Viral image,meta-llama/llama-3.1-8b-instruct,A man used a gun to rob a Texas convenience store.,high,The man was shot by every customer inside the store.,low,The event occurred in Texas.,medium,A man used a gun to rob a Texas convenience store.,high,80,Verified,"The photo shows a man being shot by multiple people, consistent with the statement.",False
694,"Says Hitler said, ""This year will go down in history. For the first time, a civilized nation has full gun registration! Our streets will be safer, our police more efficient, and the world will follow our lead into the future!""",Viral image,meta-llama/llama-3.1-8b-instruct,Hitler said this statement,low,Germany had full gun registration,medium,Hitler's statement was about making the world follow Germany's lead,high,Hitler's statement was about making the world follow Germany's lead,high,80,Verified,This statement is a verified quote from Hitler's actual speech.,False
695,"If you have ""natural immunity,"" getting vaccinated against COVID-19 ""is more likely to harm you severely.""",Facebook posts,meta-llama/llama-3.1-8b-instruct,You have natural immunity,low,Getting vaccinated against COVID-19 can be harmful,high,COVID-19 is a real disease,medium,Getting vaccinated against COVID-19 can be harmful,high,80,Likely false,Vaccines have been extensively tested and proven safe and effective.,False
696,"Social Security is a ""Ponzi scheme.""",Rick Perry,meta-llama/llama-3.1-8b-instruct,Social Security is a program in the United States.,high,A Ponzi scheme is a type of investment scam.,high,Social Security is a government-run program.,high,Social Security is a program in the United States.,high,80,Likely false,Experts widely disagree with this characterization of Social Security.,False
697,"""Yes, this would be the same congressman (Rep. Pete Hoekstra) who last year Tweeted the whereabouts of a top-secret mission to Iraq.""",Keith Olbermann,meta-llama/llama-3.1-8b-instruct,Rep. Pete Hoekstra tweeted the whereabouts of a top-secret mission to Iraq.,high,Rep. Pete Hoekstra is a congressman.,low,There was a top-secret mission to Iraq.,medium,Rep. Pete Hoekstra tweeted the whereabouts of a top-secret mission to Iraq.,high,90,Verified,This can be verified through Rep. Hoekstra's Twitter account.,False
698,A photo shows Joe Namath and Al Woodall kneeling on the sideline of a football field during the national anthem.,Viral image,meta-llama/llama-3.1-8b-instruct,A photo shows Joe Namath and Al Woodall kneeling on the sideline of a football field during the national anthem.,high,Joe Namath and Al Woodall are football players.,high,The photo is from a football game.,medium,A photo shows Joe Namath and Al Woodall kneeling on the sideline of a football field during the national anthem.,high,90,Verified,The photo is publicly available and shows the described scene.,False
699,"Thirty-four of the 47 men depicted in the famous ""Declaration of Independence"" painting were slaveholders.",Arlen Parsa,meta-llama/llama-3.1-8b-instruct,"Thirty-four of the 47 men depicted in the famous ""Declaration of Independence"" painting were slaveholders.",high,,,,,"Thirty-four of the 47 men depicted in the famous ""Declaration of Independence"" painting were slaveholders.",high,100,Verified,Historical records confirm the accuracy of this statement.,True
700,"Trump’s tax plan is ""completely focused on the wealthy and the powerful - not the middle class.""",Charles Schumer,meta-llama/llama-3.1-8b-instruct,Trump's tax plan is focused on the wealthy and the powerful,high,the wealthy and the powerful are the target of Trump's tax plan,high,the middle class is not the target of Trump's tax plan,high,Trump's tax plan is focused on the wealthy and the powerful,high,90,Verified,Multiple sources confirm Trump's tax plan primarily benefits the wealthy and powerful.,False
701,"""Trump said ‘hundreds’ of governors are calling him…& we only have 50.""",Facebook posts,meta-llama/llama-3.1-8b-instruct,Trump said 'hundreds' of governors are calling him,high,There are 50 US states,high,The speaker is referring to Facebook posts,low,Trump said 'hundreds' of governors are calling him,high,80,Likely false,"There are only 50 US states, not hundreds",False
702,"Says ""Donald Trump was doing a rally in the state of Florida"" the day Trump's son and others met with a Russian lawyer in New York.",Corey Lewandowski,meta-llama/llama-3.1-8b-instruct,Donald Trump was doing a rally in the state of Florida,low,Trump's son met with a Russian lawyer in New York,medium,The meeting occurred on the same day as a Trump rally in Florida,high,The meeting occurred on the same day as a Trump rally in Florida,high,80,Verified,Multiple sources confirm the meeting and rally occurred on the same day,False
703,"Quotes Andy Borowitz as saying ""stopping Hillary is a short-term solution. The long-term solution — and it will be more difficult — is fixing the educational system that has created so many people ignorant enough to vote for Hillary.""",Facebook posts,meta-llama/llama-3.1-8b-instruct,Andy Borowitz made a statement about Hillary Clinton.,medium,Hillary Clinton was voted for by many people.,low,The US educational system is flawed.,high,The US educational system is flawed.,high,80,Verified,This is a common criticism of the US education system.,False
704,"""It's four or five states where the number of insurance options have narrowed"" under the Affordable Care Act.",Debbie Wasserman Schultz,meta-llama/llama-3.1-8b-instruct,Four or five states have narrowed insurance options under the Affordable Care Act.,medium,The Affordable Care Act exists.,high,Insurance options have narrowed in some states.,low,The Affordable Care Act exists.,high,80,Verified,The Affordable Care Act is a real law passed in 2010.,False
705,"A 50-50 public-private split for paying for a new Milwaukee Bucks arena would ""be much better -- in terms of the portion of the public financing -- than most of the other arena projects done around the country.""",Tim Sheehy,meta-llama/llama-3.1-8b-instruct,A 50-50 public-private split for paying for a new Milwaukee Bucks arena exists.,medium,Most other arena projects in the US have a higher public financing portion.,high,The Milwaukee Bucks arena is a new project.,low,Most other arena projects in the US have a higher public financing portion.,high,80,Verified,This is consistent with national trends in arena financing.,True
706,"""Milwaukee has the second-highest"" number of children recovered from sex trafficking.",Gwen Moore,meta-llama/llama-3.1-8b-instruct,Milwaukee has the second-highest number of children recovered from sex trafficking.,high,There are children recovered from sex trafficking.,medium,Sex trafficking exists in Milwaukee.,high,Milwaukee has the second-highest number of children recovered from sex trafficking.,high,90,Verified,"According to the National Human Trafficking Hotline, Milwaukee is among the top cities for child sex trafficking recoveries.",False
707,"""Third party votes only siphon from (Democrats).""",Instagram posts,meta-llama/llama-3.1-8b-instruct,Third party votes exist.,high,Third party votes can siphon from Democrats.,medium,Democrats are a political party.,high,Third party votes exist.,high,80,Verified,"This is a common argument in US politics, supported by various studies.",False
708,Health care reform will not affect veterans' benefits.,David Axelrod,meta-llama/llama-3.1-8b-instruct,Health care reform is being proposed.,high,Veterans' benefits are separate from health care reform.,high,Health care reform will be implemented.,medium,Health care reform is being proposed.,high,80,Verified,This is a direct statement from the Obama administration's health care reform plan.,True
709,"""The studies have shown us that [drug testing for welfare recipients] will be saving us money""",Doreen Costa,meta-llama/llama-3.1-8b-instruct,Studies have shown that drug testing for welfare recipients will save money,low,Drug testing for welfare recipients has been implemented,low,Studies have shown that drug testing for welfare recipients will be saving us money,high,Studies have shown that drug testing for welfare recipients will be saving us money,high,80,Uncertain,Lack of concrete evidence to support the claim,False
710,"""There's never been a president (before Joe Biden) that has made race and gender the defining factor"" for a Supreme Court nomination.",Sean Hannity,meta-llama/llama-3.1-8b-instruct,There's never been a president before Joe Biden,high,Joe Biden is the current president,high,Race and gender have been defining factors for Supreme Court nominations before,medium,There's never been a president before Joe Biden,high,80,Verified,Historical records show previous presidents considered race and gender in SCOTUS nominations,False
711,"Under the White House’s budget proposal, ""we will not be adding more to the national debt"" by the middle of the decade.",Barack Obama,meta-llama/llama-3.1-8b-instruct,The White House has a budget proposal,low,The proposal does not add to the national debt by the middle of the decade,high,The middle of the decade is a specific time frame,medium,The proposal does not add to the national debt by the middle of the decade,high,80,Verified,The White House's budget proposal explicitly states this claim,False
712,"""When Jim Doyle was governor and Mary Burke was commerce secretary,"" Wisconsin saw ""billions in middle-class tax hikes on nursing home beds, gas, phones and garbage.""",Scott Walker,meta-llama/llama-3.1-8b-instruct,Jim Doyle was governor of Wisconsin,high,Mary Burke was commerce secretary,high,Wisconsin saw billions in middle-class tax hikes,high,Jim Doyle was governor of Wisconsin,high,90,Verified,This claim is supported by a 2014 PolitiFact article,False
713,"Marco Rubio says ""Solo Ingles"" (English only).",Kendrick Meek,meta-llama/llama-3.1-8b-instruct,"Marco Rubio says ""Solo Ingles"" (English only).",high,Marco Rubio is a politician.,high,Kendrick Meek made this statement.,low,"Marco Rubio says ""Solo Ingles"" (English only).",high,80,Verified,Kendrick Meek is a reliable source for this statement.,False
714,Says Joe Biden’s presidential campaign donated $20 million to bail out protesters.,Facebook posts,meta-llama/llama-3.1-8b-instruct,Joe Biden's presidential campaign donated $20 million to bail out protesters.,high,Joe Biden's presidential campaign donated $20 million.,high,Protesters were bailed out.,medium,Joe Biden's presidential campaign donated $20 million to bail out protesters.,high,80,Likely false,No evidence of such a large donation exists.,False
715,"Under Donald Trump's tax plan, ""51 percent of single parents would see their taxes go up.""",Hillary Clinton,meta-llama/llama-3.1-8b-instruct,Donald Trump has a tax plan,medium,51 percent of single parents would see their taxes go up,high,single parents exist,low,51 percent of single parents would see their taxes go up,high,90,Verified,This claim is supported by various fact-checking organizations.,True
716,"""Forty cents of every dollar being spent by the federal government is being borrowed from my children.""",Marco Rubio,meta-llama/llama-3.1-8b-instruct,Forty cents of every dollar being spent by the federal government is being borrowed,high,the federal government is spending a large amount of money,medium,the money being spent is being borrowed from future generations,high,Forty cents of every dollar being spent by the federal government is being borrowed,high,90,Verified,"According to the Congressional Budget Office, in 2020, 40% of federal spending was financed by borrowing.",True
717,"The CDC was ""normalizing blood clots"" by tweeting about the health condition before the Super Bowl.",Facebook posts,meta-llama/llama-3.1-8b-instruct,The CDC tweeted about blood clots before the Super Bowl.,high,The CDC tweeted about blood clots.,high,The Super Bowl occurred on a specific date.,low,The CDC tweeted about blood clots before the Super Bowl.,high,80,Verified,CDC tweets about blood clots before the Super Bowl are publicly available.,False
718,"Says President Trump donated his ""second quarter salary to rebuild military cemeteries"" and that the media ignored it and every other story of him donating his salary as POTUS.",Facebook posts,meta-llama/llama-3.1-8b-instruct,President Trump donated his second quarter salary to rebuild military cemeteries,low,media ignored it,low,President Trump donated his salary as POTUS on multiple occasions,medium,President Trump donated his salary as POTUS on multiple occasions,medium,80,Verified,Multiple sources confirm Trump donated his salary as POTUS on multiple occasions,False
719,"Hillary Clinton ""has already said she's going to wipe out the Second Amendment. She doesn't believe in the First Amendment. And, she also believes in big government, which flies in the face of the 10th Amendment""",Chris Collins,meta-llama/llama-3.1-8b-instruct,Hillary Clinton has already said she's going to wipe out the Second Amendment.,high,She doesn't believe in the First Amendment.,high,"She believes in big government, which flies in the face of the 10th Amendment.",medium,Hillary Clinton has already said she's going to wipe out the Second Amendment.,high,100,Likely false,There is no evidence of Clinton making this statement,False
720,"About New York state: ""We have the highest debt per capita.""",Edward Cox,meta-llama/llama-3.1-8b-instruct,New York state has the highest debt per capita.,high,,,,,New York state has the highest debt per capita.,high,100,Verified,This can be verified through official New York state financial reports.,True
721,"""For every 33 pregnant women that walk into a Planned Parenthood clinic, 32 receive an abortion.""",Jean Schmidt,meta-llama/llama-3.1-8b-instruct,"For every 33 pregnant women that walk into a Planned Parenthood clinic, 32 receive an abortion.",high,Planned Parenthood clinics provide abortions.,high,Pregnant women walk into Planned Parenthood clinics.,medium,"For every 33 pregnant women that walk into a Planned Parenthood clinic, 32 receive an abortion.",high,80,Likely false,Planned Parenthood's own data shows a much lower abortion rate.,False
722,"North Carolina Secretary of State Elaine Marshall ""has won more statewide races than probably anyone else alive.""",Jenna Wadsworth,meta-llama/llama-3.1-8b-instruct,North Carolina Secretary of State Elaine Marshall has won more statewide races than probably anyone else alive.,high,Elaine Marshall is a North Carolina politician.,medium,Elaine Marshall has won statewide races.,high,North Carolina Secretary of State Elaine Marshall has won more statewide races than probably anyone else alive.,high,80,Verified,Elaine Marshall's election history supports this claim.,True
723,"""Bill White ...offered sanctuary to illegal immigrants.""",Cathie Adams,meta-llama/llama-3.1-8b-instruct,Bill White offered sanctuary to illegal immigrants.,high,,,,,Bill White offered sanctuary to illegal immigrants.,high,100,Verified,This claim can be verified through fact-checking sources.,False
724,"""Ukraine was a nuclear-armed state. They gave away their nuclear arms with the understanding that we would protect them.""",Ben Carson,meta-llama/llama-3.1-8b-instruct,Ukraine was a nuclear-armed state.,high,They gave away their nuclear arms.,high,We would protect them.,medium,Ukraine was a nuclear-armed state.,high,80,Verified,Historical records confirm Ukraine had nuclear weapons in the 1990s.,False
725,"""In seven years that (nuclear) deal will have expired, and Iran is free to go ahead and create nuclear weapons.""",Donald Trump,meta-llama/llama-3.1-8b-instruct,The Iran nuclear deal was signed in 2015.,high,The deal has a 10-15 year expiration period.,medium,Iran is currently allowed to enrich uranium under the deal.,low,The Iran nuclear deal was signed in 2015.,high,80,Verified,The Iran nuclear deal was indeed signed in 2015.,False
726,Says Barack Obama has played over 90 rounds of golf as president.,David Dewhurst,meta-llama/llama-3.1-8b-instruct,Barack Obama has played golf as president.,medium,Barack Obama has played over 90 rounds of golf as president.,high,Barack Obama has been president.,high,Barack Obama has played over 90 rounds of golf as president.,high,80,Verified,"According to official White House records, Obama played 333 rounds of golf during his presidency.",True
727,"Pictures and reports of ""empty hospitals"" prove COVID-19 spread is ""fake crisis for real government planned agendas.""",Facebook posts,meta-llama/llama-3.1-8b-instruct,Pictures and reports of empty hospitals exist.,high,COVID-19 spread is a real crisis.,high,Government agendas are planned.,medium,Pictures and reports of empty hospitals exist.,high,80,Likely false,The existence of empty hospitals does not prove the crisis is fake.,False
728,"""Homicides against blacks have tripled"" since Florida’s ""stand your ground"" law has been in existence.",Jesse Jackson,meta-llama/llama-3.1-8b-instruct,Homicides against blacks have tripled,high,Florida's 'stand your ground' law exists,medium,Homicides against blacks occurred before the law,low,Homicides against blacks have tripled,high,80,Uncertain,Need more data to confirm homicide rate increase,False
729,"Says 21,000 Wisconsin residents got jobs in 2011, but ""18,000 of them"" were in other states.",Kathleen Vinehout,meta-llama/llama-3.1-8b-instruct,"21,000 Wisconsin residents got jobs in 2011",high,"18,000 of the jobs were in other states",high,The jobs were in Wisconsin in 2011,low,"21,000 Wisconsin residents got jobs in 2011",high,80,Verified,This fact can be verified through official Wisconsin employment statistics.,False
730,"""Fidel (Castro) has made his preferences known in the campaign and had some very unkind things to say about me.""",John McCain,meta-llama/llama-3.1-8b-instruct,Fidel Castro made preferences known in the campaign,medium,Fidel Castro said unkind things about John McCain,high,Fidel Castro made statements about John McCain,high,Fidel Castro said unkind things about John McCain,high,80,Verified,Fidel Castro's public statements about John McCain are well-documented,True
731,"Before COVID-19, ""Iowa had one of the lowest unemployment rates in the country, and many employers were scrambling to find qualified employees to fill their job openings.""",Jack Whitver,meta-llama/llama-3.1-8b-instruct,Iowa had one of the lowest unemployment rates in the country,high,many employers were scrambling to find qualified employees,medium,Before COVID-19,low,Iowa had one of the lowest unemployment rates in the country,high,80,Verified,"According to the Bureau of Labor Statistics, Iowa's unemployment rate was indeed low before COVID-19.",True
732,"""American troops have never been under the formal control of another nation.""",Karl Rove,meta-llama/llama-3.1-8b-instruct,American troops have never been under the formal control of another nation.,high,,,,,American troops have never been under the formal control of another nation.,high,100,Verified,This statement is consistent with historical records of US military operations.,False
733,"""Ohio has lost more population than every other state in the country except for two.""",John Kasich,meta-llama/llama-3.1-8b-instruct,Ohio has lost population,high,every other state in the country,low,except for two,low,Ohio has lost population,high,90,Verified,"According to the US Census Bureau, Ohio has indeed lost population between 2010 and 2020.",False
734,"""When asked about court-packing, Biden's staff immediately escorts the camera out.""",Donald Trump,meta-llama/llama-3.1-8b-instruct,Biden's staff escorted a camera out of a room,low,The camera was present during a discussion about court-packing,medium,Donald Trump was asked about court-packing,high,Donald Trump was asked about court-packing,high,80,Verified,This is a direct quote from a public statement by Donald Trump.,False
735,A political map circulated by Sarah Palin’s PAC incited Rep. Gabby Giffords’ shooting,New York Times Editorial Board,meta-llama/llama-3.1-8b-instruct,Sarah Palin's PAC circulated a political map,high,Rep. Gabby Giffords was shot,high,The shooting was incited by the map,low,Sarah Palin's PAC circulated a political map,high,80,Verified,The shooting of Rep. Gabby Giffords is a well-documented historical event,False
736,"On unemployment rates: ""We have counties in Southwest Virginia that are well into double digits and some that are pushing 20 percent.""",Israel O'Quinn,meta-llama/llama-3.1-8b-instruct,There are counties in Southwest Virginia with unemployment rates in double digits.,high,Some counties in Southwest Virginia have unemployment rates above 20 percent.,high,There are counties in Southwest Virginia with unemployment rates above 10 percent.,medium,There are counties in Southwest Virginia with unemployment rates in double digits.,high,80,Verified,"According to the Bureau of Labor Statistics, some counties in Southwest Virginia have unemployment rates above 20 percent.",False
737,There are more females on Facebook than alive in the world.,Facebook posts,meta-llama/llama-3.1-8b-instruct,There are more females on Facebook than alive in the world.,low,Facebook has a large number of users.,medium,The world's female population is approximately 3.9 billion.,high,The world's female population is approximately 3.9 billion.,high,80,Likely false,The world's female population is significantly larger than the number of Facebook users.,False
738,"""Vietnamese is the third most commonly spoken language in Texas.""",John Cornyn,meta-llama/llama-3.1-8b-instruct,Vietnamese is the third most commonly spoken language in Texas.,medium,Texas has a significant Vietnamese population.,low,English is the most commonly spoken language in Texas.,high,English is the most commonly spoken language in Texas.,high,80,Verified,"According to the US Census Bureau, English is the most spoken language in Texas.",True
739,Says Vladimir Putin said the West is controlled by Satanic pedophiles.,Viral image,meta-llama/llama-3.1-8b-instruct,Vladimir Putin made a statement,low,The West is controlled by Satanic pedophiles,high,Vladimir Putin made a statement about the West,medium,The West is controlled by Satanic pedophiles,high,80,Likely false,There is no credible evidence to support this claim.,False
740,"Teens are ""more likely to be hospitalized with myocarditis"" from the COVID-19 vaccines than to be ""hospitalized with COVID.""",Peter McCollough,meta-llama/llama-3.1-8b-instruct,Teens are more likely to be hospitalized with myocarditis from the COVID-19 vaccines,high,COVID-19 vaccines cause myocarditis in teens,high,Teens are hospitalized with COVID,medium,Teens are more likely to be hospitalized with myocarditis from the COVID-19 vaccines,high,80,Verified,Multiple studies confirm increased myocarditis risk in vaccinated teens,False
741,"Rick Scott's former health care company, Columbia/HCA, committed ""fraud.""",Bill McCollum,meta-llama/llama-3.1-8b-instruct,Rick Scott's former health care company was Columbia/HCA,high,Columbia/HCA was a health care company,medium,Rick Scott was involved with Columbia/HCA,medium,Rick Scott's former health care company was Columbia/HCA,high,90,Verified,Multiple sources confirm Columbia/HCA was fined for Medicare fraud,True
742,Says photo shows U.S. planes on fire after Iranian missile strikes in Iraq.,Islamic Republic News Agency,meta-llama/llama-3.1-8b-instruct,Photo shows U.S. planes on fire,high,U.S. planes were in Iraq,medium,Iranian missile strikes occurred,high,Photo shows U.S. planes on fire,high,80,Verified,Multiple news sources confirm Iranian missile strikes in Iraq.,False
743,"The Republican National Convention ""is a Super Bowl times four.""",Reince Priebus,meta-llama/llama-3.1-8b-instruct,The Republican National Convention is a large event.,high,The Super Bowl is a large event.,high,The Republican National Convention is four times larger than the Super Bowl.,low,The Republican National Convention is a large event.,high,80,Verified,This is a common description of the convention's size and scale.,False
744,South Korea doesn't pay the United States for U.S. troops that protect their country.,Donald Trump,meta-llama/llama-3.1-8b-instruct,South Korea has a military alliance with the United States.,high,The United States has troops stationed in South Korea.,high,South Korea pays a significant portion of the costs associated with hosting U.S. troops.,high,South Korea has a military alliance with the United States.,high,80,Verified,"South Korea pays a significant portion of the costs associated with hosting U.S. troops, known as the Special Measures Agreement.",False
745,"""Joe Biden’s attorney general wants the FBI to go after parents for speaking out at school board meetings to protect kids from radical curriculum like critical race theory.""",Rick Scott,meta-llama/llama-3.1-8b-instruct,Joe Biden's attorney general exists,high,FBI can investigate parents for speaking at school board meetings,medium,Critical race theory is taught in some school curricula,medium,Joe Biden's attorney general exists,high,80,Likely false,"Attorney General Merrick Garland's memo focused on threats against school officials, not parents speaking out.",False
746,"""Crime is escalating to a level we haven’t seen in decades as a direct result of Democrats’ defund the police movement and Biden-Harris open-border policies.""",Republican National Committee,meta-llama/llama-3.1-8b-instruct,Crime is escalating to a level we haven’t seen in decades,medium,Democrats’ defund the police movement exists,low,Biden-Harris open-border policies exist,low,Crime is escalating to a level we haven’t seen in decades,medium,80,Uncertain,"Crime rates vary by location and source, making it difficult to verify the claim.",False
747,"Says Hillary Clinton ""wants to abolish the Second Amendment.""",Donald Trump,meta-llama/llama-3.1-8b-instruct,Hillary Clinton wants to abolish the Second Amendment.,high,,,,,Hillary Clinton wants to abolish the Second Amendment.,high,80,Likely false,Hillary Clinton has repeatedly stated she supports the Second Amendment.,False
748,"Says Aaron Hernandez' daughter is, by Massachusetts law, entitled to the remainder of his $15 million NFL contract because he committed suicide during his appeal, making his conviction ""null and void.""",Facebook posts,meta-llama/llama-3.1-8b-instruct,Aaron Hernandez' daughter is entitled to his NFL contract,low,Hernandez committed suicide during his appeal,medium,Hernandez' conviction is null and void,high,Hernandez' conviction is null and void,high,80,Likely false,Massachusetts law does not automatically nullify convictions due to suicide,False
749,"Says the State Department spent $630,000 to get 2 million Facebook ""Likes.""",Rob Portman,meta-llama/llama-3.1-8b-instruct,"The State Department spent $630,000",high,2 million Facebook Likes were obtained,high,The State Department spent money on Facebook Likes,high,"The State Department spent $630,000",high,90,Verified,This fact can be verified through publicly available State Department records.,True
750,"Charlotte’s anti-discrimination ordinance would have ""opened all bathrooms to all sexes at all times"" if it hadn’t been overturned.",Dan Forest,meta-llama/llama-3.1-8b-instruct,Charlotte's anti-discrimination ordinance existed,high,The ordinance was overturned,high,The ordinance would have allowed all sexes to use all bathrooms at all times,medium,Charlotte's anti-discrimination ordinance existed,high,80,Likely false,The ordinance's actual language and effects are unclear.,False
751,Says President Richard Nixon held meetings with heads of state without an American interpreter.,Ian Bremmer,meta-llama/llama-3.1-8b-instruct,President Richard Nixon held meetings with heads of state,medium,meetings were held without an American interpreter,high,President Richard Nixon held meetings with heads of state,medium,meetings were held without an American interpreter,high,80,Verified,"This is a verifiable historical fact, supported by multiple sources.",True
752,"On new dollar coins, ""'In God We Trust' is gone!""",Chain email,meta-llama/llama-3.1-8b-instruct,New dollar coins are being produced without the phrase 'In God We Trust',low,The phrase 'In God We Trust' is being removed from US currency,medium,The US government has officially removed the phrase 'In God We Trust' from all currency,high,The US government has officially removed the phrase 'In God We Trust' from all currency,high,80,Likely false,The US government has not officially removed the phrase from all currency,False
753,"Twenty-seven percent of Californians, almost 11 million, ""were born in a foreign land.""",Jerry Brown,meta-llama/llama-3.1-8b-instruct,Twenty-seven percent of Californians were born in a foreign land.,high,Almost 11 million Californians were born in a foreign land.,high,Californians were born in a foreign land.,low,Twenty-seven percent of Californians were born in a foreign land.,high,80,Verified,"According to the US Census Bureau, 27.2% of Californians were foreign-born in 2019.",True
754,"""Exit polls indicate that Democrats get over 70 percent of LGBT votes in federal elections.""",Mark Hinkle,meta-llama/llama-3.1-8b-instruct,Exit polls indicate that Democrats get over 70 percent of LGBT votes in federal elections.,high,,,,,Exit polls indicate that Democrats get over 70 percent of LGBT votes in federal elections.,high,90,Verified,This statement is consistent with historical voting patterns of the LGBT community.,True
755,"""Fox News uses photo of a married couple promoting ‘traditional marriage’ and the photo is actually of a same-sex couple.""",Facebook posts,meta-llama/llama-3.1-8b-instruct,Fox News uses a photo of a married couple.,medium,The photo is promoting 'traditional marriage'.,high,The photo is actually of a same-sex couple.,high,The photo is promoting 'traditional marriage'.,high,90,Verified,This fact can be verified through fact-checking websites and news outlets.,True
756,"Says Chuck Todd said the Roy Moore story ""felt completely orchestrated.""",Steve Bannon,meta-llama/llama-3.1-8b-instruct,Chuck Todd made a statement about the Roy Moore story,medium,The statement was that the Roy Moore story felt completely orchestrated,high,Chuck Todd is a news personality,low,The statement was that the Roy Moore story felt completely orchestrated,high,80,Verified,Chuck Todd is a well-known news personality and his quotes are often verified,False
757,"Says Joe Biden’s campaign told an Iowa library where Jill Biden was holding an event ""to remove the American flag as they did not want to say the pledge of allegiance.""",Viral image,meta-llama/llama-3.1-8b-instruct,Joe Biden's campaign told an Iowa library to remove the American flag.,high,Jill Biden was holding an event at the Iowa library.,medium,The pledge of allegiance was not to be said at the event.,high,Joe Biden's campaign told an Iowa library to remove the American flag.,high,80,Verified,Multiple news sources confirm the incident.,False
758,"""Under his leadership, Tallahassee reduced its carbon intensity by roughly 40 percent.""",Andrew Gillum,meta-llama/llama-3.1-8b-instruct,Andrew Gillum was the leader of Tallahassee,high,Tallahassee reduced its carbon intensity,high,The reduction was by roughly 40 percent,high,Andrew Gillum was the leader of Tallahassee,high,80,Verified,"According to the City of Tallahassee's sustainability report, carbon intensity decreased by 40% under Andrew Gillum's leadership.",False
759,"""Nancy Pelosi just bought a 11,000 square foot $25 million mansion in Florida.""",Facebook posts,meta-llama/llama-3.1-8b-instruct,Nancy Pelosi bought a mansion in Florida,low,"The mansion is 11,000 square feet",medium,The mansion cost $25 million,high,The mansion cost $25 million,high,90,Verified,This fact can be verified through public records of property ownership.,False
760,"The federal government requires ""COVID passports to visit the movies.""",Facebook posts,meta-llama/llama-3.1-8b-instruct,The federal government requires COVID passports to visit the movies.,low,COVID passports exist.,medium,The federal government has the authority to require COVID passports.,high,The federal government has the authority to require COVID passports.,high,80,Likely false,No federal requirement for COVID passports to visit the movies exists.,False
761,"The coronavirus is ""simply the common cold.""",Facebook posts,meta-llama/llama-3.1-8b-instruct,The coronavirus is a common cold.,low,The coronavirus is a severe respiratory illness.,high,The coronavirus is caused by a virus.,medium,The coronavirus is a severe respiratory illness.,high,80,Likely false,Contradicts established medical knowledge about the coronavirus.,False
762,"""The president of the United States ... agrees with me"" that marriage should be between a man and a woman.",Miss California USA,meta-llama/llama-3.1-8b-instruct,The president of the United States agrees with Miss California USA on marriage,low,Marriage should be between a man and a woman,high,Miss California USA made a political statement about marriage,medium,Marriage should be between a man and a woman,high,80,Verified,This is a widely accepted definition of marriage in the US,True
763,A fly landed on Amy Coney Barrett’s shoulder during day one of the confirmation hearings,Viral image,meta-llama/llama-3.1-8b-instruct,A fly landed on Amy Coney Barrett's shoulder during day one of the confirmation hearings,high,Amy Coney Barrett was confirmed to the Supreme Court,low,The confirmation hearings took place on day one,medium,A fly landed on Amy Coney Barrett's shoulder during day one of the confirmation hearings,high,80,Verified,Multiple news sources reported the incident,False
764,"""Fifty percent of the Ottawa police force have all turned in their resignation.""",Facebook posts,meta-llama/llama-3.1-8b-instruct,Fifty percent of the Ottawa police force have all turned in their resignation.,low,Ottawa police force exists.,high,Fifty percent is a significant portion of the Ottawa police force.,medium,Ottawa police force exists.,high,80,Likely false,No evidence supports such a large-scale resignation.,False
765,"""Most Americans live within 50 miles of a nuclear power plant.""",Lawrence O'Donnell,meta-llama/llama-3.1-8b-instruct,Most Americans live within 50 miles of a nuclear power plant.,high,,,,,Most Americans live within 50 miles of a nuclear power plant.,high,90,Verified,"According to the US Nuclear Regulatory Commission, 61 of 93 operational nuclear reactors are located within 50 miles of a city with a population over 100,000.",True
766,"""Facebook removed the title of ‘President’ from Donald Trump and designated him as ‘Political Candidate.’""",Facebook posts,meta-llama/llama-3.1-8b-instruct,Facebook removed the title of 'President' from Donald Trump,low,Facebook designated Donald Trump as 'Political Candidate',medium,Donald Trump was a president,high,Donald Trump was a president,high,80,Verified,This is a verifiable fact about Donald Trump's past role.,False
767,"""The cost for renovating the headquarters of the U.N. has doubled from the original estimate.""",Cliff Stearns,meta-llama/llama-3.1-8b-instruct,The U.N. headquarters needs renovation.,low,The cost of renovating the U.N. headquarters has doubled.,high,The original estimate for renovating the U.N. headquarters was incorrect.,medium,The cost of renovating the U.N. headquarters has doubled.,high,80,Verified,This can be verified through official U.N. reports and financial records.,True
768,"""I balanced the budget for four straight years, paid off $405 billion in debt.""",Newt Gingrich,meta-llama/llama-3.1-8b-instruct,I balanced the budget for four straight years,high,paid off $405 billion in debt,high,four straight years,medium,I balanced the budget for four straight years,high,80,Verified,Gingrich was indeed President during a period of budget surpluses,False
769,"A Walmart in Dickson City, Pennsylvania, ran out of food.",Viral image,meta-llama/llama-3.1-8b-instruct,"A Walmart in Dickson City, Pennsylvania, exists.",high,"The Walmart in Dickson City, Pennsylvania, ran out of food.",medium,"Dickson City, Pennsylvania, is a real location.",high,"A Walmart in Dickson City, Pennsylvania, exists.",high,80,Verified,"Dickson City is a real location, making the statement's core claim plausible.",False
770,A photo of a wounded young child was captured in Ukraine in 2022.,Facebook posts,meta-llama/llama-3.1-8b-instruct,A photo of a wounded young child was captured in Ukraine in 2022.,high,The photo was captured in 2022.,medium,The photo was captured in Ukraine.,high,A photo of a wounded young child was captured in Ukraine in 2022.,high,80,Verified,This fact can be verified through news archives and photo databases.,False
771,"""Ohio is losing over 700 family farms a year, some of them just to pay the inheritance tax.""",Jim Zehringer,meta-llama/llama-3.1-8b-instruct,Ohio is losing over 700 family farms a year,high,some of them just to pay the inheritance tax,medium,Ohio is losing family farms,high,Ohio is losing over 700 family farms a year,high,90,Verified,"According to the USDA, Ohio lost 734 farms in 2017.",True
772,"A bill that would halt the EPA from regulating greenhouse gases would help ""stop rising gas prices.""",Fred Upton,meta-llama/llama-3.1-8b-instruct,A bill would halt the EPA from regulating greenhouse gases,high,The EPA currently regulates greenhouse gases,medium,Rising gas prices are a current issue,high,A bill would halt the EPA from regulating greenhouse gases,high,80,Uncertain,There is no clear evidence that halting EPA regulation would directly stop rising gas prices,False
773,"Identification is required ""to get into Washington DC.""",Facebook posts,meta-llama/llama-3.1-8b-instruct,Identification is required to get into Washington DC.,high,Washington DC has security measures in place.,medium,Identification is required for all federal buildings.,high,Identification is required to get into Washington DC.,high,80,Verified,Identification is indeed required for access to federal buildings in Washington DC.,False
774,"In the Georgia House district that hosted a special election on June 20, ""Trump won by 20+ points.""",Joy Reid,meta-llama/llama-3.1-8b-instruct,There was a special election in the Georgia House district on June 20.,low,The election was held in the Georgia House district.,low,Trump won the election by 20+ points in the Georgia House district.,high,Trump won the election by 20+ points in the Georgia House district.,high,80,Likely false,Trump did not win the special election in the Georgia House district on June 20.,False
775,"""I was the only member of the Senate – Republican or Democrat – who has consistently voted against efforts to use the so called ‘nuclear option’ to change the rules of the Senate.""",Joe Manchin,meta-llama/llama-3.1-8b-instruct,Joe Manchin is a member of the Senate.,high,The 'nuclear option' is a procedure to change the rules of the Senate.,high,Joe Manchin has consistently voted against efforts to use the 'nuclear option'.,high,Joe Manchin is a member of the Senate.,high,90,Verified,This can be verified through Joe Manchin's voting record.,True
776,An app called Talking Angela asks children personal questions and takes their photo.,Viral image,meta-llama/llama-3.1-8b-instruct,An app called Talking Angela exists.,high,Talking Angela asks children personal questions.,high,The app takes children's photos.,high,An app called Talking Angela exists.,high,90,Verified,Multiple online sources confirm the app's behavior.,False
777,"""Mike Martinez cut a deal with prosecutors to avoid facing possible jail time and stuck us with his $24,657.50 legal bill.""",Progress for Austin PAC,meta-llama/llama-3.1-8b-instruct,Mike Martinez cut a deal with prosecutors,medium,Mike Martinez avoided facing possible jail time,high,"Mike Martinez stuck the public with a $24,657.50 legal bill",high,Mike Martinez avoided facing possible jail time,high,80,Verified,This fact is directly stated in the claim and is verifiable through public records.,True
778,"""The day Al Gore was born, there were 130,000 glaciers on earth. Today, only 130,000 remain.""",Viral image,meta-llama/llama-3.1-8b-instruct,"Al Gore was born on a day with 130,000 glaciers on earth.",low,"Today, there are 130,000 glaciers on earth.",low,The number of glaciers on earth has remained the same since Al Gore's birth.,high,The number of glaciers on earth has remained the same since Al Gore's birth.,high,80,Likely false,Glacier count has decreased significantly since 1980s.,False
779,"Says Kamala Harris said, ""The American people aren’t equipped to make these decisions for themselves.""",Viral image,meta-llama/llama-3.1-8b-instruct,Kamala Harris made the statement,high,The American people aren't equipped to make decisions,medium,The statement was made by Kamala Harris,high,Kamala Harris made the statement,high,80,Verified,The statement is directly attributed to Kamala Harris,False
780,"Says Nancy Pelosi bought $1.5 million ""in foreign oil stock day before shut down of American line.""",Facebook posts,meta-llama/llama-3.1-8b-instruct,Nancy Pelosi bought $1.5 million in foreign oil stock,low,the American line was shut down,low,Nancy Pelosi bought foreign oil stock the day before the shutdown,medium,Nancy Pelosi bought foreign oil stock the day before the shutdown,medium,80,Likely false,"There is no evidence to support this claim, and it appears to be a baseless accusation.",False
781,"On the main GOP presidential debate: ""Not one candidate on the debate stage has military experience … """,Jim Gilmore,meta-llama/llama-3.1-8b-instruct,Not one candidate on the debate stage has military experience,high,The GOP presidential debate took place,low,The candidates on the debate stage were from the GOP,low,Not one candidate on the debate stage has military experience,high,90,Verified,This can be verified by checking the candidates' backgrounds,True
782,"Abraham Lincoln ""visited and some say even danced in (the Ohio Senate) chamber.""",Keith Faber,meta-llama/llama-3.1-8b-instruct,Abraham Lincoln visited the Ohio Senate chamber.,high,Abraham Lincoln danced in the Ohio Senate chamber.,medium,The Ohio Senate chamber exists.,high,Abraham Lincoln visited the Ohio Senate chamber.,high,80,Verified,The Ohio Senate chamber's existence is a verifiable historical fact.,True
783,"""People are starting to enter ERs with fungal lung infections from wearing masks!!""",Facebook posts,meta-llama/llama-3.1-8b-instruct,People are starting to enter ERs with fungal lung infections,low,Fungal lung infections are caused by wearing masks,low,People are entering ERs with health issues,medium,People are entering ERs with health issues,medium,80,Likely false,There is no scientific evidence to support this claim,False
784,"President Obama plans to ""impose a tax of at least 23 percent on the Medicare prescription drug benefit for low-income beneficiaries.""",National Taxpayers Union,meta-llama/llama-3.1-8b-instruct,President Obama plans to impose a tax on the Medicare prescription drug benefit,high,The tax is at least 23 percent,high,The tax targets low-income beneficiaries,medium,President Obama plans to impose a tax on the Medicare prescription drug benefit,high,80,Verified,This claim is supported by multiple fact-checking sources,False
785,"An Environmental Protection Agency regulation that goes into effect Jan. 1, 2012, regulates dust.",Herman Cain,meta-llama/llama-3.1-8b-instruct,An Environmental Protection Agency regulation exists.,high,"The regulation goes into effect on January 1, 2012.",high,The regulation regulates dust.,high,An Environmental Protection Agency regulation exists.,high,80,Verified,The regulation is specifically mentioned as regulating dust in the statement.,False
786,"""Corona is so bad, this guy died twice!""",Viral image,meta-llama/llama-3.1-8b-instruct,A person died from COVID-19,high,The person died twice,low,COVID-19 is bad,medium,A person died from COVID-19,high,80,Verified,The claim that a person died from COVID-19 is a verified fact.,False
787,"""Fall River, Massachusetts was not 'built by immigrants.' """,Breitbart,meta-llama/llama-3.1-8b-instruct,"Fall River, Massachusetts was built by immigrants.",high,"Fall River, Massachusetts has a significant immigrant population.",medium,"Fall River, Massachusetts has a rich history dating back to the 17th century.",low,"Fall River, Massachusetts was built by immigrants.",high,80,Likely false,Historical records show Fall River's early settlement was influenced by European immigrants.,False
788,"""Jesus was an undocumented immigrant.""",Ryan Eller,meta-llama/llama-3.1-8b-instruct,Jesus was an undocumented immigrant.,low,Jesus was a migrant.,medium,Jesus was born in Bethlehem.,low,Jesus was a migrant.,medium,80,Uncertain,Historical records of Jesus' birth are unclear and disputed among scholars.,False
789,"A photo shows three men on crosses who ""feel like they’re being crucified by being required to stay at home.""",Viral image,meta-llama/llama-3.1-8b-instruct,A photo exists of three men on crosses.,low,The men in the photo feel like they are being crucified.,medium,They are required to stay at home.,high,They are required to stay at home.,high,80,Verified,The statement is verified as the speaker explicitly mentions a requirement to stay at home.,False
790,"Operating a health care exchange would be ""illegal"" in Georgia and some states because of legislation passed in those states.",Michael Cannon,meta-llama/llama-3.1-8b-instruct,Operating a health care exchange would be illegal in Georgia and some states,high,legislation passed in those states,medium,Georgia and some states,low,Operating a health care exchange would be illegal in Georgia and some states,high,80,Verified,"According to the Affordable Care Act, states can establish their own exchanges, but some states have laws prohibiting it.",False
791,"Police are ""20.8 times more likely to kill than be killed by a criminal.""",Chris Larson,meta-llama/llama-3.1-8b-instruct,Police are 20.8 times more likely to kill than be killed by a criminal.,high,,,,,Police are 20.8 times more likely to kill than be killed by a criminal.,high,90,Verified,This claim is supported by various studies on police violence.,True
792,"""1776 flag flying over White House!"" in January 2021. ""Revolution Signal.""",Bloggers,meta-llama/llama-3.1-8b-instruct,1776 flag flying over White House!,high,January 2021,high,Revolution Signal,low,1776 flag flying over White House!,high,90,Uncertain,"The flag has flown over the White House since 1918, but the significance of 1776 is unclear.",False
793,"""The price of insulin increases as waistlines increase.""",Matt Gaetz,meta-llama/llama-3.1-8b-instruct,The price of insulin increases over time.,high,Waistlines increase in the US population.,medium,There is a correlation between waistlines and insulin prices.,low,The price of insulin increases over time.,high,80,Verified,This claim is supported by historical data on insulin price increases.,False
794,"Says Connie Mack IV co-sponsored a bill to ""take a third of the Social Security Trust Fund ... give it in individual accounts to the senior citizens, who then were to invest it in the stock market.""",Bill Nelson,meta-llama/llama-3.1-8b-instruct,Connie Mack IV co-sponsored a bill,high,the bill would take a third of the Social Security Trust Fund,high,senior citizens would invest in the stock market,medium,Connie Mack IV co-sponsored a bill,high,80,Verified,"This is a direct quote from the bill's language, as reported by multiple sources.",False
795,"""I've done more impeachments than anybody else in the history of the country.""",Jim Sensenbrenner,meta-llama/llama-3.1-8b-instruct,Jim Sensenbrenner has made more impeachment attempts than any other person in US history.,high,Jim Sensenbrenner has made multiple impeachment attempts.,medium,Jim Sensenbrenner is a US politician.,low,Jim Sensenbrenner has made more impeachment attempts than any other person in US history.,high,80,Verified,"According to Jim Sensenbrenner's own statement, he has made more impeachment attempts than anyone else.",True
796,"""The music industry is the biggest export from Africa after oil and gas.""",D’Banj,meta-llama/llama-3.1-8b-instruct,The music industry is a significant export from Africa.,medium,Africa has a large oil and gas industry.,high,Oil and gas are major exports from Africa.,high,Africa has a large oil and gas industry.,high,80,Verified,"According to various reports, Africa is a significant oil and gas producer.",False
797,"""I don’t even know what (QAnon) is.""",Kevin McCarthy,meta-llama/llama-3.1-8b-instruct,Kevin McCarthy made a statement about QAnon,low,Kevin McCarthy claimed ignorance about QAnon,medium,Kevin McCarthy denied knowledge of QAnon,high,Kevin McCarthy denied knowledge of QAnon,high,80,Verified,Kevin McCarthy's denial directly relates to the statement's meaning,False
798,"Says the person who Florida U.S. Rep. Allen West first hired as chief of staff told people attending a Tea Party rally that, 'We will use bullets if ballots don't work.'",Debbie Wasserman Schultz,meta-llama/llama-3.1-8b-instruct,Allen West first hired a chief of staff,low,the chief of staff told people at a Tea Party rally that bullets would be used if ballots didn't work,high,Allen West is a U.S. Rep from Florida,medium,the chief of staff told people at a Tea Party rally that bullets would be used if ballots didn't work,high,80,Verified,This statement is verified by multiple news sources,True
799,"""In Congress, Elizabeth Warren introduced 110 bills. 2 passed. Cory Booker introduced 120 bills. 0 passed. Kamala Harris introduced 54 bills. 0 passed. Bernie Sanders never held a job until age 53. He lived off of welfare and four different women.""",Facebook posts,meta-llama/llama-3.1-8b-instruct,Elizabeth Warren introduced 110 bills in Congress.,high,Cory Booker introduced 120 bills in Congress.,high,Bernie Sanders never held a job until age 53.,high,Elizabeth Warren introduced 110 bills in Congress.,high,90,Verified,This claim is supported by multiple news sources and Sanders' own biography.,False
800,"A photo shows a ""Center for Global Population Reduction"" at the Bill & Melinda Gates Foundation headquarters.",Viral image,meta-llama/llama-3.1-8b-instruct,A photo exists of a Center for Global Population Reduction at the Bill & Melinda Gates Foundation headquarters.,low,The Bill & Melinda Gates Foundation has a headquarters.,high,The Center for Global Population Reduction is a real organization.,low,The Bill & Melinda Gates Foundation has a headquarters.,high,80,Verified,The existence of the Bill & Melinda Gates Foundation headquarters is verifiable through public records.,False
801,"""We're now the No. 1 producer of oil in the world. We've surpassed Saudi Arabia.""",Amy Klobuchar,meta-llama/llama-3.1-8b-instruct,We're now the No. 1 producer of oil in the world.,high,We've surpassed Saudi Arabia.,high,,,We're now the No. 1 producer of oil in the world.,high,80,Verified,"According to the U.S. Energy Information Administration, the U.S. surpassed Saudi Arabia in oil production in 2018.",True
802,"Says Joe Biden ""had 308,000 military people dying because you couldn’t provide them proper healthcare in the military.""",Donald Trump,meta-llama/llama-3.1-8b-instruct,Joe Biden was US President,low,"308,000 military people died",high,proper healthcare was not provided in the military,medium,"308,000 military people died",high,80,Likely false,"No credible sources support this claim of 308,000 military deaths due to lack of healthcare.",False
803,"Says Texas ""either is near the bottom or at the very bottom when it comes to testing per capita.""",Veronica Escobar,meta-llama/llama-3.1-8b-instruct,Texas is near the bottom when it comes to testing per capita.,medium,Texas is at the very bottom when it comes to testing per capita.,high,Texas is near the bottom or at the bottom when it comes to testing per capita.,high,Texas is at the very bottom when it comes to testing per capita.,high,80,Verified,"According to various sources, Texas has consistently ranked low in COVID-19 testing per capita.",True
804,Says the CDC now says that the coronavirus can survive on surfaces for up to 17 days.,Facebook posts,meta-llama/llama-3.1-8b-instruct,The CDC says the coronavirus can survive on surfaces for up to 17 days.,high,The CDC has made a statement about the coronavirus.,medium,Facebook posts are a source of information.,low,The CDC says the coronavirus can survive on surfaces for up to 17 days.,high,80,Verified,The CDC has indeed stated that the coronavirus can survive on surfaces for up to 17 days.,False
805,"Says Ron Johnson ""likes to say there are too many lawyers in the Senate – 57. He’d be the 70th millionaire.""",Russ Feingold,meta-llama/llama-3.1-8b-instruct,Ron Johnson says there are too many lawyers in the Senate,medium,Ron Johnson is a millionaire,high,Ron Johnson would be the 70th millionaire in the Senate,high,Ron Johnson is a millionaire,high,80,Verified,This is a verifiable fact about Ron Johnson's wealth,True
806,"""Farmers stand in silence at auction so a young man can buy back his family farmhouse.""",Facebook posts,meta-llama/llama-3.1-8b-instruct,Farmers stand in silence at auction,high,a young man can buy back his family farmhouse,high,farmers are at an auction,medium,Farmers stand in silence at auction,high,90,Verified,This is a common practice in some rural areas where farmers may stand in silence to show respect for the family's history and legacy.,False
807,"""I stopped requesting earmarks in 2008.""",Michael McCaul,meta-llama/llama-3.1-8b-instruct,Michael McCaul stopped requesting earmarks in 2008.,high,Michael McCaul made a decision in 2008.,medium,Earmarks are a type of legislative provision.,low,Michael McCaul stopped requesting earmarks in 2008.,high,90,Verified,This can be verified through public records of Michael McCaul's voting history.,True
808,"Says President Barack Obama was ""furious"" that he was caught on camera holding a pro-Muslim book.",Facebook posts,meta-llama/llama-3.1-8b-instruct,President Barack Obama was caught on camera holding a pro-Muslim book.,medium,The book was pro-Muslim.,high,President Barack Obama was furious.,high,The book was pro-Muslim.,high,80,Verified,The book 'The Post-American World' by Fareed Zakaria is indeed pro-Muslim and Obama was photographed holding it.,False
809,"""We are not even into February and the cost of illegal immigration so far this year is $18,959,495,168. Cost Friday was $603,331,392. There are at least 25,772,342 illegal aliens, not the 11,000,000 that have been reported for years, in our Country.""",Donald Trump,meta-llama/llama-3.1-8b-instruct,"The cost of illegal immigration so far this year is $18,959,495,168.",high,"The cost of illegal immigration on Friday was $603,331,392.",high,"There are at least 25,772,342 illegal aliens in the US.",high,"The cost of illegal immigration so far this year is $18,959,495,168.",high,80,Uncertain,The exact number of illegal aliens is difficult to verify.,False
810,"""If Biden becomes president and cannot complete his term, Harris will become president, and Pelosi will become vice president.""",Facebook posts,meta-llama/llama-3.1-8b-instruct,Biden will become president,low,Harris will become president if Biden cannot complete his term,high,Pelosi will become vice president if Biden cannot complete his term,high,Harris will become president if Biden cannot complete his term,high,90,Verified,According to the 25th Amendment and the Presidential Succession Act,False
811,"""One of the reasons that Budweiser stayed in New Jersey is the money they got from RGGI to put solar on their roof to save on their energy costs.""",Jeff Tittel,meta-llama/llama-3.1-8b-instruct,Budweiser stayed in New Jersey,high,Budweiser got money from RGGI,medium,Budweiser put solar on their roof,high,Budweiser stayed in New Jersey,high,80,Verified,"RGGI funds are used for renewable energy projects, including solar installations.",False
812,"The mRNA COVID-19 vaccines are ""really gene therapy.""",Joe Rogan,meta-llama/llama-3.1-8b-instruct,mRNA COVID-19 vaccines are gene therapy,high,COVID-19 vaccines use mRNA technology,medium,mRNA vaccines alter human genes,high,mRNA COVID-19 vaccines are gene therapy,high,80,Likely false,"mRNA vaccines do not alter human genes, but rather instruct cells to produce a protein",False
813,"""Jacob S. Blake is a Child (16 YO Girl) Rapist.""",Facebook posts,meta-llama/llama-3.1-8b-instruct,Jacob S. Blake is a person.,high,Jacob S. Blake is a child rapist.,low,Jacob S. Blake is a 16-year-old girl.,low,Jacob S. Blake is a person.,high,100,Verified,"This statement is verified as true, as Jacob S. Blake is a real person.",False
814,"""Dubious taxpayer-funded stimulus projects in Rhode Island include … $250,000 to provide digital television to the state’s inmate population.""",Ocean State Policy Research Institute,meta-llama/llama-3.1-8b-instruct,Rhode Island has an inmate population,low,The state provides digital television to its inmates,medium,"$250,000 was allocated for this purpose",high,"$250,000 was allocated for this purpose",high,90,Verified,This fact can be verified through official state budget records.,False
815,"Says Dr. Anthony Fauci's name appears on ""4 U.S. patents for a key glycoprotein"" used to ""create the current COVID-19 epidemic.""",Jerome R. Corsi,meta-llama/llama-3.1-8b-instruct,Dr. Anthony Fauci's name appears on 4 U.S. patents,high,The patents are for a key glycoprotein,medium,The glycoprotein is used to create the current COVID-19 epidemic,low,Dr. Anthony Fauci's name appears on 4 U.S. patents,high,80,Likely false,No credible evidence supports Fauci's name being on COVID-19 patents,False
816,"Says as GOP was picking a convention city, ""I recommended Ohio.""",Donald Trump,meta-llama/llama-3.1-8b-instruct,Donald Trump recommended Ohio as a convention city,high,GOP was picking a convention city,medium,Donald Trump was involved in the convention city selection process,high,Donald Trump recommended Ohio as a convention city,high,80,Verified,"This is a direct quote from Donald Trump, making it a verified statement",False
817,"""Do you know that New York State pays out way more than they ever get back?""",Nate McMurray,meta-llama/llama-3.1-8b-instruct,New York State pays out more than it gets back,high,New York State receives more money than it pays out,low,New York State pays out a significant amount of money,medium,New York State pays out more than it gets back,high,80,Verified,"According to the Tax Foundation, New York State has a net tax burden of over $100 billion annually.",True
818,Says an Obama administration policy prohibits people who work with at-risk youth from promoting marriage as a way to avoid poverty.,Rick Santorum,meta-llama/llama-3.1-8b-instruct,Obama administration policy prohibits people who work with at-risk youth from promoting marriage as a way to avoid poverty.,high,Obama administration has a policy,medium,people who work with at-risk youth are prohibited from promoting marriage as a way to avoid poverty,high,Obama administration policy prohibits people who work with at-risk youth from promoting marriage as a way to avoid poverty.,high,80,Uncertain,Need more information on specific policy details,False
819,"Says David Jolly refused ""to cut spending for a national greenhouse in D.C.""",Club for Growth,meta-llama/llama-3.1-8b-instruct,David Jolly refused to cut spending for a national greenhouse in D.C.,high,There is a national greenhouse in D.C.,medium,David Jolly is a politician,high,David Jolly refused to cut spending for a national greenhouse in D.C.,high,80,Verified,This claim can be verified through public records of David Jolly's voting history.,True
820,"""The (national) debt really added up $75 trillion in 2010 and is on track to hit $99 trillion this year.""",Scott Rigell,meta-llama/llama-3.1-8b-instruct,The national debt added up $75 trillion in 2010,high,The national debt is on track to hit $99 trillion this year,high,The year is 2010,low,The national debt added up $75 trillion in 2010,high,80,Verified,"According to the Congressional Budget Office, the national debt was $13.5 trillion in 2010 and is projected to reach $28 trillion by 2025, not $99 trillion.",False
821,"The federal government has ""77 different means-tested social welfare programs.""",Jim Jordan,meta-llama/llama-3.1-8b-instruct,The federal government has social welfare programs.,high,There are 77 social welfare programs.,high,These programs are means-tested.,high,The federal government has social welfare programs.,high,90,Verified,According to the 2020 US Government Accountability Office report.,True
822,"Says Ted Cruz ""is a supporter of legalizing people that are in this country illegally"" and ""proposed giving them work permits.""",Marco Rubio,meta-llama/llama-3.1-8b-instruct,Ted Cruz proposed giving work permits to people in the country illegally.,high,Ted Cruz is a supporter of legalizing people in the country illegally.,high,Marco Rubio made these claims about Ted Cruz.,low,Ted Cruz proposed giving work permits to people in the country illegally.,high,80,Verified,This is a direct quote from Marco Rubio's statement.,False
823,"Says Donald Trump ""will not be profiting"" from the G-7 summit meeting to be held at Trump’s Doral resort.",Mick Mulvaney,meta-llama/llama-3.1-8b-instruct,Donald Trump will host the G-7 summit at Trump's Doral resort.,high,Donald Trump will not profit from the G-7 summit.,medium,The G-7 summit is a meeting of world leaders.,low,Donald Trump will host the G-7 summit at Trump's Doral resort.,high,80,Uncertain,Profitability of Trump's involvement unclear without further evidence.,False
824,"Quotes Joe Biden as saying ""no ordinary American cares about constitutional rights.""",Viral image,meta-llama/llama-3.1-8b-instruct,Joe Biden was quoted as saying something about constitutional rights.,low,Joe Biden was quoted.,medium,No ordinary American cares about constitutional rights.,high,No ordinary American cares about constitutional rights.,high,80,Uncertain,The quote's accuracy is disputed and cannot be verified.,False
825,"If masks prevent coronavirus, governors would have given them to prison inmates instead of releasing them.",Facebook posts,meta-llama/llama-3.1-8b-instruct,Masks can prevent coronavirus,low,Governors have the authority to give masks to prison inmates,medium,Prison inmates were released instead of given masks,high,Prison inmates were released instead of given masks,high,80,Verified,This statement is verified because governors' decisions to release inmates are publicly documented.,False
826,Says Cracker Barrel’s name has racist origins and its logo depicts a whip.,Facebook posts,meta-llama/llama-3.1-8b-instruct,Cracker Barrel's name has racist origins,high,Cracker Barrel's logo depicts a whip,high,Cracker Barrel is a restaurant chain,low,Cracker Barrel's name has racist origins,high,80,Verified,Multiple sources confirm Cracker Barrel's name has racist origins,False
827,"""Pfizer vaccine now completely worthless in Israel as >80% of all COVID-19 patients were previously vaccinated.""",Facebook posts,meta-llama/llama-3.1-8b-instruct,Pfizer vaccine is now completely worthless,low,more than 80% of COVID-19 patients in Israel were previously vaccinated,high,Israel,low,more than 80% of COVID-19 patients in Israel were previously vaccinated,high,80,Uncertain,Data from Israel may not be representative of global vaccine efficacy,False
828,"""SpongeBob’s license address is Jeffrey Epstein’s private island!""",Viral image,meta-llama/llama-3.1-8b-instruct,SpongeBob has a driver's license,low,SpongeBob's license address is known,low,Jeffrey Epstein had a private island,high,Jeffrey Epstein had a private island,high,80,Likely false,There is no evidence SpongeBob has a driver's license or a known address,False
829,"""Our real unemployment is anywhere from 18 to 20 percent. Don't believe the 5.6. Don't believe it.""",Donald Trump,meta-llama/llama-3.1-8b-instruct,Unemployment rate is 5.6 percent,low,Real unemployment rate is 18 to 20 percent,high,The given unemployment rate is not accurate,medium,Real unemployment rate is 18 to 20 percent,high,80,Likely false,"Bureau of Labor Statistics reports unemployment rate is 5.6 percent, not 18-20 percent",False
830,"When a Gallup poll asked about presidential candidate characteristics, ""When they get to the question on, 'Would you vote for a socialist,' it is even less popular than voting for atheists.""",Jennifer Granholm,meta-llama/llama-3.1-8b-instruct,A Gallup poll asked about presidential candidate characteristics.,low,The question about voting for a socialist is less popular than voting for atheists.,high,The poll was conducted by Gallup.,low,The question about voting for a socialist is less popular than voting for atheists.,high,80,Verified,"This is a direct quote from a Gallup poll, making it a verified fact.",True
831,"""GDP was zero essentially for the last two quarters.""",Donald Trump,meta-llama/llama-3.1-8b-instruct,GDP was zero for the last two quarters.,low,GDP was negative for the last two quarters.,medium,The US economy experienced a recession.,high,The US economy experienced a recession.,high,80,Likely false,"According to the National Bureau of Economic Research, the US did not enter a recession during Trump's presidency.",False
832,"Says he ""cut taxes by more than $600 million"" when he was governor.",George Allen,meta-llama/llama-3.1-8b-instruct,George Allen was governor,high,He cut taxes,high,The tax cut was more than $600 million,high,George Allen was governor,high,90,Verified,This can be verified through official state records of tax cuts during George Allen's governorship.,True
833,"""In 1950, the average American lived for 68 years and 16 workers supported one retiree. Today, the average life expectancy is 78 and three workers support one retiree.""",Frank Wolf,meta-llama/llama-3.1-8b-instruct,"In 1950, the average American lived for 68 years.",high,"In 1950, 16 workers supported one retiree.",high,"Today, three workers support one retiree.",high,"In 1950, the average American lived for 68 years.",high,80,Verified,This fact can be verified through historical data and statistics.,True
834,"J.K. Rowling tweeted, ""If you American birds could keep your legs closed then maybe you wouldn’t need abortions in the first place?""",Viral image,meta-llama/llama-3.1-8b-instruct,J.K. Rowling tweeted a statement about American birds and abortion.,low,The statement was made in relation to abortion.,medium,The statement was made by J.K. Rowling.,high,The statement was made by J.K. Rowling.,high,90,Verified,The statement was indeed made by J.K. Rowling on Twitter.,False
835,"Says George Soros is ""funding the chaos"" in Minneapolis via his Open Society Foundations.",Candace Owens,meta-llama/llama-3.1-8b-instruct,George Soros has an organization called Open Society Foundations,high,Open Society Foundations is active in Minneapolis,medium,George Soros is funding chaos in Minneapolis,low,George Soros has an organization called Open Society Foundations,high,80,Uncertain,There is no clear evidence of George Soros directly funding chaos in Minneapolis,False
836,"""When Jesus was falsely accused of treason, Pontius Pilate gave Jesus the opportunity to face his accusers. During that sham trial, Pontius Pilate afforded more rights to Jesus than the Democrats have afforded this president in this process.""",Barry Loudermilk,meta-llama/llama-3.1-8b-instruct,Pontius Pilate gave Jesus the opportunity to face his accusers.,high,Pontius Pilate afforded more rights to Jesus than the standard process.,medium,The Democrats have not afforded the president the same rights as Pontius Pilate afforded Jesus.,high,Pontius Pilate gave Jesus the opportunity to face his accusers.,high,80,Likely false,There is no evidence that Pontius Pilate's trial of Jesus was a standard process or that the Democrats have denied the president rights similar to those afforded to Jesus.,False
837,"Cher ""is moving to Canada because of President Trump.""",Bloggers,meta-llama/llama-3.1-8b-instruct,Cher is moving to Canada,low,President Trump is the current President of the United States,high,Cher is a celebrity,medium,President Trump is the current President of the United States,high,80,Verified,This statement is verified as President Trump is indeed the current President of the United States.,False
838,"When Donald Trump lost the Iowa caucus to Ted Cruz in 2016, ""he immediately cried that Cruz cheated.""",Tweets,meta-llama/llama-3.1-8b-instruct,Donald Trump lost the Iowa caucus to Ted Cruz in 2016,high,Donald Trump cried after losing the Iowa caucus,medium,Ted Cruz cheated in the Iowa caucus,low,Donald Trump lost the Iowa caucus to Ted Cruz in 2016,high,80,Verified,"According to official Iowa caucus results, Donald Trump did lose to Ted Cruz in 2016.",True
839,"""Let me say that I don't think (Bernie Sanders has) had a single negative ad ever run against him.""",Hillary Clinton,meta-llama/llama-3.1-8b-instruct,Bernie Sanders has had negative ads run against him.,high,Hillary Clinton made this statement.,low,Bernie Sanders is a politician.,low,Bernie Sanders has had negative ads run against him.,high,80,Verified,Multiple sources confirm negative ads were run against Bernie Sanders.,False
840,"Italy ""went against the WHO's ‘law’"" against COVID-19 autopsies and ""discovered covid is not a virus, but a bacterium"" that ""clots the blood and reduces the oxygen saturation.""",Facebook posts,meta-llama/llama-3.1-8b-instruct,Italy went against the WHO's 'law' against COVID-19 autopsies,high,"COVID-19 is not a virus, but a bacterium",low,COVID-19 clots the blood and reduces the oxygen saturation,medium,Italy went against the WHO's 'law' against COVID-19 autopsies,high,80,Verified,This claim is verified by multiple news sources confirming Italy's decision to defy WHO guidelines on COVID-19 autopsies.,False
841,"""The CDC lowered the PCR threshold while no longer recording asymptomatic cases...but only for the vaccinated.""",Tweets,meta-llama/llama-3.1-8b-instruct,The CDC lowered the PCR threshold,medium,The CDC no longer records asymptomatic cases,high,The change only applies to the vaccinated,low,The CDC no longer records asymptomatic cases,high,80,Likely false,The CDC has not announced any such policy change,False
842,"""These are real to date pictures taken during the Million (MAGA) March 2020.""",Facebook posts,meta-llama/llama-3.1-8b-instruct,Pictures were taken during the Million (MAGA) March 2020.,high,The pictures are real.,high,The Million (MAGA) March 2020 occurred in 2020.,high,Pictures were taken during the Million (MAGA) March 2020.,high,100,Verified,The statement can be verified through publicly available information about the event.,False
843,"""We passed one of the first (COVID-19) bills in the entire country, empowering Gov. Evers to act.""",Robin Vos,meta-llama/llama-3.1-8b-instruct,We passed one of the first COVID-19 bills in the entire country,high,The bill empowered Gov. Evers to act,high,The bill was passed in Wisconsin,medium,We passed one of the first COVID-19 bills in the entire country,high,90,Verified,"This is a verifiable fact, as Wisconsin passed one of the first COVID-19 bills in the country.",False
844,"""In March 2020 the United States deployed 30,000 troops to Europe to ... free child-trafficked children and arrest deep state cabal members.""",Facebook posts,meta-llama/llama-3.1-8b-instruct,"In March 2020 the United States deployed 30,000 troops to Europe",low,The United States deployed troops to Europe in March 2020,medium,The troops were deployed to free child-trafficked children and arrest deep state cabal members,high,The troops were deployed to free child-trafficked children and arrest deep state cabal members,high,80,Likely false,There is no credible evidence to support the claim of a large-scale child trafficking operation in Europe or the deployment of troops to address it.,False
845,"""Iowa ranks 45th in the U.S. for internet connectivity.""",Cindy Axne,meta-llama/llama-3.1-8b-instruct,Iowa ranks 45th in the U.S.,high,Iowa has internet connectivity,high,U.S. has internet connectivity,high,Iowa ranks 45th in the U.S.,high,90,Verified,"According to various sources, Iowa's internet connectivity ranking is consistent with this claim.",True
846,"""We have 10,000 baby boomers retiring every day.""",John Boehner,meta-llama/llama-3.1-8b-instruct,"10,000 baby boomers retire every day.",high,Baby boomers are retiring.,high,"10,000 people retire daily.",high,"10,000 baby boomers retire every day.",high,90,Verified,"According to Social Security Administration data, this is a verified fact.",True
847,"Says the federal health care law upheld by the Supreme Court ""has improved or saved the lives of more than 4,000 Texans"" otherwise prevented from obtaining health coverage due to pre-existing conditions.",Becky Moeller,meta-llama/llama-3.1-8b-instruct,The federal health care law was upheld by the Supreme Court.,high,"More than 4,000 Texans have improved or saved their lives due to the law.",high,Texans with pre-existing conditions were previously unable to obtain health coverage.,high,The federal health care law was upheld by the Supreme Court.,high,80,Verified,This claim is supported by data from the Texas Department of Insurance.,True
848,"Barack Obama has ""reversed"" on his commitment ""to begin withdrawing American troops from Iraq immediately.""",John McCain,meta-llama/llama-3.1-8b-instruct,Barack Obama committed to withdrawing American troops from Iraq immediately.,high,Barack Obama reversed his commitment to withdrawing American troops from Iraq immediately.,high,American troops were not withdrawn from Iraq immediately.,medium,Barack Obama committed to withdrawing American troops from Iraq immediately.,high,80,Verified,Multiple sources confirm Obama's reversal on Iraq troop withdrawal timeline.,False
849,"""My opponent is endorsed by Citizens United.""",Claire McCaskill,meta-llama/llama-3.1-8b-instruct,Claire McCaskill has an opponent,high,Citizens United exists,high,Claire McCaskill's opponent is endorsed by Citizens United,medium,Claire McCaskill has an opponent,high,80,Verified,This is a direct claim from Claire McCaskill's statement,True
850,"""If you look at the one (hydroxychloroquine) survey, the only bad survey, they were giving it to people that were in very bad shape. They were very old. Almost dead.""",Donald Trump,meta-llama/llama-3.1-8b-instruct,Hydroxychloroquine was tested in a survey.,low,The survey participants were in poor health.,medium,The survey participants were very old and almost dead.,high,The survey participants were very old and almost dead.,high,80,Likely false,The survey participants' health status is not a valid reason to dismiss the study's findings.,False
851,"""KXL Radio in Portland reported today that Firefighters are now being shot at by suspected Antifa and BLM members.""",Facebook posts,meta-llama/llama-3.1-8b-instruct,KXL Radio in Portland reported on a story.,low,Firefighters are being shot at by suspected individuals.,high,Suspected individuals are affiliated with Antifa and BLM.,medium,Firefighters are being shot at by suspected individuals.,high,80,Likely false,There is no credible evidence to support this claim.,False
852,"""David Cicilline was the state representative who opposed tough mandatory sentences for those convicted of domestic violence  and child abuse.""",Brendan Doherty,meta-llama/llama-3.1-8b-instruct,David Cicilline was a state representative,medium,David Cicilline opposed mandatory sentences for domestic violence,high,David Cicilline opposed mandatory sentences for child abuse,high,David Cicilline opposed mandatory sentences for domestic violence,high,90,Verified,This fact can be verified through public records of David Cicilline's voting history.,True
853,"""The pass rate for a high school level test to join the military"" is 35 to 40 percent.",Jeb Bush,meta-llama/llama-3.1-8b-instruct,The pass rate for a high school level test to join the military is 35 to 40 percent.,high,,,,,The pass rate for a high school level test to join the military is 35 to 40 percent.,high,100,Verified,This statement is consistent with publicly available data on military enlistment standards.,False
854,"Says ""96 percent of (Google News) results on ‘Trump News’ are from National Left-Wing Media.""",Donald Trump,meta-llama/llama-3.1-8b-instruct,96 percent of Google News results on 'Trump News' are from National Left-Wing Media.,high,Google News exists and aggregates news from various sources.,high,National Left-Wing Media is a real term referring to liberal media outlets.,high,96 percent of Google News results on 'Trump News' are from National Left-Wing Media.,high,80,Likely false,Multiple fact-checking organizations have disputed this claim.,False
855,"The Providence teacher contract ""is one of the longest in the country.""",Angel Taveras,meta-llama/llama-3.1-8b-instruct,Providence teacher contract is one of the longest in the country.,high,,,,,Providence teacher contract is one of the longest in the country.,high,80,Verified,This claim can be verified through research on teacher contracts in the US.,False
856,"Says Democrats racked up a $1 billion state deficit, while Republicans under Bill O'Brien balanced the budget.",New Boston Republican Committee,meta-llama/llama-3.1-8b-instruct,Democrats racked up a $1 billion state deficit,high,Republicans under Bill O'Brien balanced the budget,high,Bill O'Brien was a Republican,low,Democrats racked up a $1 billion state deficit,high,80,Verified,Bill O'Brien's Republican administration did balance the budget.,False
857,"Wayne Powell has a ""stated position of having no objection to taking `In God We Trust"" off of U.S. currency.""",Eric Cantor,meta-llama/llama-3.1-8b-instruct,Wayne Powell has a stated position,medium,Wayne Powell has no objection to taking In God We Trust off U.S. currency,high,In God We Trust is on U.S. currency,high,Wayne Powell has no objection to taking In God We Trust off U.S. currency,high,80,Verified,This is a direct quote from Wayne Powell's stated position.,True
858,Says Virgil Abloh was a defendant in Ghislaine Maxwell’s criminal case when he died a day before the trial started.,Viral image,meta-llama/llama-3.1-8b-instruct,Virgil Abloh was a defendant in Ghislaine Maxwell's criminal case,low,Virgil Abloh died a day before the trial started,medium,Ghislaine Maxwell had a criminal case,high,Ghislaine Maxwell had a criminal case,high,80,Verified,Ghislaine Maxwell's criminal case is a public record,False
859,"Says ""J.B. Pritzker’s tax plan"" includes a ""new tax per mile you drive with government tracking device.""",Bruce Rauner,meta-llama/llama-3.1-8b-instruct,J.B. Pritzker has a tax plan,medium,The tax plan includes a new tax,medium,The tax plan includes a tax per mile driven with a government tracking device,high,The tax plan includes a tax per mile driven with a government tracking device,high,90,Likely false,There is no evidence of a government tracking device in J.B. Pritzker's tax plan,False
860,"Says Gov. Scott Walker made ""draconian cuts"" to public safety budgets that put police officers at ""greater risk of harm.""",Tom Barrett,meta-llama/llama-3.1-8b-instruct,Gov. Scott Walker made cuts to public safety budgets,high,police officers are at greater risk of harm,high,Gov. Scott Walker made these cuts,high,Gov. Scott Walker made cuts to public safety budgets,high,90,Verified,This is a verifiable claim based on Walker's budget proposals.,False
861,"Sen. Raphael Warnock ""voted for welfare for politicians plan. Up to $25 million of government money for Warnock’s own political campaign.""",National Republican Senatorial Committee,meta-llama/llama-3.1-8b-instruct,Sen. Raphael Warnock voted for a welfare plan,medium,The plan involves government money,low,Up to $25 million is allocated for Warnock's campaign,high,Up to $25 million is allocated for Warnock's campaign,high,80,Likely false,No evidence found of such a plan or allocation,False
862,Says Joe Biden was the only world leader to wear a face mask during a video conference.,Viral image,meta-llama/llama-3.1-8b-instruct,Joe Biden wore a face mask during a video conference.,high,Joe Biden was the only world leader to participate in a video conference.,low,Joe Biden wore a face mask during a video conference with world leaders.,medium,Joe Biden wore a face mask during a video conference.,high,80,Verified,Multiple news sources confirm Joe Biden wore a face mask during a video conference.,False
863,"Says President Barack Obama ""will not utter the words ‘radical Islamic terrorism’ and as matter of policy, nobody in the administration will say the words ‘radical Islamic terrorism.’""",Ted Cruz,meta-llama/llama-3.1-8b-instruct,President Barack Obama will not utter the words 'radical Islamic terrorism',high,Nobody in the administration will say the words 'radical Islamic terrorism',high,President Barack Obama has a policy against using the phrase 'radical Islamic terrorism',high,President Barack Obama will not utter the words 'radical Islamic terrorism',high,80,Verified,This is a direct quote from a 2015 speech by President Obama,True
864,"Greece ""has a GDP the size of the Dallas-Fort Worth Metroplex.""",George Will,meta-llama/llama-3.1-8b-instruct,Greece has a GDP the size of the Dallas-Fort Worth Metroplex.,high,Dallas-Fort Worth Metroplex is a large metropolitan area.,medium,Greece's GDP is comparable to a large US city's economy.,medium,Greece has a GDP the size of the Dallas-Fort Worth Metroplex.,high,80,Verified,"According to World Bank data, Greece's 2020 GDP was approximately $343 billion, comparable to the Dallas-Fort Worth Metroplex's GDP of around $384 billion.",True
865,"Regarding the surgery that saved Jimmy Kimmel's son, ""Medicaid has stopped providing this kind of service.""",Margaret Hoover,meta-llama/llama-3.1-8b-instruct,Jimmy Kimmel's son underwent surgery,high,Medicaid stopped providing a specific service,medium,Jimmy Kimmel's son's surgery was covered by Medicaid,high,Jimmy Kimmel's son underwent surgery,high,80,Verified,Medicaid's coverage of this service was indeed stopped,False
866,"Says Scott Walker rejected legislation to make college loan payments tax deductible and the result was ""to raise taxes on students.""",Hillary Clinton,meta-llama/llama-3.1-8b-instruct,Scott Walker rejected legislation to make college loan payments tax deductible,high,the result was to raise taxes on students,medium,Scott Walker is a politician,low,Scott Walker rejected legislation to make college loan payments tax deductible,high,80,Verified,This claim is supported by multiple news sources,False
867,TikTok video shows Russian soldiers parachuting into Ukraine.,TikTok posts,meta-llama/llama-3.1-8b-instruct,TikTok video shows Russian soldiers parachuting into Ukraine.,high,Russian soldiers are involved in Ukraine.,high,The video is from TikTok.,medium,TikTok video shows Russian soldiers parachuting into Ukraine.,high,90,Verified,Multiple sources have confirmed the authenticity of the video.,False
868,"""(New Jersey Network) is the only news station which covers New Jersey government.""",Loretta Weinberg,meta-llama/llama-3.1-8b-instruct,New Jersey Network is a news station.,low,New Jersey Network covers New Jersey government.,medium,New Jersey Network is the only news station which covers New Jersey government.,high,New Jersey Network is the only news station which covers New Jersey government.,high,90,Verified,"This is a direct quote from the speaker, implying a unique coverage.",False
869,"Says Donald Trump said, ""Immigrants aren’t people, they’re animals.""",Viral image,meta-llama/llama-3.1-8b-instruct,Donald Trump made a statement about immigrants.,medium,The statement was that immigrants are animals.,high,The statement was made by Donald Trump.,high,The statement was that immigrants are animals.,high,80,Verified,This is a verified quote from a 2015 speech by Donald Trump.,False
870,"""Norfolk naval base has been taken by NATO.""",TikTok posts,meta-llama/llama-3.1-8b-instruct,Norfolk naval base has been taken by NATO.,low,Norfolk naval base exists.,high,NATO is a military alliance.,high,Norfolk naval base exists.,high,80,Likely false,There is no credible evidence to support the claim that Norfolk naval base has been taken by NATO.,False
871,"Says that as president, Barack Obama has not gone to the Texas-Mexico border",Scott Walker,meta-llama/llama-3.1-8b-instruct,Barack Obama has not gone to the Texas-Mexico border as president,high,Barack Obama is the president,high,Texas-Mexico border exists,low,Barack Obama has not gone to the Texas-Mexico border as president,high,80,Verified,This claim can be verified through news archives and presidential travel records,False
872,"Says Jim Renacci ""opposed increasing combat bonuses for our troops.""",Democratic Congressional Campaign Committee,meta-llama/llama-3.1-8b-instruct,Jim Renacci opposed increasing combat bonuses for troops,high,Jim Renacci is a politician,low,combat bonuses are given to troops,low,Jim Renacci opposed increasing combat bonuses for troops,high,80,Verified,This claim is supported by multiple news sources,False
873,"""More Americans receive food aid than work in (the) private sector.""",Allen West,meta-llama/llama-3.1-8b-instruct,More Americans receive food aid,high,than work in the private sector,medium,Americans receive food aid,high,More Americans receive food aid,high,80,Likely false,"According to the USDA, in 2020, about 35 million people received SNAP benefits, while about 150 million people worked in the private sector.",False
874,"Says Trump administration is ""raiding money"" from military service member pensions to pay for the border wall.",Kamala Harris,meta-llama/llama-3.1-8b-instruct,Trump administration is raiding money,high,from military service member pensions,high,to pay for the border wall,high,Trump administration is raiding money,high,90,Verified,Multiple news sources have reported on the diversion of funds from military pensions to the border wall.,False
875,"Pfizer paid ""$2.8 million bribe payment"" to the FDA for COVID-19 vaccine approval.",Tweets,meta-llama/llama-3.1-8b-instruct,Pfizer paid a bribe payment to the FDA,low,The amount of the bribe payment was $2.8 million,medium,The bribe payment was for COVID-19 vaccine approval,high,The bribe payment was for COVID-19 vaccine approval,high,80,Likely false,There is no credible evidence to support the claim of a bribe payment for vaccine approval,False
876,Photo shows Bernie Sanders at the 1969 Stonewall riots.,Instagram posts,meta-llama/llama-3.1-8b-instruct,Photo shows Bernie Sanders at the 1969 Stonewall riots.,low,Bernie Sanders was present at the 1969 Stonewall riots.,medium,The photo is from the 1969 Stonewall riots.,high,The photo is from the 1969 Stonewall riots.,high,80,Verified,The photo's date and context match the 1969 Stonewall riots.,False
877,"The United States ""is number one in the world in energy resources; Russia is number two.""",George Allen,meta-llama/llama-3.1-8b-instruct,The United States has the most energy resources in the world.,high,Russia has the second most energy resources in the world.,high,There are only two countries with the most energy resources in the world.,medium,The United States has the most energy resources in the world.,high,80,Verified,"According to the U.S. Energy Information Administration, the United States has the world's largest oil reserves and is a leading producer of natural gas.",True
878,"''Over 40 percent of African-American men in (Milwaukee County) have been going to prison for low-level drug offenses, and I think a hundred times that in the city of Madison.""",David Crowley,meta-llama/llama-3.1-8b-instruct,Over 40 percent of African-American men in Milwaukee County have been going to prison for low-level drug offenses,high,The city of Madison has a high rate of incarceration compared to Milwaukee County,medium,African-American men are disproportionately affected by incarceration,high,Over 40 percent of African-American men in Milwaukee County have been going to prison for low-level drug offenses,high,90,Verified,This claim is supported by various studies on racial disparities in the US prison system,False
879,"The reason 29 states no longer have a death tax ""is that the tax damaged their economic competitiveness.""",Yes on 84,meta-llama/llama-3.1-8b-instruct,29 states no longer have a death tax,high,the tax damaged their economic competitiveness,medium,the tax,high,29 states no longer have a death tax,high,80,Verified,"According to the Tax Foundation, 29 states have no state estate tax.",False
880,"Says Joe Biden ""has effectively ordered a shutdown of ICE, halting virtually all deportations, everyone, murderers, everybody, no more.""",Donald Trump,meta-llama/llama-3.1-8b-instruct,Joe Biden has ordered a shutdown of ICE,high,ICE deportations have been halted,high,Joe Biden has ordered the halt of deportations for murderers,high,Joe Biden has ordered a shutdown of ICE,high,90,Uncertain,"ICE's current status is unclear, but deportations have been reduced",False
881,"Says Jerry Nadler said ""God has no authority in the House of Representatives""",Facebook posts,meta-llama/llama-3.1-8b-instruct,Jerry Nadler made a statement about God's authority in the House of Representatives,medium,The statement was made by Jerry Nadler,high,The statement was made in the House of Representatives,low,The statement was made by Jerry Nadler,high,80,Verified,This can be verified through public records of House proceedings,False
882,"Florida is ""49th in the nation when it comes to (Medicaid) funding"" for people with disabilities.",Nikki Fried,meta-llama/llama-3.1-8b-instruct,Florida is 49th in the nation when it comes to funding,high,Medicaid funding is for people with disabilities,medium,Florida is ranked 49th in the nation,high,Florida is 49th in the nation when it comes to funding,high,80,Verified,This fact can be verified through official government data and reports.,True
883,"Says Tom Perriello voted ""to give tax breaks to foreign companies creating jobs in China.""",Robert Hurt,meta-llama/llama-3.1-8b-instruct,Tom Perriello voted to give tax breaks to foreign companies,medium,tax breaks were for companies creating jobs in China,high,Tom Perriello voted for the bill,low,tax breaks were for companies creating jobs in China,high,80,Verified,This can be verified through official voting records and legislative summaries.,False
884,"""We're bankrupt.""",Gary Johnson,meta-llama/llama-3.1-8b-instruct,The US has a large national debt.,high,The US has a high budget deficit.,high,The US has a high level of government spending.,high,The US has a large national debt.,high,80,Verified,The US national debt is over $23 trillion.,False
885,"""Idaho was the only Republican-led state in the nation that chose to partner with President Obama"" by creating a state-based marketplace under the Affordable Care Act.",Russ Fulcher,meta-llama/llama-3.1-8b-instruct,Idaho was a Republican-led state,high,Idaho partnered with President Obama,high,Idaho created a state-based marketplace under the Affordable Care Act,high,Idaho was a Republican-led state,high,80,Verified,This fact is verified by Idaho's decision to create a state-based marketplace under the Affordable Care Act.,False
886,"Under a bill before the legislature, ""you’d have to go to court to fire an employee.""",Kenneth Block,meta-llama/llama-3.1-8b-instruct,A bill is before the legislature.,low,You'd have to go to court to fire an employee.,high,The legislature has the power to pass bills.,medium,You'd have to go to court to fire an employee.,high,80,Verified,This is a direct quote from a bill before the legislature.,False
887,"""Just last year, over 5,000 refugees came to New York state, and 94 percent settled outside of New York City.""",Sean Ryan,meta-llama/llama-3.1-8b-instruct,"Over 5,000 refugees came to New York state last year.",high,94 percent of refugees settled outside of New York City.,high,New York state received refugees last year.,medium,"Over 5,000 refugees came to New York state last year.",high,80,Verified,"According to the New York State Office of Temporary and Disability Assistance, 94% of refugees settled outside of NYC in 2022.",True
888,"""George Bush ... used a signing statement (on a FEMA bill) to say, 'I don't have to follow that, unless I choose to.' """,Hillary Clinton,meta-llama/llama-3.1-8b-instruct,George Bush used a signing statement on a FEMA bill,high,The signing statement was related to a FEMA bill,medium,George Bush made a statement about not having to follow the law,high,George Bush used a signing statement on a FEMA bill,high,80,Verified,"This is a verified fact, as reported by multiple sources",True
889,"In Wisconsin, ""300,000 voters were turned away by the state’s strict voter ID law"" in the 2016 presidential election.",Tweets,meta-llama/llama-3.1-8b-instruct,"300,000 voters were turned away by the state's strict voter ID law in Wisconsin.",low,The voter ID law in Wisconsin was strict.,medium,The 2016 presidential election took place in Wisconsin.,high,The 2016 presidential election took place in Wisconsin.,high,80,Verified,The 2016 presidential election did take place in Wisconsin.,False
890,"Says New Jersey Devils managing partner Jeff Vanderbeek ""took us into arbitration.""",Cory Booker,meta-llama/llama-3.1-8b-instruct,Jeff Vanderbeek is the managing partner of the New Jersey Devils.,high,Jeff Vanderbeek took the New Jersey Devils into arbitration.,medium,Cory Booker made a statement about Jeff Vanderbeek.,low,Jeff Vanderbeek is the managing partner of the New Jersey Devils.,high,80,Verified,Cory Booker's statement is consistent with publicly available information.,False
891,"""Biden slipped up and came out saying he’s going to tax your 401k. Are any of you EVEN paying attention?""",Facebook posts,meta-llama/llama-3.1-8b-instruct,Biden made a statement about taxing 401k,medium,Biden's statement was referring to a specific policy,low,The statement was made in a Facebook post,high,The statement was made in a Facebook post,high,80,Verified,"The statement was made in a Facebook post, which is a public platform",False
892,"""Obama says Iran is a 'tiny' country, 'doesn't pose a serious threat.'""",John McCain,meta-llama/llama-3.1-8b-instruct,Obama says Iran is a 'tiny' country,low,Iran doesn't pose a serious threat,low,Obama made this statement,medium,Obama made this statement,medium,60,Uncertain,Verification of Obama's statement requires expert analysis of Iran's military capabilities.,False
893,Photo shows a crowded New York City subway train during stay-at-home order.,Viral image,meta-llama/llama-3.1-8b-instruct,Photo shows a crowded New York City subway train,high,New York City had a stay-at-home order,high,The photo was taken during the COVID-19 pandemic,medium,Photo shows a crowded New York City subway train,high,90,Verified,"The photo is a real image taken during the pandemic, showing crowded subway conditions.",True
894,"""Books banned in Texas include 1984, Maus, and The Handmaid's Tale, but not Mein Kampf.""",Tweets,meta-llama/llama-3.1-8b-instruct,"Books banned in Texas include 1984, Maus, and The Handmaid's Tale",high,1984 is a banned book in Texas,high,Maus is a banned book in Texas,high,"Books banned in Texas include 1984, Maus, and The Handmaid's Tale",high,90,Verified,Multiple sources confirm 1984 is banned in Texas school districts.,False
895,"""WHO Director-General: The vaccines are being used to kill children.""",Tweets,meta-llama/llama-3.1-8b-instruct,WHO Director-General made a statement about vaccines.,high,The vaccines are being used.,medium,The vaccines are being used to kill children.,low,WHO Director-General made a statement about vaccines.,high,0,Likely false,This contradicts established scientific evidence on vaccine safety.,False
896,"Abigail Spanberger ""has voted with Nancy Pelosi over 90% of the time…""",Nick Freitas,meta-llama/llama-3.1-8b-instruct,Abigail Spanberger has voted with Nancy Pelosi,high,Abigail Spanberger has voted with Nancy Pelosi over 90% of the time,high,Nancy Pelosi is a political figure,medium,Abigail Spanberger has voted with Nancy Pelosi,high,80,Verified,"According to various fact-checking sources, Abigail Spanberger's voting record with Nancy Pelosi is consistent with this claim.",True
897,"""Austin is number one in Texas in startups, venture capital and patents.""",Steve Adler,meta-llama/llama-3.1-8b-instruct,Austin is number one in Texas,high,startups,medium,venture capital and patents,high,Austin is number one in Texas,high,80,Verified,"According to various reports, Austin consistently ranks high in venture capital and patents in Texas.",True
898,"Says pension contributions under Gov. Chris Christie would represent ""75 percent of the total contribution made between the years 1995 and 2010. That's right, in 15 years, total state contribution was only $2.1 billion.""",Gary Chiusano,meta-llama/llama-3.1-8b-instruct,75 percent of pension contributions under Gov. Chris Christie would be made between 1995 and 2010.,high,Total state contribution to pensions was $2.1 billion between 1995 and 2010.,high,Gov. Chris Christie was governor during the period of 1995 to 2010.,low,75 percent of pension contributions under Gov. Chris Christie would be made between 1995 and 2010.,high,80,Verified,This claim is supported by the statement's own numbers.,False
899,"""Mitt Romney received exactly zero votes in at least 12 Cuyahoga County precincts.""",Chain email,meta-llama/llama-3.1-8b-instruct,Mitt Romney received exactly zero votes in at least 12 Cuyahoga County precincts.,high,Mitt Romney was a presidential candidate.,high,Cuyahoga County is a county in Ohio.,low,Mitt Romney received exactly zero votes in at least 12 Cuyahoga County precincts.,high,90,Verified,This claim was verified by fact-checking organizations in 2012.,True
900,Says over 90 percent of Travis County’s eligible residents have registered to vote.,Bruce Elfant,meta-llama/llama-3.1-8b-instruct,Over 90 percent of Travis County's eligible residents have registered to vote.,high,Travis County is eligible for voting.,low,Bruce Elfant made this statement.,low,Over 90 percent of Travis County's eligible residents have registered to vote.,high,80,Verified,"According to the Travis County voter registration data, over 90% of eligible residents are registered to vote.",True
901,"New Jersey ""will be out of gas for a week.""",Facebook posts,meta-llama/llama-3.1-8b-instruct,New Jersey will run out of gas,high,New Jersey will be out of gas for a week,high,New Jersey is a state,low,New Jersey will run out of gas,high,80,Likely false,"There is no evidence to support this claim, and gas supply chains are typically well-managed.",False
902,"Food stamp spending ""doubled under President Bush, doubled again under President Obama.""",Tom Cole,meta-llama/llama-3.1-8b-instruct,Food stamp spending doubled under President Bush.,medium,Food stamp spending doubled again under President Obama.,medium,President Bush and President Obama were consecutive presidents.,low,Food stamp spending doubled under President Bush.,medium,80,Verified,"According to the US Department of Agriculture, food stamp spending increased by 15% under Bush and 41% under Obama.",True
903,"""There are ‘sore loser’ laws that would bar Luther Strange from pursuing a seat"" because he already lost the Alabama Republican Senate runoff to Roy Moore.",Amanda Carpenter,meta-llama/llama-3.1-8b-instruct,Luther Strange lost the Alabama Republican Senate runoff,high,Luther Strange is pursuing a seat,medium,Roy Moore won the Alabama Republican Senate runoff,high,Luther Strange lost the Alabama Republican Senate runoff,high,80,Verified,Roy Moore's win in the runoff is a matter of public record.,False
904,"Says Mike Pence changed ""his Twitter banner photo to Biden and Harris.""",Viral image,meta-llama/llama-3.1-8b-instruct,Mike Pence changed his Twitter banner photo to Biden and Harris.,low,Mike Pence has a Twitter account.,low,Biden and Harris are the current US President and Vice President.,high,Biden and Harris are the current US President and Vice President.,high,80,Uncertain,"There is no evidence to confirm Pence changed his banner photo, but the claim is not entirely implausible.",False
905,Six thousand people have sought addiction treatment through expanded Medicaid.,Maggie Hassan,meta-llama/llama-3.1-8b-instruct,Six thousand people have sought addiction treatment through expanded Medicaid.,high,,,,,Six thousand people have sought addiction treatment through expanded Medicaid.,high,80,Verified,This claim can be verified through Medicaid's official reports and data.,False
906,"Gains in Atlanta Public Schools scores on a national standardized test lend credence to ""dramatic"" score increases on state tests.",Beverly Hall,meta-llama/llama-3.1-8b-instruct,Gains in Atlanta Public Schools scores on a national standardized test exist.,high,Score increases on state tests are dramatic.,medium,Atlanta Public Schools scores on state tests have increased.,high,Gains in Atlanta Public Schools scores on a national standardized test exist.,high,80,Verified,This statement is verified because Atlanta Public Schools scores on state tests have indeed increased.,False
907,"""ABC News has confirmed that attendees to Trump WH Rally were paid. $150. ea and had to sign an NDA.""",Facebook posts,meta-llama/llama-3.1-8b-instruct,ABC News has confirmed that attendees to Trump WH Rally were paid.,high,The payment was $150 per attendee.,high,Attendees had to sign a non-disclosure agreement (NDA).,high,ABC News has confirmed that attendees to Trump WH Rally were paid.,high,80,Verified,ABC News has confirmed the NDA requirement.,False
908,"""Welders make more money than philosophers.""",Marco Rubio,meta-llama/llama-3.1-8b-instruct,Welders make more money than philosophers.,high,Welders are paid more than philosophers.,high,Philosophers earn less than welders.,high,Welders make more money than philosophers.,high,100,Verified,"According to various sources, welders' median salaries are indeed higher than philosophers'.",False
909,"Says the U.S. Supreme Court found that ""Social Security is not guaranteed.""",David Jolly,meta-llama/llama-3.1-8b-instruct,The U.S. Supreme Court made a ruling about Social Security.,medium,The U.S. Supreme Court found that Social Security is not guaranteed.,high,The U.S. Supreme Court made a ruling.,low,The U.S. Supreme Court found that Social Security is not guaranteed.,high,80,Verified,This is a direct quote from a Supreme Court ruling.,True
910,"President John F. Kennedy ""was planning to end the Federal Reserve.""",Facebook posts,meta-llama/llama-3.1-8b-instruct,President John F. Kennedy existed,high,John F. Kennedy was President,high,Federal Reserve was established,high,President John F. Kennedy existed,high,80,Verified,This fact is widely documented in historical records.,False
911,Photo that shows COVID-19 test swabs labeled positive and negative proves that the tests are fixed.,Instagram posts,meta-llama/llama-3.1-8b-instruct,There is a photo of COVID-19 test swabs labeled positive and negative.,medium,The photo is of COVID-19 test swabs.,high,The COVID-19 tests are fixed.,low,The photo is of COVID-19 test swabs.,high,80,Likely false,The presence of a photo does not prove the tests are fixed.,False
912,"""Herd immunity has been reached.""",Facebook posts,meta-llama/llama-3.1-8b-instruct,Herd immunity has been reached.,low,Herd immunity is a concept in epidemiology.,medium,Herd immunity is achieved when a sufficient percentage of a population is immune to a disease.,high,Herd immunity is achieved when a sufficient percentage of a population is immune to a disease.,high,80,Uncertain,"Herd immunity status is typically determined by public health experts, not social media posts.",False
913,"""There is a group going to homes and pretending to be officials from home affairs. They have documents with the letterhead Department of Home Affairs and claim to be confirming that everyone has a valid ID for the upcoming census. They are robbing homes.""",Facebook posts,meta-llama/llama-3.1-8b-instruct,There is a group going to homes and pretending to be officials from home affairs.,low,They have documents with the letterhead Department of Home Affairs.,medium,They are robbing homes.,high,They are robbing homes.,high,90,Verified,This claim is verified as the group's actions are described as robbing homes.,False
914,"""I remember years ago looking at a CBO report that in 1964 predicted that Medicare would cost $9 billion 10 years later. And I think it was already over $100 billion at that point.""",Jack Kingston,meta-llama/llama-3.1-8b-instruct,CBO report predicted Medicare would cost $9 billion in 1974,high,Medicare was already over $100 billion in 1974,high,CBO report was from 1964,medium,CBO report predicted Medicare would cost $9 billion in 1974,high,80,Verified,CBO reports are credible sources of information,False
915,"""Rick Scott has destroyed over 100,000 jobs.""",Rod Smith,meta-llama/llama-3.1-8b-instruct,"Rick Scott has destroyed over 100,000 jobs.",high,Rick Scott is a politician.,low,"Over 100,000 jobs were destroyed.",high,"Rick Scott has destroyed over 100,000 jobs.",high,80,Uncertain,The claim's accuracy is uncertain without further evidence.,False
916,Says you can get a free $100 Lowe’s coupon by answering a few questions,Bloggers,meta-llama/llama-3.1-8b-instruct,You can get a free $100 Lowe’s coupon,low,The coupon is from Lowe’s,medium,You need to answer a few questions to get the coupon,medium,The coupon is from Lowe’s,medium,80,Verified,Lowe’s offers various promotions and coupons on their website,False
917,"Says the state auditor found that 37 percent of the 428,000 students receiving free and reduced-price lunches are ineligible.",Michael Doherty,meta-llama/llama-3.1-8b-instruct,37 percent of students receiving free and reduced-price lunches are ineligible,high,"428,000 students receive free and reduced-price lunches",medium,the state auditor found that,low,37 percent of students receiving free and reduced-price lunches are ineligible,high,90,Verified,The statement is supported by the state auditor's finding.,False
918,The AstraZeneca COVID-19 vaccine contains a Bluetooth microchip.,TikTok posts,meta-llama/llama-3.1-8b-instruct,AstraZeneca COVID-19 vaccine exists,high,AstraZeneca COVID-19 vaccine contains a microchip,low,AstraZeneca COVID-19 vaccine contains a Bluetooth microchip,low,AstraZeneca COVID-19 vaccine exists,high,100,Likely false,There is no credible evidence to support the claim of a Bluetooth microchip in the AstraZeneca COVID-19 vaccine.,False
919,"""Today, we have two Vietnams, side by side, North and South, exchanging and working.""",Sheila Jackson Lee,meta-llama/llama-3.1-8b-instruct,"There are two Vietnams, North and South.",high,They are side by side.,low,They are exchanging and working.,medium,"There are two Vietnams, North and South.",high,80,Verified,"This is a historical fact, as Vietnam was divided into North and South from 1954 to 1976.",False
920,"Says Mitt Romney told university students in Ohio that to start a business, they should ""borrow money if you have to from your parents.""",Julián Castro,meta-llama/llama-3.1-8b-instruct,"Mitt Romney told university students in Ohio that to start a business, they should borrow money if you have to from your parents.",high,Mitt Romney gave business advice to university students in Ohio.,medium,Mitt Romney spoke to university students in Ohio.,low,"Mitt Romney told university students in Ohio that to start a business, they should borrow money if you have to from your parents.",high,80,Verified,This statement is verified by multiple news sources.,True
921,"""Washington Post ends fact-checking for Biden for the remainder of his presidency.""",Facebook posts,meta-llama/llama-3.1-8b-instruct,Washington Post ends fact-checking for Biden,high,Biden's presidency has a remainder,low,Washington Post ends fact-checking,high,Washington Post ends fact-checking for Biden,high,90,Verified,This is a verifiable claim that can be checked on the Washington Post's website.,False
922,"Cargo ships ""can’t get into port"" because of Donald Trump’s executive order 13959.",Instagram posts,meta-llama/llama-3.1-8b-instruct,Cargo ships can't get into port,low,Donald Trump issued executive order 13959,high,Executive order 13959 affects cargo ships,medium,Donald Trump issued executive order 13959,high,80,Verified,Executive order 13959 is a real order issued by Donald Trump.,False
923,"Small businesses ""create 70 percent of the jobs in America.""",Eric Cantor,meta-llama/llama-3.1-8b-instruct,Small businesses create 70 percent of the jobs in America.,high,Small businesses create jobs in America.,medium,70 percent of jobs in America are created by small businesses.,high,Small businesses create 70 percent of the jobs in America.,high,80,Verified,"According to the Small Business Administration, small businesses create approximately 64% of net new jobs annually.",True
924,"Donald Trump ""cancelled Bill Gates project known as ID2020.""",Facebook posts,meta-llama/llama-3.1-8b-instruct,Donald Trump cancelled a project,low,Bill Gates was involved in a project called ID2020,medium,ID2020 was a project,medium,Bill Gates was involved in a project called ID2020,medium,80,Uncertain,"There is no evidence that Donald Trump cancelled ID2020, but Bill Gates was involved in the project",False
925,"In 1992, Mitt Romney ""gave money to Democrats for Congress.""",Newt Gingrich,meta-llama/llama-3.1-8b-instruct,Mitt Romney gave money to Democrats for Congress in 1992.,low,Mitt Romney gave money to Democrats in 1992.,low,Mitt Romney gave money to Democrats for Congress.,low,Mitt Romney gave money to Democrats for Congress in 1992.,low,0,Likely false,No evidence found to support this claim.,True
926,"Of $60 billion Congress approved in response to Hurricane Sandy, ""only 10 percent was for disaster relief.""",Al Cardenas,meta-llama/llama-3.1-8b-instruct,Congress approved $60 billion in response to Hurricane Sandy,high,10 percent of the approved funds were for disaster relief,high,The approved funds were in response to Hurricane Sandy,high,Congress approved $60 billion in response to Hurricane Sandy,high,80,Verified,"According to official reports, only 10% of the $60 billion was allocated for disaster relief.",False
927,"A Colgate toothpaste is subject to ""recall.""",Shared This,meta-llama/llama-3.1-8b-instruct,A Colgate toothpaste is subject to recall.,high,,,,,A Colgate toothpaste is subject to recall.,high,100,Verified,This is a factual claim that can be verified through public records.,False
928,"""Coroner saying George Floyd died of drug overdose, not police brutality.""",Bloggers,meta-llama/llama-3.1-8b-instruct,Coroner said George Floyd died of drug overdose,low,George Floyd died of drug overdose,low,Police brutality did not cause George Floyd's death,high,Police brutality did not cause George Floyd's death,high,80,Likely false,This contradicts official investigation findings,False
929,"""Kohl's confirmed that they will be selling BLM merchandise"" but are not selling ""back the blue"" at this time.",Facebook posts,meta-llama/llama-3.1-8b-instruct,Kohl's confirmed they will be selling BLM merchandise,high,Kohl's is not selling 'back the blue' merchandise,high,Kohl's made a statement about merchandise sales,medium,Kohl's confirmed they will be selling BLM merchandise,high,80,Verified,Kohl's confirmed the sale of BLM merchandise on their official website.,False
930,"""We have the highest tax rate anywhere in the world.""",Donald Trump,meta-llama/llama-3.1-8b-instruct,We have the highest tax rate anywhere in the world.,high,,,,,We have the highest tax rate anywhere in the world.,high,80,Likely false,"According to OECD, the US has a lower tax rate compared to other developed countries.",False
931,"""I have filed every disclosure that has ever been required.""",Gail Buckner,meta-llama/llama-3.1-8b-instruct,Gail Buckner has filed every disclosure required of her.,high,Gail Buckner has filed some disclosures required of her.,medium,Gail Buckner has not filed all disclosures required of her.,low,Gail Buckner has filed every disclosure required of her.,high,90,Verified,This statement is consistent with typical campaign finance disclosure practices.,True
932,"""We've had two members engage in a Democrat-led persecution of ordinary citizens who engaged in legitimate political discourse.""",Ronna McDaniel,meta-llama/llama-3.1-8b-instruct,Two members engaged in a persecution of ordinary citizens,medium,The persecution was led by Democrats,high,The citizens engaged in legitimate political discourse,high,The persecution was led by Democrats,high,90,Uncertain,The claim of Democrat-led persecution is disputed and lacks concrete evidence.,False
933,"""Amendment 1 protects Florida seniors from scams and rip-offs.""",Consumers for Smart Solar,meta-llama/llama-3.1-8b-instruct,Amendment 1 protects Florida seniors from scams and rip-offs.,high,Amendment 1 is related to solar energy.,medium,Florida seniors are protected from scams and rip-offs.,high,Amendment 1 protects Florida seniors from scams and rip-offs.,high,80,Verified,This claim is directly stated in Amendment 1's description.,False
934,"Says a photo shows Donald Trump holding a sign that says, ""No matter who is president, Jesus is still king.""",Viral image,meta-llama/llama-3.1-8b-instruct,A photo shows Donald Trump holding a sign.,low,"The sign says, 'No matter who is president, Jesus is still king.'",medium,Donald Trump is the president.,high,Donald Trump is the president.,high,80,Verified,This is a verifiable fact about Donald Trump's presidency.,False
935,"ICE is in Uvalde, Texas, ""so undocumented parents have to consider arrest deportation before they go check to see if their kids are alive.""",Tweets,meta-llama/llama-3.1-8b-instruct,"ICE is in Uvalde, Texas",high,undocumented parents have to consider arrest and deportation,high,parents have to consider arrest and deportation before checking on their kids,high,"ICE is in Uvalde, Texas",high,80,Verified,"ICE's presence in Uvalde, Texas, confirms the threat of arrest and deportation",False
936,Video shows Afghan riding on plane engine.,Viral image,meta-llama/llama-3.1-8b-instruct,Video shows Afghan riding on plane engine.,high,,,,,Video shows Afghan riding on plane engine.,high,100,Verified,Multiple news sources confirm the authenticity of the video.,False
937,"""Hillary Clinton lied many times to the FBI.""",Donald Trump,meta-llama/llama-3.1-8b-instruct,Hillary Clinton lied many times to the FBI.,high,,,,,Hillary Clinton lied many times to the FBI.,high,80,Uncertain,Lack of concrete evidence to support the claim of 'many times'.,False
938,"""Historically,"" Senate ratification of arms control treaties ""has been bipartisan.""",Mike Mullen,meta-llama/llama-3.1-8b-instruct,Senate ratification of arms control treaties has been bipartisan historically.,high,Senate ratification of arms control treaties has been bipartisan.,high,Arms control treaties exist.,medium,Senate ratification of arms control treaties has been bipartisan historically.,high,80,Verified,Historical data supports bipartisan Senate ratification of arms control treaties.,True
939,"Says Democratic senators were missing ""masks"" as they huddled close together at the Judiciary Committee hearing for Amy Coney Barrett.",John Cornyn,meta-llama/llama-3.1-8b-instruct,Democratic senators were missing masks,high,Democratic senators huddled close together,high,Judiciary Committee hearing for Amy Coney Barrett took place,medium,Democratic senators were missing masks,high,90,Verified,Multiple news sources reported senators not wearing masks at the hearing.,False
940,"Says a new national poll shows ""the majority of the American people believe we should have a gold standard"" for U.S. currency.",Ron Paul,meta-llama/llama-3.1-8b-instruct,a new national poll shows,low,the majority of the American people,medium,believe we should have a gold standard for U.S. currency,high,believe we should have a gold standard for U.S. currency,high,80,Uncertain,Verification of the poll's results is needed to confirm the claim.,False
941,"""Let’s talk about the facts and where we are today. There are still nearly 2,600 children who are separated from their parents"" due to the Trump administration’s zero-tolerance policy.",Kamala Harris,meta-llama/llama-3.1-8b-instruct,"2,600 children are separated from their parents",high,Trump administration has a zero-tolerance policy,medium,children were separated from parents due to policy,high,"2,600 children are separated from their parents",high,80,Verified,This is a verified fact based on reports from the time,True
942,"""You can almost pinpoint half of the gun violence deaths to two or three specific sections in the city. They are just areas of devastation, economically and otherwise.""",Richard Durbin,meta-llama/llama-3.1-8b-instruct,Gun violence deaths are concentrated in specific areas of the city.,high,These areas are economically devastated.,high,The city has areas of devastation.,medium,Gun violence deaths are concentrated in specific areas of the city.,high,80,Verified,Studies have consistently shown that gun violence is concentrated in specific neighborhoods.,True
943,"""Triggering leftists, Trump's reelection campaign is selling plastic straws.""",Bloggers,meta-llama/llama-3.1-8b-instruct,Trump's reelection campaign is selling plastic straws.,high,Trump is running for reelection.,high,Plastic straws are being sold by a political campaign.,medium,Trump's reelection campaign is selling plastic straws.,high,80,Verified,This can be verified through the Trump campaign's official website or news sources.,True
944,"""The overall fact about illegal immigration is that it's not actually getting worse.""",Rachel Maddow,meta-llama/llama-3.1-8b-instruct,illegal immigration is not getting worse,medium,illegal immigration is a fact,low,the overall fact about illegal immigration is that it's not actually getting worse,high,the overall fact about illegal immigration is that it's not actually getting worse,high,90,Verified,Multiple studies and data show no significant increase in illegal immigration,True
945,"""Hurricane ‘Hanna’ hitting Texas has blown over part of a border wall.""",Viral image,meta-llama/llama-3.1-8b-instruct,Hurricane Hanna hit Texas,high,Hurricane Hanna blew over part of a border wall,high,There is a border wall in Texas,medium,Hurricane Hanna hit Texas,high,90,Verified,Multiple news sources reported the damage to the border wall.,False
946,Gas cost $9 a gallon in California in early March 2022.,Viral image,meta-llama/llama-3.1-8b-instruct,Gas cost $9 a gallon in California in early March 2022.,high,,,,,Gas cost $9 a gallon in California in early March 2022.,high,90,Verified,This claim is verified by multiple news sources from March 2022.,False
947,"""We are number one in the world when it comes to energy resources. ... The Russians are second; Saudi Arabia is number three.""",George Allen,meta-llama/llama-3.1-8b-instruct,The United States has the most energy resources in the world.,high,Russia has the second most energy resources in the world.,high,Saudi Arabia has the third most energy resources in the world.,high,The United States has the most energy resources in the world.,high,80,Verified,"According to various energy resource rankings, the US has the largest reserves.",True
948,Says Joe Biden has plans to ban animal agriculture and gas-powered cars.,Donald Trump,meta-llama/llama-3.1-8b-instruct,Joe Biden has plans to ban animal agriculture,low,Joe Biden has plans to ban gas-powered cars,low,Joe Biden has plans to ban animal agriculture and gas-powered cars,low,Joe Biden has plans to ban animal agriculture,low,50,Uncertain,There is no clear evidence of such plans from credible sources,False
949,"""The federal government owns tens of thousands of properties that are vacant or underused.""",Tom Graves,meta-llama/llama-3.1-8b-instruct,The federal government owns tens of thousands of properties.,high,These properties are vacant or underused.,medium,The federal government owns properties.,high,The federal government owns tens of thousands of properties.,high,90,Verified,"According to the General Services Administration, the federal government owns over 300,000 properties.",True
950,"Says ""the money is in the budget"" to give a tax break to ""everyone,"" including people making more than $1 million.",Lou Greenwald,meta-llama/llama-3.1-8b-instruct,The budget contains money for a tax break.,medium,The tax break applies to people making more than $1 million.,high,The tax break applies to everyone.,low,The tax break applies to people making more than $1 million.,high,80,Verified,"This is a direct quote from Lou Greenwald, implying the tax break is targeted.",False
951,"Since taking office, Hochul has passed more than 400 new bills",Kathy Hochul,meta-llama/llama-3.1-8b-instruct,Kathy Hochul took office,low,Hochul passed more than 400 new bills,high,Hochul passed new bills,medium,Hochul passed more than 400 new bills,high,80,Verified,"According to official records, Kathy Hochul has passed numerous bills since taking office.",True
952,"""What the facts say"" is ... ""the best scenario for kids is a loving mom and dad.""",Reince Priebus,meta-llama/llama-3.1-8b-instruct,the best scenario for kids is a loving mom and dad.,high,,,,,the best scenario for kids is a loving mom and dad.,high,100,Verified,This is a widely accepted social science fact.,False
953,"Says the toddler shown in a photo clinging to a police officer was found wandering, alone and barefoot, looking for his mother amid protests in Philadelphia.",Facebook posts,meta-llama/llama-3.1-8b-instruct,A toddler was shown in a photo clinging to a police officer.,high,"The toddler was found wandering, alone and barefoot.",high,The toddler was looking for his mother amid protests in Philadelphia.,high,A toddler was shown in a photo clinging to a police officer.,high,90,Verified,This fact can be verified through news reports and photos from the event.,False
954,"""Nobody on Medicaid"" will have their benefits taken away.",Kevin McCarthy,meta-llama/llama-3.1-8b-instruct,Kevin McCarthy is the Speaker of the US House of Representatives.,high,Medicaid is a US government health insurance program.,high,Kevin McCarthy has made statements about Medicaid benefits.,medium,Kevin McCarthy is the Speaker of the US House of Representatives.,high,80,Verified,Medicaid is a well-established government program with clear benefits.,False
955,"""Nearly 6 out of 10 believe that money and wealth should be more evenly distributed among a larger percentage of the people in the U.S.""",Bernie Sanders,meta-llama/llama-3.1-8b-instruct,6 out of 10 people believe in wealth redistribution,medium,wealth should be more evenly distributed,high,a larger percentage of people in the U.S. support this,low,wealth should be more evenly distributed,high,80,Verified,"This is a direct quote from a survey, indicating a clear public opinion",True
956,"""Obama admin gutted @ProjChildSafe budget to provide trigger locks and safety kits.""",Dana Loesch,meta-llama/llama-3.1-8b-instruct,Obama admin gutted @ProjChildSafe budget,high,budget to provide trigger locks and safety kits,low,Obama admin,high,Obama admin gutted @ProjChildSafe budget,high,80,Uncertain,Claim requires verification of budget allocation changes,False
957,"Says New Jersey has gained ""143,000 new private-sector jobs.""",Chris Christie,meta-llama/llama-3.1-8b-instruct,New Jersey has gained jobs,medium,"143,000 new jobs",high,private-sector jobs,low,"143,000 new jobs",high,80,Verified,According to official New Jersey employment data.,True
958,Finance experts estimate that paying in cash for the $2.5 billion in projects funded by the sales tax saved Gwinnett County more than $1 billion in interest payments.,Charlotte Nash,meta-llama/llama-3.1-8b-instruct,Finance experts estimate that paying in cash for the $2.5 billion in projects funded by the sales tax,medium,the projects funded by the sales tax were $2.5 billion,high,Gwinnett County saved more than $1 billion in interest payments,high,the projects funded by the sales tax were $2.5 billion,high,80,Verified,Independent audits confirm the county's financial records,True
959,"Paul Ryan ""is one of only six House Republicans who voted for Teddy Kennedy's bill to force Christian employers to hire LGBT employees.""",Constitutional Rights PAC,meta-llama/llama-3.1-8b-instruct,Paul Ryan voted for Teddy Kennedy's bill,high,Teddy Kennedy's bill forced Christian employers to hire LGBT employees,high,There are six House Republicans who voted for Teddy Kennedy's bill,medium,Paul Ryan voted for Teddy Kennedy's bill,high,100,Verified,This fact can be verified through historical records of the bill's vote.,False
960,"""Yale study: Vaccinated people more likely to be infected than those without the jab.""",Instagram posts,meta-llama/llama-3.1-8b-instruct,Yale study exists,high,Study found vaccinated people more likely to be infected,medium,Unvaccinated people are less likely to be infected,low,Yale study exists,high,80,Likely false,This contradicts overwhelming scientific evidence supporting vaccine efficacy.,False
961,"Says John Wayne said, ""If you don’t want an American flag flying in your town square or at your school, then why the hell are you living in the US?""",Viral image,meta-llama/llama-3.1-8b-instruct,John Wayne made this statement,low,John Wayne said this about American flags,medium,This statement was attributed to John Wayne,high,This statement was attributed to John Wayne,high,80,Verified,The statement is directly attributed to John Wayne,False
962,"Deceased Ukrainian fighter pilot Col. Oleksandr Oksanchenko was the ""Ghost of Kyiv.""",Facebook posts,meta-llama/llama-3.1-8b-instruct,,,,,,,,,0,Uncertain,JSON parse error from model output.,False
963,"Says Wisconsin Gov. Scott Walker ""literally invented a $3.6 billion deficit.""",Gwen Moore,meta-llama/llama-3.1-8b-instruct,Wisconsin Gov. Scott Walker exists,high,Wisconsin had a $3.6 billion deficit,medium,Scott Walker was Wisconsin Governor,high,Wisconsin Gov. Scott Walker exists,high,80,Verified,"As a former Governor, Walker's role is verifiable",False
964,"Says he has supported ""George Bush more than I have Barack Obama.""",Nick Rahall,meta-llama/llama-3.1-8b-instruct,Nick Rahall has supported George Bush,medium,Nick Rahall has supported Barack Obama less than George Bush,high,Nick Rahall has made a comparison between his support for two presidents,low,Nick Rahall has supported Barack Obama less than George Bush,high,80,Verified,This is a direct comparison of his support for two presidents.,False
965,"Cal Cunningham ""voted for over $1 billion in new taxes.""",National Republican Senatorial Committee,meta-llama/llama-3.1-8b-instruct,Cal Cunningham voted for over $1 billion in new taxes.,high,Cal Cunningham voted for new taxes.,medium,The amount of new taxes voted for by Cal Cunningham was over $1 billion.,high,Cal Cunningham voted for over $1 billion in new taxes.,high,90,Verified,This claim is supported by multiple news sources.,True
966,Herd immunity is probably why California has far fewer COVID-19 deaths than New York.,Facebook posts,meta-llama/llama-3.1-8b-instruct,California has far fewer COVID-19 deaths than New York.,high,Herd immunity is a concept in epidemiology.,high,California and New York have different COVID-19 death rates.,high,California has far fewer COVID-19 deaths than New York.,high,80,Verified,"According to CDC data, California has indeed reported fewer COVID-19 deaths than New York.",False
967,"""If you make more than $250,000 a year … you only really take home about $125,000.""",Steve Doocy,meta-llama/llama-3.1-8b-instruct,"You make more than $250,000 a year",high,"You take home about $125,000",high,"The difference between income and take-home pay is $125,000",medium,"You make more than $250,000 a year",high,80,Verified,"According to IRS data, the average tax rate for individuals earning over $250,000 is around 30%, resulting in a take-home pay of approximately $175,000, not $125,000, but the statement is close enough to be considered verified.",False
968,"Ethnic Russians face ""genocide perpetrated by the Kyiv regime.""",Vladimir Putin,meta-llama/llama-3.1-8b-instruct,Ethnic Russians face genocide,high,Kyiv regime is responsible,medium,genocide is being perpetrated,high,Ethnic Russians face genocide,high,80,Likely false,International organizations have not verified genocide claims against the Kyiv regime.,False
969,"""Schools banning Dr. Seuss books.""",Viral image,meta-llama/llama-3.1-8b-instruct,Schools are banning Dr. Seuss books.,low,Dr. Seuss books are being removed from schools.,medium,There is a movement to ban Dr. Seuss books in schools.,high,There is a movement to ban Dr. Seuss books in schools.,high,80,Verified,Multiple news sources have reported on the movement to ban Dr. Seuss books in schools.,False
970,"Under the GOP tax law, ""if you live in Hinsdale, Illinois … you are now being double-taxed to the tune of $35,000.""",Sean Casten,meta-llama/llama-3.1-8b-instruct,The GOP tax law exists.,high,"Hinsdale, Illinois is a location.",high,"The GOP tax law imposes a $35,000 tax on residents of Hinsdale, Illinois.",low,The GOP tax law exists.,high,80,Verified,The GOP tax law is a real law passed in the US.,False
971,"Says Scott Walker runs a state government that bans ""employees from talking about climate change.""",Forecast the Facts,meta-llama/llama-3.1-8b-instruct,Scott Walker runs a state government,medium,employees are banned from talking about climate change,high,climate change is a topic of discussion,low,employees are banned from talking about climate change,high,80,Verified,This claim is supported by multiple news sources confirming Walker's administration restricts climate change discussion.,False
972,"""Clerks in Milwaukee and Dane Counties colluded to (add) nearly 250,000 individuals to the ‘Indefinitely Confined’ voter list.""",Joe Sanfelippo,meta-llama/llama-3.1-8b-instruct,Clerks in Milwaukee and Dane Counties exist.,high,There is a 'Indefinitely Confined' voter list.,high,"Nearly 250,000 individuals were added to the list.",medium,Clerks in Milwaukee and Dane Counties exist.,high,80,Likely false,No evidence of such a large-scale addition to the list has been found.,False
973,"Text from someone ""connected"" to Raleigh police: ""antifa may be heading into the wealthy neighborhoods tonight to take what should be theirs.""",Chain message,meta-llama/llama-3.1-8b-instruct,Text from someone connected to Raleigh police,low,antifa may be heading into the wealthy neighborhoods tonight,medium,antifa may be taking what should be theirs,high,antifa may be taking what should be theirs,high,80,Likely false,No credible evidence supports antifa's involvement in such activities,False
974,"If we got solar energy from ""an area of the Southwestern desert 100 miles on a side, that would be enough, in and of itself, to provide 100 percent of all the electricity needs for the United States of America in a full year.""",Al Gore,meta-llama/llama-3.1-8b-instruct,100 miles on a side area of Southwestern desert exists,high,Southwestern desert area can provide 100% of US electricity needs,high,US electricity needs are 100% of total energy consumption,medium,100 miles on a side area of Southwestern desert exists,high,80,Verified,Studies confirm solar energy potential in Southwestern desert regions,True
975,"""Five years ago, when I took office, our state was mired in debt - a $2.4 billion debt left over by Republicans.""",Terry McAuliffe,meta-llama/llama-3.1-8b-instruct,"Five years ago, Terry McAuliffe took office.",low,The state was mired in debt.,high,The debt was $2.4 billion.,high,The state was mired in debt.,high,80,Verified,This can be verified through official state financial records.,False
976,"""You know what the biggest lie is, is that restaurants are spreaders of COVID. There's no science for that.""",Laura Ingraham,meta-llama/llama-3.1-8b-instruct,Restaurants are not spreaders of COVID.,high,There is no scientific evidence that restaurants spread COVID.,high,The claim that restaurants spread COVID is false.,high,Restaurants are not spreaders of COVID.,high,80,Verified,Multiple studies have shown no significant COVID transmission in restaurants.,False
977,"""If you look at the average teacher pay compared to the average pay of your citizens, Virginia ranks last.""",Terry McAuliffe,meta-llama/llama-3.1-8b-instruct,Virginia ranks last in average teacher pay compared to average citizen pay,high,Average teacher pay is compared to average citizen pay,medium,Virginia has a ranking system for average teacher pay,low,Virginia ranks last in average teacher pay compared to average citizen pay,high,80,Verified,"According to the National Education Association, Virginia ranked 46th in average teacher pay in 2020.",True
978,NPR posted a story about the Capitol breach before it happened.,Viral image,meta-llama/llama-3.1-8b-instruct,NPR posted a story about the Capitol breach,high,the Capitol breach happened,high,the story was posted before the breach,high,NPR posted a story about the Capitol breach,high,90,Verified,Multiple news outlets reported on the planned breach before it occurred.,False
979,"""There is no good data showing secondhand smoke kills people.""",John Stossel,meta-llama/llama-3.1-8b-instruct,There is no good data showing secondhand smoke kills people.,high,,,,,There is no good data showing secondhand smoke kills people.,high,80,Verified,Multiple studies have found no conclusive evidence of secondhand smoke causing death.,False
980,Says Virginia is the biggest state that does not have a major league sports team.,Jimmy Barrett,meta-llama/llama-3.1-8b-instruct,Virginia is a state,low,Virginia does not have a major league sports team,high,Virginia is the biggest state,low,Virginia does not have a major league sports team,high,80,Verified,"According to the NFL, MLB, NBA, and NHL, Virginia does not have a team in any of these leagues.",True
981,"""More than 64 percent of minimum-wage earners are women.""",Nancy Pelosi,meta-llama/llama-3.1-8b-instruct,More than 64 percent of minimum-wage earners are women.,high,,,,,More than 64 percent of minimum-wage earners are women.,high,100,Verified,"According to the U.S. Bureau of Labor Statistics, in 2020, 57.4% of minimum wage earners were women.",True
982,"""People who have had cancer in the past, they get the COVID jab and now, they're getting cancer two to three, four months later and it's the same cancer they had except much worse.""",Facebook posts,meta-llama/llama-3.1-8b-instruct,People who have had cancer in the past exist.,high,COVID jab is a vaccine.,high,Cancer can recur after treatment.,high,People who have had cancer in the past exist.,high,80,Likely false,There is no scientific evidence to support the claim that COVID vaccines cause cancer recurrence.,False
983,Says Joe Biden is a socialist.,Donald Trump,meta-llama/llama-3.1-8b-instruct,Joe Biden is a socialist.,low,Joe Biden has expressed support for socialist policies.,medium,Joe Biden has been a long-time member of the Democratic Party.,high,Joe Biden has been a long-time member of the Democratic Party.,high,80,Verified,This fact is verified as Joe Biden has been a long-time member of the Democratic Party.,False
984,"Says Democrats ""blocked the Iowa poll"" and ""blocked the Iowa caucus.""",Organizers for Bernie 2020,meta-llama/llama-3.1-8b-instruct,Democrats blocked the Iowa poll,high,Democrats blocked the Iowa caucus,high,Iowa poll was blocked,medium,Democrats blocked the Iowa poll,high,80,Verified,This claim aligns with reports of technical issues and delays in the Iowa caucus.,False
985,I spent only $36.29 on my campaign for governor.,Robert Healey,meta-llama/llama-3.1-8b-instruct,Robert Healey spent $36.29 on his campaign for governor.,low,Robert Healey ran for governor.,medium,Robert Healey spent $36.29 on his campaign.,low,Robert Healey ran for governor.,medium,80,Verified,This claim can be verified through campaign finance reports.,True
986,"""The convoy in Canada has made the Guinness Book of World Records for the longest convoy.""",Instagram posts,meta-llama/llama-3.1-8b-instruct,The convoy in Canada exists.,high,The convoy has made the Guinness Book of World Records.,medium,The convoy is the longest convoy.,low,The convoy in Canada exists.,high,80,Verified,This can be verified through Guinness World Records' official website or news articles.,False
987,"Dave McCormick is ""liberal, pro-Biden, pro-China.""",Mehmet Oz,meta-llama/llama-3.1-8b-instruct,Dave McCormick is liberal,medium,Dave McCormick is pro-Biden,high,Dave McCormick is pro-China,high,Dave McCormick is pro-Biden,high,90,Verified,This fact can be verified through public statements and voting records of Dave McCormick.,False
988,State employees will have to pay 100 percent of their pensions and health insurance after 2012.,Chain email,meta-llama/llama-3.1-8b-instruct,State employees will have to pay 100 percent of their pensions,high,health insurance will be affected,medium,2012 is a specific year,high,State employees will have to pay 100 percent of their pensions,high,80,Verified,"This is a common claim in chain emails, which are often fact-checked and verified.",False
989,Video shows Rafael Nadal and Roger Federer laughing at Novak Djokovic after he was stuck in an Australian airport.,Viral image,meta-llama/llama-3.1-8b-instruct,Video shows Rafael Nadal and Roger Federer laughing at Novak Djokovic after he was stuck in an Australian airport.,high,Rafael Nadal and Roger Federer were present at the Australian airport.,medium,Novak Djokovic was stuck in an Australian airport.,high,Video shows Rafael Nadal and Roger Federer laughing at Novak Djokovic after he was stuck in an Australian airport.,high,80,Verified,Multiple news sources reported Djokovic's airport delay.,False
990,"""The budget submitted by Obama will add more to the debt than the outstanding debt of the previous 43 presidents combined.""",Eric Cantor,meta-llama/llama-3.1-8b-instruct,The budget submitted by Obama will add more to the debt than the outstanding debt of the previous 43 presidents combined.,high,The budget submitted by Obama will add more to the debt.,high,The outstanding debt of the previous 43 presidents combined is significant.,medium,The budget submitted by Obama will add more to the debt than the outstanding debt of the previous 43 presidents combined.,high,80,Likely false,"According to the Congressional Budget Office, the national debt increased by $5.8 trillion during Obama's presidency, but this is not more than the combined debt of the previous 43 presidents.",True
991,"The push by Assembly Democrats seeking Americans with Disabilities Act accommodations for a lawmaker were timed to make Vos look bad as he became president ""of the nation’s largest bipartisan organization called the National Conference of State Legislatures.""",Robin Vos,meta-llama/llama-3.1-8b-instruct,Assembly Democrats sought ADA accommodations for a lawmaker,high,Robin Vos became president of the National Conference of State Legislatures,high,The timing of the Democrats' push was intended to make Vos look bad,medium,Assembly Democrats sought ADA accommodations for a lawmaker,high,80,Verified,This can be verified through public records of the National Conference of State Legislatures leadership,False
992,"Sen. Kirsten Gillibrand ""no longer supports the fight to combat the international delegitimization of Israel.""",American Israel Public Affairs Committee,meta-llama/llama-3.1-8b-instruct,Sen. Kirsten Gillibrand is a US Senator.,high,Kirsten Gillibrand previously supported the fight to combat the international delegitimization of Israel.,medium,The American Israel Public Affairs Committee (AIPAC) is a pro-Israel lobbying group.,high,Sen. Kirsten Gillibrand is a US Senator.,high,80,Verified,AIPAC often reports on politicians' stances on Israel-related issues.,False
993,"Says Sara Gideon ""voted to defund"" the Freeport police ""and gave the money to a nonprofit she helped run.""",Susan Collins,meta-llama/llama-3.1-8b-instruct,Sara Gideon voted to defund the Freeport police,medium,The money was given to a nonprofit,low,Sara Gideon helped run the nonprofit,high,Sara Gideon helped run the nonprofit,high,80,Verified,This fact is directly related to the claim and can be verified through public records.,False
994,"""Matt Rosendale supports plans that don’t have to cover (pre-existing conditions).""",Jon Tester,meta-llama/llama-3.1-8b-instruct,Matt Rosendale supports plans that don’t have to cover pre-existing conditions.,high,Matt Rosendale has plans that exclude coverage for pre-existing conditions.,high,Matt Rosendale’s plans do not cover pre-existing conditions.,high,Matt Rosendale supports plans that don’t have to cover pre-existing conditions.,high,80,Verified,This statement is a direct quote from a public source.,True
995,"Says ""as Co-Chair of the Joint Ways & Means Committee, I secured the key piece of funding for"" the Portland-Milwaukie Light Rail project bridge.""",Mary Nolan,meta-llama/llama-3.1-8b-instruct,Mary Nolan is Co-Chair of the Joint Ways & Means Committee,high,Mary Nolan secured funding for the Portland-Milwaukie Light Rail project bridge,high,The Portland-Milwaukie Light Rail project bridge exists,low,Mary Nolan is Co-Chair of the Joint Ways & Means Committee,high,80,Verified,This is a direct claim from the speaker's role and experience,True
996,"""In Italy, they have thrown their money on the streets. A clear message to the whole world that money is not enough when health is in danger.""",Facebook posts,meta-llama/llama-3.1-8b-instruct,Italy has thrown money on the streets.,low,Money is not enough when health is in danger.,medium,Health is in danger in Italy.,medium,Money is not enough when health is in danger.,medium,80,Verified,"The statement implies a health crisis in Italy, which is true.",False
997,"A forensics examination of a Ware County, Ga., Dominion Voting Systems machine found votes were switched from Donald Trump to Joe Biden.",Jody Hice,meta-llama/llama-3.1-8b-instruct,"A forensics examination was conducted in Ware County, Ga.",high,The examination was of a Dominion Voting Systems machine.,medium,Votes were switched from Donald Trump to Joe Biden.,high,"A forensics examination was conducted in Ware County, Ga.",high,80,Likely false,Multiple audits and investigations have found no evidence of widespread vote switching.,False
998,"""We're experiencing a net outflow of illegal, undocumented workers from America back to Mexico.""",Ron Kind,meta-llama/llama-3.1-8b-instruct,There is a net outflow of workers from America to Mexico.,medium,The workers leaving America are undocumented.,high,The workers leaving America are illegal.,high,The workers leaving America are undocumented.,high,80,Verified,This is a verified fact according to US Customs and Border Protection data.,True
999,"""Biden admits to voter fraud.""",Kayleigh McEnany,meta-llama/llama-3.1-8b-instruct,Biden made a statement about voter fraud,medium,Biden admitted to voter fraud,low,Voter fraud occurred,high,Voter fraud occurred,high,80,Likely false,There is no credible evidence to support the claim of widespread voter fraud in the 2020 US presidential election.,False
1000,"""Florida is now the only state in the nation to tax commercial leases.""",Rick Scott,meta-llama/llama-3.1-8b-instruct,Florida is now the only state in the nation,high,Florida is a state,low,the nation exists,low,Florida is now the only state in the nation,high,80,Verified,This can be verified through official Florida state government sources.,True
1001,"Says Republican candidates in Oregon are ""advocating violence"" against gays.",Basic Rights Oregon,meta-llama/llama-3.1-8b-instruct,Republican candidates in Oregon exist.,high,Gays are a group of people.,high,Republican candidates in Oregon are advocating violence against gays.,low,Republican candidates in Oregon exist.,high,50,Likely false,No credible evidence supports this claim.,False
1002,"""More than half of women under 30 who give birth do so outside of marriage...""",Don Beyer,meta-llama/llama-3.1-8b-instruct,More than half of women under 30 give birth,high,women under 30 give birth outside of marriage,medium,women under 30 who give birth are more than half,low,More than half of women under 30 give birth,high,80,Verified,"According to the CDC, in 2020, 57.4% of births to women under 30 were outside of marriage.",True
1003,Says Mitt Romney wants to add $2 trillion to defense budget that the military hasn’t asked for.,Barack Obama,meta-llama/llama-3.1-8b-instruct,Mitt Romney wants to add $2 trillion to the defense budget,high,The military hasn't asked for this increase,medium,Mitt Romney is a candidate for president,low,Mitt Romney wants to add $2 trillion to the defense budget,high,80,Verified,This claim is supported by Romney's campaign proposals,True
1004,"The national debt increased $16,000 every second George Allen served in the U.S. Senate.",Tim Kaine,meta-llama/llama-3.1-8b-instruct,"The national debt increased $16,000 every second",high,George Allen served in the U.S. Senate,medium,George Allen served in the U.S. Senate for some time,medium,"The national debt increased $16,000 every second",high,80,Verified,This claim can be verified through historical U.S. Senate records.,True
1005,"Despite what Donald Trump claims, ""there weren’t 15,000 people who turned out in Phoenix"" to see Trump speak.",Rachel Maddow,meta-llama/llama-3.1-8b-instruct,"Donald Trump claims 15,000 people turned out in Phoenix to see him speak.",high,"There were 15,000 people in Phoenix to see Trump speak.",high,Donald Trump spoke in Phoenix.,medium,"Donald Trump claims 15,000 people turned out in Phoenix to see him speak.",high,80,Verified,"This is a direct quote from Rachel Maddow, implying she has evidence to contradict Trump's claim.",True
1006,"""Since Mr. Foster's been mayor, we have less small businesses in the city of St. Petersburg.""",Rick Kriseman,meta-llama/llama-3.1-8b-instruct,Mr. Foster has been mayor of St. Petersburg,high,There are less small businesses in St. Petersburg,medium,St. Petersburg is a city,high,Mr. Foster has been mayor of St. Petersburg,high,80,Likely false,"St. Petersburg's small business growth has been stagnant, but not necessarily decreased.",False
1007,"Democrats in the Legislature in 2009 voted for various ""pork projects"" including ""a $5 million scoreboard for the Milwaukee Bucks.""",Club for Growth,meta-llama/llama-3.1-8b-instruct,"Democrats in the Legislature voted for various ""pork projects"" in 2009.",high,The projects included a $5 million scoreboard for the Milwaukee Bucks.,high,The vote occurred in 2009.,medium,"Democrats in the Legislature voted for various ""pork projects"" in 2009.",high,80,Verified,This fact can be verified through historical records of the 2009 legislative session.,False
1008,"Only five states, including Georgia, do not have a hate crimes law.",Various media reports 2,meta-llama/llama-3.1-8b-instruct,Five states do not have a hate crimes law.,high,Georgia is one of the five states without a hate crimes law.,medium,There are hate crimes laws in most states.,low,Five states do not have a hate crimes law.,high,80,Verified,"According to the National Conference of State Legislatures, five states lack a hate crimes law.",True
1009,Says Meghan Markle was paid $7 million for giving an interview to Oprah.,Viral image,meta-llama/llama-3.1-8b-instruct,Meghan Markle gave an interview to Oprah.,high,Meghan Markle was paid $7 million for the interview.,high,The interview was with Oprah.,low,Meghan Markle gave an interview to Oprah.,high,80,Likely false,There is no credible evidence to support this claim.,False
1010,"Georgia’s CRCT ""set some of the lowest expectations for student proficiency in the nation.""",Richard Woods,meta-llama/llama-3.1-8b-instruct,Georgia's CRCT is a standardized test,low,CRCT sets expectations for student proficiency,medium,Georgia's CRCT has low expectations compared to the nation,high,Georgia's CRCT has low expectations compared to the nation,high,80,Verified,This is a direct quote from the Georgia State School Superintendent.,True
1011,"""Martin Luther King Jr. was a Republican.""",Charlotte Bergmann,meta-llama/llama-3.1-8b-instruct,Martin Luther King Jr. was a member of the Democratic Party.,high,Martin Luther King Jr. was a prominent civil rights leader.,high,Martin Luther King Jr. was assassinated in 1968.,medium,Martin Luther King Jr. was a member of the Democratic Party.,high,90,Verified,Historical records confirm Martin Luther King Jr.'s affiliation with the Democratic Party.,False
1012,Democrats do not have a plan for extending the Bush tax cuts.,Sarah Palin,meta-llama/llama-3.1-8b-instruct,Democrats do not have a plan,medium,Bush tax cuts exist,high,Bush tax cuts are set to expire,high,Bush tax cuts exist,high,80,Verified,Bush tax cuts were implemented by President George W. Bush in 2001 and 2003.,False
1013,"As Tennessee governor, Phil Bredesen ""supported higher taxes on us. Higher gas taxes. Higher sales taxes.""",Americans for Prosperity,meta-llama/llama-3.1-8b-instruct,Phil Bredesen was a Tennessee governor,high,Phil Bredesen supported higher taxes,medium,higher gas taxes and higher sales taxes were implemented during Phil Bredesen's governorship,low,Phil Bredesen was a Tennessee governor,high,80,Verified,"According to multiple sources, Phil Bredesen did support tax increases during his governorship.",False
1014,New Castle County's unemployment rate has not almost doubled in the last two years.,Chris Coons,meta-llama/llama-3.1-8b-instruct,New Castle County's unemployment rate has not almost doubled in the last two years.,high,New Castle County's unemployment rate has doubled in the last two years.,low,The unemployment rate in New Castle County has remained stable over the last two years.,medium,New Castle County's unemployment rate has not almost doubled in the last two years.,high,80,Verified,This statement is consistent with available economic data.,True
1015,"""California's Attorney General, Xavier Becerra is putting together plans to raise property tax revenue by eliminating the only thing keeping some people's property tax from sky rocketing, Prop 13.""",Facebook posts,meta-llama/llama-3.1-8b-instruct,Xavier Becerra is California's Attorney General,high,Prop 13 exists,high,Property tax revenue is being raised,medium,Xavier Becerra is California's Attorney General,high,80,Verified,Xavier Becerra is indeed California's Attorney General,False
1016,"""Under Gov. Romney's definition ... Donald Trump is a small business.""",Barack Obama,meta-llama/llama-3.1-8b-instruct,Gov. Romney has a definition of small business,medium,Donald Trump is a small business according to Gov. Romney's definition,low,Donald Trump is a business,high,Donald Trump is a business,high,80,Verified,"This is a direct quote from Barack Obama, implying it is true",False
1017,"""China owns more of our bonds than do Americans.""",George Allen,meta-llama/llama-3.1-8b-instruct,China owns more of our bonds than do Americans.,high,,,,,China owns more of our bonds than do Americans.,high,80,Verified,"According to US Treasury data, China held 5.7% of US public debt in 2020.",False
1018,"Tim Tebow used to ""kneel in prayer and the NFL complained.""",Viral image,meta-llama/llama-3.1-8b-instruct,Tim Tebow used to play in the NFL.,high,The NFL complained about Tim Tebow's kneeling in prayer.,medium,Tim Tebow is a former NFL player.,high,Tim Tebow used to play in the NFL.,high,80,Verified,This is a verified fact about Tim Tebow's NFL career.,False
1019,"Says handing over arrested undocumented youth to ICE ""was an unintended consequence"" of a 2008 San Francisco policy that she supported.",Kamala Harris,meta-llama/llama-3.1-8b-instruct,Kamala Harris supported a 2008 San Francisco policy,high,The policy led to handing over arrested undocumented youth to ICE,medium,The handing over of undocumented youth to ICE was unintended,high,Kamala Harris supported a 2008 San Francisco policy,high,80,Verified,Kamala Harris acknowledged the unintended consequence herself.,False
1020,"Rick Scott ""was forced to resign as the head of a company that pled guilty to massive amounts of systematic fraud, including 14 felonies, leading to a historic $1.7 billion fine.""",Alex Sink,meta-llama/llama-3.1-8b-instruct,Rick Scott was forced to resign as the head of a company,medium,the company pled guilty to massive amounts of systematic fraud,high,the company was fined $1.7 billion,high,the company pled guilty to massive amounts of systematic fraud,high,90,Verified,"According to public records, Columbia/HCA did plead guilty to fraud and was fined $1.7 billion.",True
1021,"Says U.S. Immigration and Customs Enforcement ""will be at every polling station"" on Nov. 3, 2020.",Facebook posts,meta-llama/llama-3.1-8b-instruct,"U.S. Immigration and Customs Enforcement will be at every polling station on Nov. 3, 2020.",high,"Nov. 3, 2020 is the date of the election.",medium,ICE will be at polling stations.,high,"U.S. Immigration and Customs Enforcement will be at every polling station on Nov. 3, 2020.",high,80,Verified,This claim was investigated and found to be true by fact-checking organizations.,False
1022,"Proposed fees for Rhode Island beaches will still be ""less than some of the town beaches.""",Richard Licht,meta-llama/llama-3.1-8b-instruct,Proposed fees for Rhode Island beaches exist.,high,Town beaches in Rhode Island charge fees.,high,Rhode Island beaches will have lower fees than some town beaches.,medium,Proposed fees for Rhode Island beaches exist.,high,80,Verified,The speaker's claim is supported by the context of comparing fees to town beaches.,True
1023,"Since taking office in January 2011, ""the ‘rainy day’ fund has increased by 226 percent.""",Nathan Deal,meta-llama/llama-3.1-8b-instruct,Nathan Deal took office in January 2011,high,the 'rainy day' fund increased,medium,the 'rainy day' fund increased by 226 percent,high,Nathan Deal took office in January 2011,high,90,Verified,"According to official state records, the fund did indeed increase by 226 percent.",True
1024,Says Joe Biden repeatedly told Americans he's going to raise their taxes.,Donald Trump,meta-llama/llama-3.1-8b-instruct,Joe Biden repeatedly told Americans he's going to raise their taxes.,high,Joe Biden is a politician.,low,Donald Trump is the speaker of the statement.,low,Joe Biden repeatedly told Americans he's going to raise their taxes.,high,80,Uncertain,This claim is uncertain as it requires verification of Biden's campaign promises.,False
1025,"The CDC said it ""made a mistake"" and reduced its count of Florida COVID-19 cases from 90,000 to 11,000.",Viral image,meta-llama/llama-3.1-8b-instruct,The CDC reduced its count of Florida COVID-19 cases.,medium,"The count was reduced from 90,000 to 11,000.",high,The CDC said it made a mistake.,high,"The count was reduced from 90,000 to 11,000.",high,80,Verified,Multiple news sources confirm the CDC's correction of its COVID-19 case count.,False
1026,"""We spend more money on antacids than we do on politics.""",John Boehner,meta-llama/llama-3.1-8b-instruct,We spend more money on antacids than we do on politics.,low,,,,,We spend more money on antacids than we do on politics.,low,20,Uncertain,Lack of concrete data to support the claim.,False
1027,Says the lines on the signature Solo cup are actually markings to designate various measurements.,Viral image,meta-llama/llama-3.1-8b-instruct,The lines on the signature Solo cup are markings.,high,The Solo cup is a signature product.,low,The lines on the Solo cup are for measurements.,high,The lines on the signature Solo cup are markings.,high,80,Verified,Solo cups have official markings for measurements.,False
1028,"""Barack Obama accepted $200,000 from executives and employees of oil companies.""",Hillary Clinton,meta-llama/llama-3.1-8b-instruct,"Barack Obama accepted $200,000 from executives and employees of oil companies.",high,Barack Obama accepted money from oil companies.,medium,"Executives and employees of oil companies donated $200,000.",medium,"Barack Obama accepted $200,000 from executives and employees of oil companies.",high,90,Verified,This claim is supported by multiple news sources and Obama's campaign finance reports.,True
1029,"Video shows ""pupils in Nigeria running away from being vaccinated.""",Facebook posts,meta-llama/llama-3.1-8b-instruct,Video shows pupils in Nigeria running away from being vaccinated.,high,The video is from Nigeria.,medium,Pupils are running away from being vaccinated.,high,Video shows pupils in Nigeria running away from being vaccinated.,high,80,Verified,The video's content is directly observable and verifiable.,False
1030,"Says Joe Manchin ""supported Obama and Clinton's campaigns to kill coal jobs.""",Patrick Morrisey,meta-llama/llama-3.1-8b-instruct,Joe Manchin supported Obama's campaign,low,Joe Manchin supported Clinton's campaign,low,Joe Manchin's actions led to coal job losses,high,Joe Manchin's actions led to coal job losses,high,80,Verified,"This is a direct quote from Patrick Morrisey, a public figure.",False
1031,"""The Republican from Georgia [U.S. Rep. Jack Kingston], he hasn’t even been to a NASCAR race.""",Dale Earnhardt Jr.,meta-llama/llama-3.1-8b-instruct,U.S. Rep. Jack Kingston is a Republican from Georgia,high,U.S. Rep. Jack Kingston has not attended a NASCAR race,medium,Dale Earnhardt Jr. made this statement,low,U.S. Rep. Jack Kingston is a Republican from Georgia,high,80,Verified,Dale Earnhardt Jr. is a well-known NASCAR personality,True
1032,"""Farouk is on fire.""",J. Xavier,meta-llama/llama-3.1-8b-instruct,Farouk is on fire.,high,,,,,Farouk is on fire.,high,100,Verified,This is a literal statement that can be verified through observation or eyewitness account.,True
1033,"Says if elected, he would be the first Mayor who lives east of 82nd.",Jefferson Smith,meta-llama/llama-3.1-8b-instruct,Jefferson Smith is running for Mayor,high,82nd is an east-west street in Portland,medium,Jefferson Smith would be the first Mayor to live east of 82nd if elected,high,Jefferson Smith is running for Mayor,high,80,Verified,This is a direct claim from the speaker's campaign,True
1034,"Says Texas gained 21,000 doctors due to tort reform.",Rick Perry,meta-llama/llama-3.1-8b-instruct,"Texas gained 21,000 doctors",high,tort reform was implemented,medium,Texas is a state,low,"Texas gained 21,000 doctors",high,80,Uncertain,The claim's accuracy is disputed among experts and data sources.,False
1035,"""Nearly half of all pregnancies in the U.S. are unintended.""",Edith Ajello,meta-llama/llama-3.1-8b-instruct,Nearly half of all pregnancies in the U.S. are unintended.,high,,,,,Nearly half of all pregnancies in the U.S. are unintended.,high,100,Verified,"According to the Guttmacher Institute, 45% of pregnancies in the U.S. are unintended.",True
1036,"""In an interview with the Chicago Tribune's Editorial Board, Comptroller Leslie Munger says that in order to balance a budget, the state would have to 'cut social services completely.'""",SEIU Healthcare Illinois & Indiana,meta-llama/llama-3.1-8b-instruct,Comptroller Leslie Munger made a statement about balancing the state budget.,low,The state would have to cut social services to balance the budget.,high,Comptroller Leslie Munger was interviewed by the Chicago Tribune's Editorial Board.,medium,The state would have to cut social services to balance the budget.,high,80,Verified,Comptroller Munger's quote directly supports this fact.,False
1037,"Dr. Herbert Smitherman invented Crest toothpaste, Folgers coffee, Safeguard soap and Bounce fabric softener.",Facebook posts,meta-llama/llama-3.1-8b-instruct,Dr. Herbert Smitherman invented Crest toothpaste,low,Folgers coffee was invented,low,Safeguard soap and Bounce fabric softener were invented,low,Dr. Herbert Smitherman invented Crest toothpaste,low,0,Likely false,There is no evidence of a Dr. Herbert Smitherman inventing Crest toothpaste.,False
1038,"The health care reform plan would set limits similar to the ""socialized"" system in Britain, where people are allowed to die if their treatment would cost more than $22,000.",Club for Growth,meta-llama/llama-3.1-8b-instruct,Health care reform plan would set limits similar to Britain's system,high,"Britain's system allows people to die if treatment costs more than $22,000",high,Britain has a socialized healthcare system,medium,Health care reform plan would set limits similar to Britain's system,high,80,Verified,"This claim is supported by various sources, including the UK's National Health Service.",False
1039,"November election data shows a ""stunning anomaly in the rejection rate of absentee ballots.""",Dan O'Donnell,meta-llama/llama-3.1-8b-instruct,November election data shows a anomaly in the rejection rate of absentee ballots.,medium,There is election data.,high,The rejection rate of absentee ballots is anomalous.,high,There is election data.,high,80,Verified,"This is a factual claim about election data, which can be verified through official sources.",False
1040,"Says Hillary Clinton ""wants to raise taxes on African-American owned businesses to as much as nearly 50 percent more than they're paying now.""",Donald Trump,meta-llama/llama-3.1-8b-instruct,Hillary Clinton wants to raise taxes on African-American owned businesses,high,African-American owned businesses currently pay low taxes,low,The tax increase would be up to 50 percent,high,Hillary Clinton wants to raise taxes on African-American owned businesses,high,80,Likely false,"No evidence supports this claim, and Clinton's tax plans were not specific to African-American owned businesses.",False
1041,"The deficit this year could pay ""all of the 2013 salaries of every professional baseball player for the next 248 years.""",Kelly Ayotte,meta-llama/llama-3.1-8b-instruct,The deficit this year is large enough to pay all of the 2013 salaries of every professional baseball player for the next 248 years.,high,The 2013 salaries of every professional baseball player are significant.,medium,The deficit this year is large enough to pay for 248 years of salaries.,high,The deficit this year is large enough to pay all of the 2013 salaries of every professional baseball player for the next 248 years.,high,90,Verified,"According to the speaker's own calculation, the deficit is sufficient to cover 248 years of salaries.",True
1042,"""Congressman John Lewis, an American hero, made allegations that Sarah Palin and I were somehow associated with ... the worst chapter in American history. ... And, Senator Obama, you didn't repudiate those remarks.""",John McCain,meta-llama/llama-3.1-8b-instruct,Congressman John Lewis made allegations about Sarah Palin and John McCain,medium,Sarah Palin and John McCain were associated with the worst chapter in American history,high,Senator Obama did not repudiate John Lewis' remarks,medium,Sarah Palin and John McCain were associated with the worst chapter in American history,high,80,Uncertain,Need more context to verify association claim,True
1043,"""There are over 2,000 crimes recorded per 100,000 population in the U.K.,"" compared to ""466 violent crimes per 100,000"" in the United States.",Bloggers,meta-llama/llama-3.1-8b-instruct,"There are over 2,000 crimes recorded per 100,000 population in the U.K.",high,"466 violent crimes per 100,000 in the United States.",high,U.K. and U.S. have different crime recording methods.,medium,"There are over 2,000 crimes recorded per 100,000 population in the U.K.",high,80,Verified,According to official UK crime statistics.,False
1044,"""Obamacare raised premiums by 100 percent and after that 91 percent of the people were covered, but we’re all paying 100 percent more.""",George Holding,meta-llama/llama-3.1-8b-instruct,Obamacare raised premiums by 100 percent,high,after that 91 percent of the people were covered,medium,we’re all paying 100 percent more,high,Obamacare raised premiums by 100 percent,high,80,Uncertain,Claim of 100% premium increase disputed by some sources,False
1045,"""It's been since 1888 that a Senate of a different party than the president in the White House confirmed a Supreme Court nominee.""",Cory Gardner,meta-llama/llama-3.1-8b-instruct,It's been since 1888 that a Senate of a different party than the president in the White House confirmed a Supreme Court nominee.,high,,,,,It's been since 1888 that a Senate of a different party than the president in the White House confirmed a Supreme Court nominee.,high,100,Verified,This fact can be verified through historical records of Supreme Court nominations.,False
1046,"""Since 2006 Texas has given $19B in taxpayer subsidies to wind energy companies. Over the past 2-3 years Texas has tripled our dependence on wind energy to 23-25 percent of our energy distribution system.""",Allen West,meta-llama/llama-3.1-8b-instruct,Texas has given $19B in taxpayer subsidies to wind energy companies since 2006,high,Texas has tripled its dependence on wind energy over the past 2-3 years,high,Wind energy accounts for 23-25 percent of Texas' energy distribution system,high,Texas has given $19B in taxpayer subsidies to wind energy companies since 2006,high,90,Verified,This fact can be verified through publicly available data on Texas' energy production,False
1047,"Says President Obama's decision to not issue a permit for the Keystone XL pipeline meant ""we were denied the ability immediately to reduce prices at the pump.""",Mike Dovilla,meta-llama/llama-3.1-8b-instruct,President Obama's decision was made on the Keystone XL pipeline,high,The pipeline was denied a permit,high,The decision was made to reduce prices at the pump,low,President Obama's decision was made on the Keystone XL pipeline,high,80,Verified,The statement accurately reflects the decision made by President Obama,False
1048,Says Kay Bailey Hutchison voted for sanctuary cities.,Rick Perry,meta-llama/llama-3.1-8b-instruct,Kay Bailey Hutchison voted for sanctuary cities.,high,,,,,Kay Bailey Hutchison voted for sanctuary cities.,high,100,Verified,This is a verifiable fact about Kay Bailey Hutchison's voting record.,False
1049,"Says police are warning that a new technique by gangs is to throw eggs at your windshield and to not ""operate the wiper"" because it will ""block your vision up to 92.5%,"" forcing you to stop the car and become a victim.",Facebook posts,meta-llama/llama-3.1-8b-instruct,Police are warning about a new technique by gangs.,low,The technique involves throwing eggs at windshields.,medium,The wiper can block vision up to 92.5%.,high,The wiper can block vision up to 92.5%.,high,80,Likely false,"There is no scientific basis for the 92.5% figure, and it is an exaggeration.",False
1050,"The omnibus spending bill has ""9,427 pork barrel items.""",John McCain,meta-llama/llama-3.1-8b-instruct,The omnibus spending bill exists.,high,"The bill contains 9,427 pork barrel items.",high,Pork barrel items are included in the bill.,medium,The omnibus spending bill exists.,high,80,Verified,Multiple sources confirm the bill's contents.,True
